url,type,category,issue,details
https://www.settleloans.in/,warning,Technical,Canonical URL Different,Canonical points to: https://www.settleloans.in
https://www.settleloans.in/personal-loan-settlement-lawyer,warning,SEO,Title Too Long,Title is 65 characters (recommended: ≤60)
https://www.settleloans.in/personal-loan-settlement-company,warning,SEO,Title Too Long,Title is 68 characters (recommended: ≤60)
https://www.settleloans.in/personal-loan-settlement-company,warning,Technical,Canonical URL Different,Canonical points to: https://settleloan.in/personal-loan-settlement-company
https://www.settleloans.in/sample-letter-to-bank-for-loan,warning,Technical,Missing Canonical URL,Page has no canonical URL specified
https://www.settleloans.in/loc-cant-be-issues-for-mere-bank-loan-default-delhi-high-court,warning,Technical,Missing Canonical URL,Page has no canonical URL specified
https://www.settleloans.in/unsecured-personal-loan-definition,warning,Technical,Missing Canonical URL,Page has no canonical URL specified
https://www.settleloans.in/top-10-instant-loan-apps-revolutionizing-access-to-credit-in-india,warning,Technical,Missing Canonical URL,Page has no canonical URL specified
https://www.settleloans.in/trading-loan-settlement,warning,Technical,Missing Canonical URL,Page has no canonical URL specified
https://www.settleloans.in/bank-loan-settlement-rules,warning,Technical,Missing Canonical URL,Page has no canonical URL specified
https://www.settleloans.in/bank-loan-settlement-guidelines,warning,Technical,Missing Canonical URL,Page has no canonical URL specified
https://www.settleloans.in/contact,warning,Content,Thin Content,Page has only 168 words (recommended: ≥300)
https://www.settleloans.in/contact,warning,Technical,Missing Canonical URL,Page has no canonical URL specified
https://www.settleloans.in/missed-your-loan-emi-heres-what-to-do,warning,SEO,Title Too Long,Title is 65 characters (recommended: ≤60)
https://www.settleloans.in/loan-settlement/noida,warning,SEO,Title Too Long,Title is 77 characters (recommended: ≤60)
https://www.settleloans.in/credit-score-improvement,warning,SEO,Title Too Long,Title is 73 characters (recommended: ≤60)
https://www.settleloans.in/dont-have-job-cant-pay-emi,warning,SEO,Title Too Long,Title is 64 characters (recommended: ≤60)
https://www.settleloans.in/punishment-for-non-payment-of-personal-loan-in-india,warning,Technical,Missing Canonical URL,Page has no canonical URL specified
https://www.settleloans.in/how-do-loan-recovery-agents-get-my-details-when-my-friend-defaults-to-pay-and-call-me-asking-for-his-information,warning,SEO,Title Too Long,Title is 68 characters (recommended: ≤60)
https://www.settleloans.in/best-lawyer-for-company-loan-matters,warning,SEO,Meta Description Too Long,Description is 162 characters (recommended: ≤160)
https://www.settleloans.in/best-lawyer-for-company-loan-matters,warning,Technical,Missing Canonical URL,Page has no canonical URL specified
https://www.settleloans.in/best-lawyer-for-msme-and-business-loans,warning,Technical,Missing Canonical URL,Page has no canonical URL specified
https://www.settleloans.in/best-lawyer-for-documentation-review-of-loan-agreement,warning,Technical,Missing Canonical URL,Page has no canonical URL specified
https://www.settleloans.in/best-lawyer-for-loan-recovery-documentation,warning,Technical,Missing Canonical URL,Page has no canonical URL specified
https://www.settleloans.in/best-lawyer-for-arc-loan-assignment-dispute,warning,Technical,Missing Canonical URL,Page has no canonical URL specified
https://www.settleloans.in/best-lawyer-for-account-documents-drt,warning,Technical,Missing Canonical URL,Page has no canonical URL specified
https://www.settleloans.in/drt-lawyer-in-mumbai-loan-recovery,warning,Technical,Missing Canonical URL,Page has no canonical URL specified
https://www.settleloans.in/best-lawyer-for-personal-loans,warning,Technical,Missing Canonical URL,Page has no canonical URL specified
https://www.settleloans.in/best-lawyer-for-MSME-personal-loan,warning,Technical,Missing Canonical URL,Page has no canonical URL specified
https://www.settleloans.in/best-lawyer-for-MSME-loan-recovery-defence,warning,Technical,Missing Canonical URL,Page has no canonical URL specified
https://www.settleloans.in/best-lawyer-to-challenge-loan-assignment-to-arc,warning,Technical,Missing Canonical URL,Page has no canonical URL specified
https://www.settleloans.in/best-lawyer-for-unsecured-loan,warning,Technical,Missing Canonical URL,Page has no canonical URL specified
https://www.settleloans.in/best-lawyer-for-secured-loan-litigation-drt,warning,Technical,Missing Canonical URL,Page has no canonical URL specified
https://www.settleloans.in/best-lawyer-for-car-loan-settlement,warning,Technical,Missing Canonical URL,Page has no canonical URL specified
https://www.settleloans.in/best-lawyer-for-loan-against-property-settlement,warning,Technical,Missing Canonical URL,Page has no canonical URL specified
https://www.settleloans.in/best-lawyer-for-education-loan-settlement,warning,Technical,Missing Canonical URL,Page has no canonical URL specified
https://www.settleloans.in/best-lawyer-for-loan-and-mortgage-agreements,warning,Technical,Missing Canonical URL,Page has no canonical URL specified
https://www.settleloans.in/best-lawyer-for-loan-recovery-cases,warning,Technical,Missing Canonical URL,Page has no canonical URL specified
https://www.settleloans.in/best-lawyer-for-bank-harassment-for-loan,warning,Technical,Missing Canonical URL,Page has no canonical URL specified
https://www.settleloans.in/best-lawyer-for-loan-contract,warning,Technical,Missing Canonical URL,Page has no canonical URL specified
https://www.settleloans.in/loan-settlement-amount-calculator,warning,Technical,Missing Canonical URL,Page has no canonical URL specified
https://www.settleloans.in/what-steps-should-i-take-before-negotiating-a-loan-settlement-with-my-lender,warning,Technical,Missing Canonical URL,Page has no canonical URL specified
https://www.settleloans.in/best-lawyer-for-home-loan-settlement,warning,Technical,Missing Canonical URL,Page has no canonical URL specified
https://www.settleloans.in/what-happens-if-loan-emi-not-paid,warning,Technical,Missing Canonical URL,Page has no canonical URL specified
https://www.settleloans.in/loan-settlement-process-in-india,warning,Technical,Missing Canonical URL,Page has no canonical URL specified
https://www.settleloans.in/loan-settlement-rules-india,warning,Technical,Missing Canonical URL,Page has no canonical URL specified
https://www.settleloans.in/gold-loan-settlement-process,warning,Technical,Missing Canonical URL,Page has no canonical URL specified
https://www.settleloans.in/gold-loan-interest-in-india,warning,Technical,Missing Canonical URL,Page has no canonical URL specified
https://www.settleloans.in/gold-loan-near-me,warning,Technical,Missing Canonical URL,Page has no canonical URL specified
https://www.settleloans.in/legal-help-for-loan-settlement,warning,Technical,Missing Canonical URL,Page has no canonical URL specified
https://www.settleloans.in/legal-notice-for-loan-recovery,warning,Technical,Missing Canonical URL,Page has no canonical URL specified
https://www.settleloans.in/how-to-initiate-a-loan-settlement-request-through-a-banks-online-portal,warning,SEO,Title Too Long,Title is 75 characters (recommended: ≤60)
https://www.settleloans.in/can-i-convert-settled-to-closed-later,warning,SEO,Title Too Long,Title is 70 characters (recommended: ≤60)
https://www.settleloans.in/can-recovery-agents-call-family-colleagues,warning,Technical,Missing Canonical URL,Page has no canonical URL specified
https://www.settleloans.in/which-bank-provide-personal-loan-for-cibil-defaulters,warning,Technical,Missing Canonical URL,Page has no canonical URL specified
https://www.settleloans.in/how-to-improve-cibil-score-after-loan-settlement,warning,Technical,Missing Canonical URL,Page has no canonical URL specified
https://www.settleloans.in/loan-settlement-vs-repayment,warning,Technical,Missing Canonical URL,Page has no canonical URL specified
https://www.settleloans.in/does-foreclosure-of-loan-affect-cibil,warning,Technical,Missing Canonical URL,Page has no canonical URL specified
https://www.settleloans.in/rbi-july-2026-recovery-guidelines,warning,Technical,Missing Canonical URL,Page has no canonical URL specified
https://www.settleloans.in/loan-settlement-vs-loan-restructuring-which-is-better,warning,Technical,Missing Canonical URL,Page has no canonical URL specified
https://www.settleloans.in/unsecured-loan-settlement-process-for-nris-in-india,warning,Technical,Missing Canonical URL,Page has no canonical URL specified
https://www.settleloans.in/loan-guarantor-legal-liability-when-primary-borrower-defaults-in-india,warning,Technical,Missing Canonical URL,Page has no canonical URL specified
https://www.settleloans.in/does-my-personal-loan-default-affect-my-spouse-husband-or-wife-cibil-score,warning,SEO,Title Too Long,Title is 70 characters (recommended: ≤60)
https://www.settleloans.in/best-lawyer-for-business-loan-settlement,warning,Technical,Missing Canonical URL,Page has no canonical URL specified
https://www.settleloans.in/best-lawyer-for-home-loan-check-bounce-case,warning,Technical,Missing Canonical URL,Page has no canonical URL specified
https://www.settleloans.in/debt-consolidation-loan-eligibility,warning,Technical,Missing Canonical URL,Page has no canonical URL specified
https://www.settleloans.in/does-director-personal-loan-default-affect-company-msme-business-loan-eligibility,warning,SEO,Title Too Long,Title is 85 characters (recommended: ≤60)
https://www.settleloans.in/loan-settlement-by-bank,warning,Technical,Missing Canonical URL,Page has no canonical URL specified
https://www.settleloans.in/loan-settlement-by-city,warning,Technical,Missing Canonical URL,Page has no canonical URL specified
https://www.settleloans.in/can-bank-recover-spouses-loan-default-from-my-separate-salary-account,warning,SEO,Title Too Long,Title is 61 characters (recommended: ≤60)
https://www.settleloans.in/can-bank-freeze-company-current-account-for-directors-personal-loan-default,warning,SEO,Title Too Long,Title is 83 characters (recommended: ≤60)
https://www.settleloans.in/can-bank-deduct-loan-emi-from-minor-child-bank-account-for-parents-default,warning,SEO,Title Too Long,Title is 63 characters (recommended: ≤60)
https://www.settleloans.in/business-loan-foreclosure-letter,warning,SEO,Meta Description Too Long,Description is 171 characters (recommended: ≤160)
https://www.settleloans.in/authors/ashish-jhangra,warning,Technical,Missing Canonical URL,Page has no canonical URL specified
https://www.settleloans.in/personal-loan-settlement,warning,Technical,Canonical URL Different,Canonical points to: https://www.settleloans.in/services/personal-loan-settlement
https://www.settleloans.in/business-loan-recovery-process,warning,Technical,Canonical URL Different,Canonical points to: https://www.settleloans.in/flexiloans-business-loan-settlement-process
https://www.settleloans.in/pnb-personal-loan-settlement,warning,Technical,Canonical URL Different,Canonical points to: https://www.settleloans.in/pnb-personal-loan-settlement-process
https://www.settleloans.in/credit-card-debt-settlement-process,warning,Technical,Canonical URL Different,Canonical points to: https://www.settleloans.in/services/credit-card-settlement
https://www.settleloans.in/it-professional-debt-settlement-guide,warning,Technical,Canonical URL Different,Canonical points to: https://www.settleloans.in/it-professionals-personal-loan-debt-settlement
https://www.settleloans.in/recovery-agent-threatening-me,warning,Technical,Canonical URL Different,Canonical points to: https://www.settleloans.in/bank-recovery-agent-threatening-me
https://www.settleloans.in/remove-settled-status-from-cibil,warning,SEO,Title Too Long,Title is 71 characters (recommended: ≤60)
https://www.settleloans.in/minimum-cibil-score-for-personal-loan,warning,Performance,Moderate Response Time,Page took 1010.65ms to respond (recommended: <1000ms)
https://www.settleloans.in/federal-bank-loan-settlement,warning,Technical,Canonical URL Different,Canonical points to: https://www.settleloans.in/federal-bank-loan-settlement-process
https://www.settleloans.in/stop-recovery-agent-harassment,warning,Technical,Canonical URL Different,Canonical points to: https://www.settleloans.in/how-to-stop-loan-recovery-harassment
https://www.settleloans.in/bank-filed-fir-for-loan-default-reality-check,warning,Technical,Canonical URL Different,Canonical points to: https://www.settleloans.in/bank-fir-for-loan-default-reality-check
https://www.settleloans.in/best-personal-loan-settlement-company,warning,SEO,Title Too Long,Title is 68 characters (recommended: ≤60)
https://www.settleloans.in/best-personal-loan-settlement-company,warning,Technical,Canonical URL Different,Canonical points to: https://settleloan.in/personal-loan-settlement-company
https://www.settleloans.in/personal-loan-settlement-process,warning,Technical,Canonical URL Different,Canonical points to: https://www.settleloans.in/services/personal-loan-settlement
https://www.settleloans.in/credit-card-settlement-process,warning,Technical,Canonical URL Different,Canonical points to: https://www.settleloans.in/services/credit-card-settlement
https://www.settleloans.in/credit-card-settlement-process-india,warning,Technical,Canonical URL Different,Canonical points to: https://www.settleloans.in/services/credit-card-settlement
https://www.settleloans.in/how-to-stop-recovery-agents,warning,Technical,Canonical URL Different,Canonical points to: https://www.settleloans.in/how-to-stop-loan-recovery-harassment
https://www.settleloans.in/personal-loan-settlement-services,warning,SEO,Title Too Long,Title is 63 characters (recommended: ≤60)
https://www.settleloans.in/personal-loan-settlement-services,warning,SEO,Meta Description Too Long,Description is 175 characters (recommended: ≤160)
https://www.settleloans.in/personal-loan-settlement-services,warning,Technical,Canonical URL Different,Canonical points to: https://settleloan.in/personal-loan-settlement-services
https://www.settleloans.in/20-lakh-personal-loan-settlement,warning,Technical,Canonical URL Different,Canonical points to: https://www.settleloans.in/10-lakh-personal-loan-settlement
https://www.settleloans.in/legal-notice-for-loan-default,warning,Technical,Missing Canonical URL,Page has no canonical URL specified
https://www.settleloans.in/lok-adalat-loan-settlement,warning,Technical,Canonical URL Different,Canonical points to: https://www.settleloans.in/lok-adalat-me-loan-settlement-kaise-kare
https://www.settleloans.in/unsecured-loan-settlement,warning,Technical,Canonical URL Different,Canonical points to: https://www.settleloans.in/unsecured-business-loan-settlement
https://www.settleloans.in/how-to-remove-settled-status-from-cibil,warning,SEO,Title Too Long,Title is 71 characters (recommended: ≤60)
https://www.settleloans.in/how-to-remove-settled-status-from-cibil,warning,Technical,Canonical URL Different,Canonical points to: https://www.settleloans.in/remove-settled-status-from-cibil
https://www.settleloans.in/services,warning,Technical,Canonical URL Different,Canonical points to: https://www.settleloans.in
https://www.settleloans.in/credit-card-settlement,warning,Technical,Canonical URL Different,Canonical points to: https://www.settleloans.in/services/credit-card-settlement
https://www.settleloans.in/contact-us,warning,Content,Thin Content,Page has only 168 words (recommended: ≥300)
https://www.settleloans.in/contact-us,warning,Technical,Missing Canonical URL,Page has no canonical URL specified
https://www.settleloans.in/resources,warning,Technical,Missing Canonical URL,Page has no canonical URL specified
https://www.settleloans.in/guidelines,warning,Technical,Missing Canonical URL,Page has no canonical URL specified
https://www.settleloans.in/loan-settlement/bangalore,warning,Technical,Canonical URL Different,Canonical points to: https://www.settleloans.in/loan-settlement/bengaluru
https://www.settleloans.in/services/anti-harassment,warning,Technical,Canonical URL Different,Canonical points to: https://www.settleloans.in/ignoring-calls-of-recovery-agent
https://www.settleloans.in/services/credit-score-improvement,warning,SEO,Title Too Long,Title is 73 characters (recommended: ≤60)
https://www.settleloans.in/services/credit-score-improvement,warning,Technical,Canonical URL Different,Canonical points to: https://www.settleloans.in/credit-score-improvement
https://www.settleloans.in/eligibility-checker-for-loan-settlement,warning,Technical,Canonical URL Different,Canonical points to: https://www.settleloans.in/what-are-the-eligibility-criteria-for-loan-settlement-programs-by-lending-platforms
https://www.settleloans.in/faqs/what-is-loan-settlement-process-in-india,warning,Technical,Missing Canonical URL,Page has no canonical URL specified
https://www.settleloans.in/faqs/loan-settlement-letter-format-india,warning,Technical,Canonical URL Different,Canonical points to: https://www.settleloans.in/loan-settlement-letter-format-noc-format
https://www.settleloans.in/dealing-with-harassment,warning,Technical,Canonical URL Different,Canonical points to: https://www.settleloans.in/how-to-stop-loan-recovery-harassment
https://www.settleloans.in/settle-loan-legally,warning,Technical,Canonical URL Different,Canonical points to: https://www.settleloans.in/startup-loan-legal-advisory
https://www.settleloans.in/filing-defamation-cases,warning,Content,Thin Content,Page has only 186 words (recommended: ≥300)
https://www.settleloans.in/filing-defamation-cases,error,Technical,404 Client Error,Not Found
https://www.settleloans.in/filing-defamation-cases,warning,Technical,Missing Canonical URL,Page has no canonical URL specified
https://www.settleloans.in/is-is-possible-to-settle-joint-loan,warning,Technical,Canonical URL Different,Canonical points to: https://www.settleloans.in/faqs/is-it-possible-to-settle-a-joint-loan-and-what-are-the-implications-for-co-borrowers
https://www.settleloans.in/can-i-get-loan-after-settlement,warning,Technical,Canonical URL Different,Canonical points to: https://www.settleloans.in/faqs/can-i-get-loan-after-settlement
https://www.settleloans.in/is-loan-settlement-a-good-option,warning,Technical,Canonical URL Different,Canonical points to: https://www.settleloans.in/is-loan-settlement-a-good-option-for-borrowers
https://www.settleloans.in/top-rated-loan-settlement-consultants-for-small-business-loans-page,warning,Technical,Canonical URL Different,Canonical points to: https://www.settleloans.in/top-rated-loan-settlement-consultants-for-small-business-loans
https://www.settleloans.in/harassment-by-recovery-agents,warning,Technical,Canonical URL Different,Canonical points to: https://www.settleloans.in/how-to-stop-loan-recovery-harassment
https://www.settleloans.in/how-to-stop-e-auction-by-bank,warning,Technical,Canonical URL Different,Canonical points to: https://www.settleloans.in/auction-notice-challenge
https://www.settleloans.in/npa-loan-settlement-process,warning,Technical,Missing Canonical URL,Page has no canonical URL specified
https://www.settleloans.in/how-to-stop-recovery-agent-home-visit,warning,Technical,Canonical URL Different,Canonical points to: https://www.settleloans.in/recovery-agent-home-visit-rules
https://www.settleloans.in/best-lawyer-for-loan-recovery-defence,warning,Technical,Canonical URL Different,Canonical points to: https://www.settleloans.in/best-lawyer-for-bank-loan-recovery-defence
https://www.settleloans.in/how-to-remove-loan-default-from-cibil-finances-india,warning,SEO,Title Too Long,Title is 73 characters (recommended: ≤60)
https://www.settleloans.in/how-to-remove-loan-default-from-cibil-finances-india,warning,Technical,Canonical URL Different,Canonical points to: https://www.settleloans.in/credit-score-improvement
https://www.settleloans.in/how-to-handle-a-loan-settlement-by-yourself-a-brief-guide,warning,Technical,Canonical URL Different,Canonical points to: https://www.settleloans.in/can-i-settle-my-loan-without-a-lawyer
https://www.settleloans.in/how-to-stop-harassment-by-loan-collection-agents-in-india,warning,Technical,Canonical URL Different,Canonical points to: https://www.settleloans.in/how-to-stop-loan-recovery-harassment
https://www.settleloans.in/what-to-do-when-recovery-agent-calls-you,warning,Technical,Canonical URL Different,Canonical points to: https://www.settleloans.in/recovery-agents-threatening-me-what-to-do
https://www.settleloans.in/personal-loan-recovery-process-by-banks-in-india,warning,Technical,Missing Canonical URL,Page has no canonical URL specified
https://www.settleloans.in/what-is-one-time-settlement-ots-in-banking,warning,Technical,Missing Canonical URL,Page has no canonical URL specified
https://www.settleloans.in/how-to-rebuild-credit-score-after-loan-settlement,warning,SEO,Title Too Long,Title is 73 characters (recommended: ≤60)
https://www.settleloans.in/how-to-rebuild-credit-score-after-loan-settlement,warning,Technical,Canonical URL Different,Canonical points to: https://www.settleloans.in/credit-score-improvement
https://www.settleloans.in/negotiation-tactics-for-debt-settlement,warning,Technical,Canonical URL Different,Canonical points to: https://www.settleloans.in/find-debt-settlement-services-known-for-effective-negotiation
https://www.settleloans.in/debt-restructuring-vs-settlement,warning,Technical,Canonical URL Different,Canonical points to: https://www.settleloans.in/compare-different-debt-management-and-settlement-programs-available-to-indian-consumers
https://www.settleloans.in/how-to-negotiate-personal-loan-settlement,warning,Technical,Canonical URL Different,Canonical points to: https://www.settleloans.in/faqs/how-to-negotiate-personal-loan-settlement
https://www.settleloans.in/loan-settlement-process-step-by-step-guide,warning,Technical,Missing Canonical URL,Page has no canonical URL specified
https://www.settleloans.in/loan-settlement-fees-and-success-rates-in-india,warning,Technical,Canonical URL Different,Canonical points to: https://www.settleloans.in/compare-debt-settlement-fees-and-success-rate
https://www.settleloans.in/medical-emergency-loan-settlement,warning,Technical,Canonical URL Different,Canonical points to: https://www.settleloans.in/loan-settlement-during-medical-emergency
https://www.settleloans.in/how-to-initiate-a-full-and-final-settlement-discussion-with-my-bank,warning,Technical,Canonical URL Different,Canonical points to: https://www.settleloans.in/how-can-i-initiate-a-full-and-final-settlement-discussion-with-my-bank
https://www.settleloans.in/ots-loan-settlement-process,warning,Technical,Missing Canonical URL,Page has no canonical URL specified
https://www.settleloans.in/services/how-to-stop-recovery-agent-harassment,warning,Technical,Canonical URL Different,Canonical points to: https://www.settleloans.in/how-to-stop-loan-recovery-harassment
https://www.settleloans.in/services/cibil-score-after-loan-settlement,warning,Technical,Missing Canonical URL,Page has no canonical URL specified
https://www.settleloans.in/services/credit-card-settlement-process,warning,Technical,Canonical URL Different,Canonical points to: https://www.settleloans.in/services/credit-card-settlement
https://www.settleloans.in/services/rbi-guidelines-for-loan-defaulters,warning,Technical,Canonical URL Different,Canonical points to: https://www.settleloans.in/top-10-rbi-rules-for-loan-defaulters-rights
https://www.settleloans.in/services/cibil-repair,warning,SEO,Title Too Long,Title is 73 characters (recommended: ≤60)
https://www.settleloans.in/services/cibil-repair,warning,Technical,Canonical URL Different,Canonical points to: https://www.settleloans.in/credit-score-improvement
https://www.settleloans.in/blog/credit-card-default,warning,Technical,Canonical URL Different,Canonical points to: https://www.settleloans.in/legal-action-for-credit-card-default
https://www.settleloans.in/faq,warning,Technical,Missing Canonical URL,Page has no canonical URL specified
https://www.settleloans.in/stop-bank-harassment,warning,Technical,Canonical URL Different,Canonical points to: https://www.settleloans.in/how-to-stop-loan-recovery-harassment
https://www.settleloans.in/blog,warning,Technical,Canonical URL Different,Canonical points to: https://www.settleloans.in
https://www.settleloans.in/legal-notices,warning,Technical,Canonical URL Different,Canonical points to: https://www.settleloans.in/personal-loan-legal-notice
https://www.settleloans.in/blog/negotiate-late-payment-fees,warning,Content,Thin Content,Page has only 186 words (recommended: ≥300)
https://www.settleloans.in/blog/negotiate-late-payment-fees,error,Technical,404 Client Error,Not Found
https://www.settleloans.in/blog/negotiate-late-payment-fees,warning,Technical,Missing Canonical URL,Page has no canonical URL specified
https://www.settleloans.in/blog/rbi-guidelines-for-recovery-agents,warning,Technical,Canonical URL Different,Canonical points to: https://www.settleloans.in/rbi-rules-for-recovery-agents
https://www.settleloans.in/blog/what-is-loan-settlement,warning,Technical,Canonical URL Different,Canonical points to: https://www.settleloans.in/what-is-personal-loan-settlement
https://www.settleloans.in/blog/fake-legal-notice-format,warning,Technical,Canonical URL Different,Canonical points to: https://www.settleloans.in/bank-sent-legal-notice-for-loan-what-to-do
https://www.settleloans.in/blog/138-ni-act-cheque-bounce,warning,Technical,Canonical URL Different,Canonical points to: https://www.settleloans.in/cheque-bounce
https://www.settleloans.in/legal-guides,warning,Technical,Missing Canonical URL,Page has no canonical URL specified
https://www.settleloans.in/sarfaesi-act-guidelines,warning,Technical,Canonical URL Different,Canonical points to: https://www.settleloans.in/auction-notice-challenge
https://www.settleloans.in/how-to-settle-personal-loan,warning,Technical,Canonical URL Different,Canonical points to: https://www.settleloans.in/faqs/how-to-settle-loan
https://www.settleloans.in/dealing-with-recovery-agents,warning,Technical,Canonical URL Different,Canonical points to: https://www.settleloans.in/ignoring-calls-of-recovery-agent
https://www.settleloans.in/credit-card-default-legal-action,warning,Technical,Canonical URL Different,Canonical points to: https://www.settleloans.in/credit-card-partial-payment
https://www.settleloans.in/how-does-settlement-affect-cibil,warning,Technical,Canonical URL Different,Canonical points to: https://www.settleloans.in/does-settlement-impact-a-co-borrower
https://www.settleloans.in/can-banks-sue-for-unpaid-loans,warning,Technical,Canonical URL Different,Canonical points to: https://www.settleloans.in/can-bank-file-case-for-personal-loan
https://www.settleloans.in/rbi-guidelines-for-loan-recovery-agents-in-india,warning,Technical,Canonical URL Different,Canonical points to: https://www.settleloans.in/rbi-rules-for-recovery-agents
https://www.settleloans.in/legal-notice-for-personal-loan-default,warning,Technical,Canonical URL Different,Canonical points to: https://www.settleloans.in/lok-adalat-notice-for-personal-loan
https://www.settleloans.in/harassment-by-recovery-agents-rights,warning,Technical,Canonical URL Different,Canonical points to: https://www.settleloans.in/can-recovery-agents-come-home
https://www.settleloans.in/settlement-impact-on-cibil-score,warning,Technical,Canonical URL Different,Canonical points to: https://www.settleloans.in/does-settlement-impact-a-co-borrower
https://www.settleloans.in/sarfaesi-act-property-auction,warning,Technical,Canonical URL Different,Canonical points to: https://www.settleloans.in/sarfaesi-act-bajaj-finance-property-action-notice
https://www.settleloans.in/legal-rights,warning,Technical,Canonical URL Different,Canonical points to: https://www.settleloans.in/how-to-stop-loan-recovery-harassment
https://www.settleloans.in/rbi-guidelines-for-loan-recovery-agents,warning,Technical,Canonical URL Different,Canonical points to: https://www.settleloans.in/rbi-rules-for-recovery-agents
https://www.settleloans.in/how-to-deal-with-loan-recovery-agents,warning,Technical,Canonical URL Different,Canonical points to: https://www.settleloans.in/how-to-stop-loan-recovery-harassment
https://www.settleloans.in/defamation-by-recovery-agents,warning,Technical,Canonical URL Different,Canonical points to: https://www.settleloans.in/how-to-identify-fake-recovery-agents
https://www.settleloans.in/what-to-do-when-you-receive-sarfaesi-act-section-13-4-possession-notice,warning,Content,Thin Content,Page has only 186 words (recommended: ≥300)
https://www.settleloans.in/what-to-do-when-you-receive-sarfaesi-act-section-13-4-possession-notice,error,Technical,404 Client Error,Not Found
https://www.settleloans.in/what-to-do-when-you-receive-sarfaesi-act-section-13-4-possession-notice,warning,Technical,Missing Canonical URL,Page has no canonical URL specified
https://www.settleloans.in/how-to-file-securitisation-application-under-section-17-of-sarfaesi,warning,Content,Thin Content,Page has only 186 words (recommended: ≥300)
https://www.settleloans.in/how-to-file-securitisation-application-under-section-17-of-sarfaesi,error,Technical,404 Client Error,Not Found
https://www.settleloans.in/how-to-file-securitisation-application-under-section-17-of-sarfaesi,warning,Technical,Missing Canonical URL,Page has no canonical URL specified
https://www.settleloans.in/drt-stay-order-rules-and-deposit-requirements,warning,Content,Thin Content,Page has only 186 words (recommended: ≥300)
https://www.settleloans.in/drt-stay-order-rules-and-deposit-requirements,error,Technical,404 Client Error,Not Found
https://www.settleloans.in/drt-stay-order-rules-and-deposit-requirements,warning,Technical,Missing Canonical URL,Page has no canonical URL specified
https://www.settleloans.in/home-loan-settlement-process-before-auction,warning,Technical,Canonical URL Different,Canonical points to: https://www.settleloans.in/cashe-loan-settlement-process
https://www.settleloans.in/sarfaesi-act-notice,warning,Technical,Canonical URL Different,Canonical points to: https://www.settleloans.in/how-to-reply-sarfaesi-notice
https://www.settleloans.in/drt-lawyer,warning,Technical,Canonical URL Different,Canonical points to: https://www.settleloans.in/best-lawyer-for-drt-case-defence-for-bank-loan-recovery
https://www.settleloans.in/how-to-reply-to-section-138-notice,warning,Content,Thin Content,Page has only 186 words (recommended: ≥300)
https://www.settleloans.in/how-to-reply-to-section-138-notice,error,Technical,404 Client Error,Not Found
https://www.settleloans.in/how-to-reply-to-section-138-notice,warning,Technical,Missing Canonical URL,Page has no canonical URL specified
https://www.settleloans.in/difference-between-civil-and-criminal-liability-in-loans,warning,Technical,Canonical URL Different,Canonical points to: https://www.settleloans.in/faqs/difference-between-loan-write-off-and-loan-settlements
https://www.settleloans.in/what-to-do-when-recovery-agents-harass-you,warning,Technical,Canonical URL Different,Canonical points to: https://www.settleloans.in/how-to-stop-loan-recovery-harassment
https://www.settleloans.in/sarfaesi-act-defense,warning,Technical,Canonical URL Different,Canonical points to: https://www.settleloans.in/auction-notice-challenge
https://www.settleloans.in/supreme-court-judgments-on-cheque-bounce,warning,Technical,Canonical URL Different,Canonical points to: https://www.settleloans.in/section-138-cheque-bounce-loan-default
https://www.settleloans.in/business-loans,warning,Technical,Canonical URL Different,Canonical points to: https://www.settleloans.in/business-loan-settlement
https://www.settleloans.in/how-to-read-cibil-report-for-loans,warning,Technical,Missing Canonical URL,Page has no canonical URL specified
https://www.settleloans.in/impact-of-loan-settlement-on-credit-score,warning,Technical,Canonical URL Different,Canonical points to: https://www.settleloans.in/personal-loan-settlement-cibil-impact
https://www.settleloans.in/difference-between-settled-and-written-off-cibil,warning,Technical,Canonical URL Different,Canonical points to: https://www.settleloans.in/remove-post-write-off-settled-remark-cibil
https://www.settleloans.in/how-to-file-rbi-ombudsman-complaint,warning,Technical,Canonical URL Different,Canonical points to: https://www.settleloans.in/rbi-ombudsman-complaint-loan-recovery-harassment
https://www.settleloans.in/what-to-do-when-loan-recovery-agents-harass-you,warning,Technical,Canonical URL Different,Canonical points to: https://www.settleloans.in/how-to-stop-loan-recovery-harassment
https://www.settleloans.in/how-to-settle-a-personal-loan,warning,Technical,Canonical URL Different,Canonical points to: https://www.settleloans.in/services/personal-loan-settlement
https://www.settleloans.in/legal-heir-liability-for-personal-loan-default,warning,Technical,Missing Canonical URL,Page has no canonical URL specified
https://www.settleloans.in/how-to-deal-with-recovery-agent-harassment,warning,Technical,Canonical URL Different,Canonical points to: https://www.settleloans.in/how-to-stop-loan-recovery-harassment
https://www.settleloans.in/rbi-guidelines-on-loan-recovery,warning,Technical,Canonical URL Different,Canonical points to: https://www.settleloans.in/rbi-rules-for-recovery-agents
https://www.settleloans.in/settled-vs-closed-cibil-status,warning,Technical,Canonical URL Different,Canonical points to: https://www.settleloans.in/personal-loan-settlement-vs-closure
https://www.settleloans.in/personal-loan-default-legal-action,warning,Technical,Canonical URL Different,Canonical points to: https://www.settleloans.in/personal-loan-legal-notice
https://www.settleloans.in/how-to-file-a-complaint-with-banking-ombudsman,warning,Technical,Canonical URL Different,Canonical points to: https://www.settleloans.in/rbi-ombudsman-complaint-loan-recovery-harassment
https://www.settleloans.in/understanding-co-borrower-vs-guarantor,warning,Technical,Canonical URL Different,Canonical points to: https://www.settleloans.in/can-banks-contact-guarantor-for-recovery
https://www.settleloans.in/rbi-guidelines-on-fair-recovery-practices,warning,Technical,Canonical URL Different,Canonical points to: https://www.settleloans.in/rbi-rules-for-recovery-agents
https://www.settleloans.in/how-to-file-cybercrime-fir,warning,Content,Thin Content,Page has only 186 words (recommended: ≥300)
https://www.settleloans.in/how-to-file-cybercrime-fir,error,Technical,404 Client Error,Not Found
https://www.settleloans.in/how-to-file-cybercrime-fir,warning,Technical,Missing Canonical URL,Page has no canonical URL specified
https://www.settleloans.in/rbi-guidelines-on-recovery-agents,warning,Technical,Canonical URL Different,Canonical points to: https://www.settleloans.in/rbi-rules-for-recovery-agents
https://www.settleloans.in/right-to-privacy-loan-defaults,warning,Technical,Canonical URL Different,Canonical points to: https://www.settleloans.in/recording-recovery-agent-calls-legal-evidence
https://www.settleloans.in/corporate-veil-in-banking-law,warning,SEO,Title Too Long,Title is 83 characters (recommended: ≤60)
https://www.settleloans.in/corporate-veil-in-banking-law,warning,Technical,Canonical URL Different,Canonical points to: https://www.settleloans.in/can-bank-freeze-company-current-account-for-directors-personal-loan-default
https://www.settleloans.in/bankers-right-of-set-off-explained,warning,Content,Thin Content,Page has only 186 words (recommended: ≥300)
https://www.settleloans.in/bankers-right-of-set-off-explained,error,Technical,404 Client Error,Not Found
https://www.settleloans.in/bankers-right-of-set-off-explained,warning,Technical,Missing Canonical URL,Page has no canonical URL specified
https://www.settleloans.in/how-to-file-writ-petition-against-bank,warning,Technical,Canonical URL Different,Canonical points to: https://www.settleloans.in/high-court-writ-petition-against-bank-recovery-harassment
https://www.settleloans.in/sarfaesi-act-property-possession,warning,Technical,Canonical URL Different,Canonical points to: https://www.settleloans.in/auction-notice-challenge
https://www.settleloans.in/how-to-file-banking-ombudsman-complaint,warning,Technical,Canonical URL Different,Canonical points to: https://www.settleloans.in/rbi-ombudsman-complaint-loan-recovery-harassment
https://www.settleloans.in/what-to-do-if-bank-account-frozen-for-loan-default,warning,Technical,Canonical URL Different,Canonical points to: https://www.settleloans.in/bank-freeze-salary-account-loan-default
https://www.settleloans.in/rbi-guidelines-on-loan-recovery-agents,warning,Technical,Canonical URL Different,Canonical points to: https://www.settleloans.in/rbi-rules-for-recovery-agents
https://www.settleloans.in/how-to-file-complaint-against-recovery-agents,warning,Technical,Canonical URL Different,Canonical points to: https://www.settleloans.in/police-complaint-format-recovery-agent-harassment
https://www.settleloans.in/supreme-court-judgments-on-section-65b,warning,Technical,Canonical URL Different,Canonical points to: https://www.settleloans.in/recording-recovery-agent-calls-legal-evidence
https://www.settleloans.in/section-60-cpc-protection-from-attachment,warning,Technical,Canonical URL Different,Canonical points to: https://www.settleloans.in/bank-filed-civil-suit-for-loan-recovery-order-37-cpc-summons
https://www.settleloans.in/kisan-credit-card-loan-default-rules,warning,Technical,Canonical URL Different,Canonical points to: https://www.settleloans.in/loan-settlement
https://www.settleloans.in/illegal-bank-recovery-agent-harassment,warning,Technical,Canonical URL Different,Canonical points to: https://www.settleloans.in/how-to-stop-loan-recovery-harassment
https://www.settleloans.in/how-to-reply-to-arbitration-notice,warning,Technical,Canonical URL Different,Canonical points to: https://www.settleloans.in/bank-arbitration-notice-loan
https://www.settleloans.in/understanding-sarfaesi-act-rules,warning,Technical,Canonical URL Different,Canonical points to: https://www.settleloans.in/auction-notice-challenge
https://www.settleloans.in/how-to-file-case-in-drt,warning,Technical,Canonical URL Different,Canonical points to: https://www.settleloans.in/best-lawyer-for-drt-case-defence-for-bank-loan-recovery
https://www.settleloans.in/one-time-settlement-process-for-loans,warning,Technical,Missing Canonical URL,Page has no canonical URL specified
https://www.settleloans.in/consultation,warning,Content,Thin Content,Page has only 168 words (recommended: ≥300)
https://www.settleloans.in/consultation,warning,Technical,Missing Canonical URL,Page has no canonical URL specified
https://www.settleloans.in/auto-loan,warning,Technical,Canonical URL Different,Canonical points to: https://www.settleloans.in/overdue-payment-for-auto-loan
https://www.settleloans.in/auto-loan-settlement,warning,Technical,Canonical URL Different,Canonical points to: https://www.settleloans.in/overdue-payment-for-auto-loan
https://www.settleloans.in/sarfaesi-act-rules,warning,Technical,Canonical URL Different,Canonical points to: https://www.settleloans.in/auction-notice-challenge
https://www.settleloans.in/rbi-recovery-agent-guidelines,warning,Technical,Canonical URL Different,Canonical points to: https://www.settleloans.in/rbi-rules-for-recovery-agents
https://www.settleloans.in/loan-default,warning,Technical,Canonical URL Different,Canonical points to: https://www.settleloans.in/loan-settlement
https://www.settleloans.in/rbi-guidelines-recovery-agents,warning,Technical,Canonical URL Different,Canonical points to: https://www.settleloans.in/rbi-rules-for-recovery-agents
https://www.settleloans.in/how-to-settle-loan,warning,Technical,Missing Canonical URL,Page has no canonical URL specified
https://www.settleloans.in/cibil-score-after-settlement,warning,SEO,Title Too Long,Title is 73 characters (recommended: ≤60)
https://www.settleloans.in/cibil-score-after-settlement,warning,Technical,Canonical URL Different,Canonical points to: https://www.settleloans.in/credit-score-improvement
https://www.settleloans.in/personal-loans,warning,Technical,Canonical URL Different,Canonical points to: https://www.settleloans.in/services/personal-loan-settlement
https://www.settleloans.in/all-queries,warning,Technical,Missing Canonical URL,Page has no canonical URL specified
https://www.settleloans.in/credit-education,warning,Technical,Missing Canonical URL,Page has no canonical URL specified
https://www.settleloans.in/credit-repair,warning,SEO,Title Too Long,Title is 73 characters (recommended: ≤60)
https://www.settleloans.in/credit-repair,warning,Technical,Canonical URL Different,Canonical points to: https://www.settleloans.in/credit-score-improvement
https://www.settleloans.in/cibil-defaulter-list,warning,Technical,Canonical URL Different,Canonical points to: https://www.settleloans.in/check-cibil-defaulter-list
https://www.settleloans.in/emi-bounce-charges,warning,Technical,Canonical URL Different,Canonical points to: https://www.settleloans.in/personal-loan-emi-bounce-charges
https://www.settleloans.in/improve-cibil-score,warning,SEO,Title Too Long,Title is 73 characters (recommended: ≤60)
https://www.settleloans.in/improve-cibil-score,warning,Technical,Canonical URL Different,Canonical points to: https://www.settleloans.in/credit-score-improvement
https://www.settleloans.in/debt-settlement,warning,Technical,Canonical URL Different,Canonical points to: https://www.settleloans.in/services/personal-loan-settlement
https://www.settleloans.in/credit-scores,warning,SEO,Title Too Long,Title is 73 characters (recommended: ≤60)
https://www.settleloans.in/credit-scores,warning,Technical,Canonical URL Different,Canonical points to: https://www.settleloans.in/credit-score-improvement
https://www.settleloans.in/personal-loan-prepayment-calculator,warning,Technical,Missing Canonical URL,Page has no canonical URL specified
https://www.settleloans.in/how-to-negotiate-loan-settlement,warning,Technical,Canonical URL Different,Canonical points to: https://www.settleloans.in/faqs/how-to-negotiate-personal-loan-settlement
https://www.settleloans.in/understanding-emi-calculations,warning,Technical,Canonical URL Different,Canonical points to: https://www.settleloans.in/arrear-emi-meaning-vs-overdue
https://www.settleloans.in/cybercrime-complaint-process,warning,Content,Thin Content,Page has only 186 words (recommended: ≥300)
https://www.settleloans.in/cybercrime-complaint-process,error,Technical,404 Client Error,Not Found
https://www.settleloans.in/cybercrime-complaint-process,warning,Technical,Missing Canonical URL,Page has no canonical URL specified
https://www.settleloans.in/personal-loan-vs-line-of-credit,warning,Technical,Canonical URL Different,Canonical points to: https://www.settleloans.in/services/personal-loan-settlement
https://www.settleloans.in/credit-card-debt-settlement,warning,Technical,Canonical URL Different,Canonical points to: https://www.settleloans.in/services/credit-card-settlement
https://www.settleloans.in/what-is-loan-settlement,warning,Technical,Canonical URL Different,Canonical points to: https://www.settleloans.in/what-is-personal-loan-settlement
https://www.settleloans.in/stop-recovery-agents,warning,Technical,Canonical URL Different,Canonical points to: https://www.settleloans.in/rbi-rules-for-recovery-agents
https://www.settleloans.in/rbi-guidelines-loan-default,warning,Technical,Missing Canonical URL,Page has no canonical URL specified
https://www.settleloans.in/section-138-cheque-bounce,warning,Technical,Canonical URL Different,Canonical points to: https://www.settleloans.in/section-138-cheque-bounce-loan-default
https://www.settleloans.in/auto-loans,warning,Technical,Canonical URL Different,Canonical points to: https://www.settleloans.in/overdue-payment-for-auto-loan
https://www.settleloans.in/personal-loan-default,warning,Technical,Canonical URL Different,Canonical points to: https://www.settleloans.in/personal-loan-legal-notice
https://www.settleloans.in/legal-rights-of-defaulters,warning,Technical,Canonical URL Different,Canonical points to: https://www.settleloans.in/how-to-stop-loan-recovery-harassment
https://www.settleloans.in/loans,warning,Technical,Canonical URL Different,Canonical points to: https://www.settleloans.in/loan-settlement
https://www.settleloans.in/npa-account-settlement,warning,Technical,Missing Canonical URL,Page has no canonical URL specified
https://www.settleloans.in/dispute-credit-score,warning,Technical,Canonical URL Different,Canonical points to: https://www.settleloans.in/cibil-dispute-wrong-overdue-entry
https://www.settleloans.in/legal,warning,Technical,Missing Canonical URL,Page has no canonical URL specified
https://www.settleloans.in/npa-classification,warning,Technical,Canonical URL Different,Canonical points to: https://www.settleloans.in/loan-npa-status
https://www.settleloans.in/drt-stay-order,warning,Content,Thin Content,Page has only 186 words (recommended: ≥300)
https://www.settleloans.in/drt-stay-order,error,Technical,404 Client Error,Not Found
https://www.settleloans.in/drt-stay-order,warning,Technical,Missing Canonical URL,Page has no canonical URL specified
https://www.settleloans.in/property-auction,warning,Technical,Canonical URL Different,Canonical points to: https://www.settleloans.in/auction-notice-challenge
https://www.settleloans.in/npa-account-regularisation,warning,Technical,Canonical URL Different,Canonical points to: https://www.settleloans.in/loan-npa-status
https://www.settleloans.in/drt-stay-order-process,warning,Content,Thin Content,Page has only 186 words (recommended: ≥300)
https://www.settleloans.in/drt-stay-order-process,error,Technical,404 Client Error,Not Found
https://www.settleloans.in/drt-stay-order-process,warning,Technical,Missing Canonical URL,Page has no canonical URL specified
https://www.settleloans.in/home-loan-one-time-settlement,warning,Technical,Missing Canonical URL,Page has no canonical URL specified
https://www.settleloans.in/symbolic-vs-physical-possession,warning,Content,Thin Content,Page has only 186 words (recommended: ≥300)
https://www.settleloans.in/symbolic-vs-physical-possession,error,Technical,404 Client Error,Not Found
https://www.settleloans.in/symbolic-vs-physical-possession,warning,Technical,Missing Canonical URL,Page has no canonical URL specified
https://www.settleloans.in/sarfaesi-act-guide,warning,Technical,Canonical URL Different,Canonical points to: https://www.settleloans.in/auction-notice-challenge
https://www.settleloans.in/drt-appeal-process,warning,Content,Thin Content,Page has only 186 words (recommended: ≥300)
https://www.settleloans.in/drt-appeal-process,error,Technical,404 Client Error,Not Found
https://www.settleloans.in/drt-appeal-process,warning,Technical,Missing Canonical URL,Page has no canonical URL specified
https://www.settleloans.in/stop-bank-auction,warning,Technical,Canonical URL Different,Canonical points to: https://www.settleloans.in/auction-notice-challenge
https://www.settleloans.in/symbolic-possession-rules,warning,Content,Thin Content,Page has only 186 words (recommended: ≥300)
https://www.settleloans.in/symbolic-possession-rules,error,Technical,404 Client Error,Not Found
https://www.settleloans.in/symbolic-possession-rules,warning,Technical,Missing Canonical URL,Page has no canonical URL specified
https://www.settleloans.in/rbi-guidelines-loan-recovery,warning,Technical,Canonical URL Different,Canonical points to: https://www.settleloans.in/rbi-rules-for-recovery-agents
https://www.settleloans.in/consumer-court-bank-harassment,warning,Technical,Canonical URL Different,Canonical points to: https://www.settleloans.in/how-to-stop-loan-recovery-harassment
https://www.settleloans.in/loan-relief,warning,Technical,Canonical URL Different,Canonical points to: https://www.settleloans.in/services/personal-loan-settlement
https://www.settleloans.in/how-to-file-sa-in-drt,warning,Content,Thin Content,Page has only 186 words (recommended: ≥300)
https://www.settleloans.in/how-to-file-sa-in-drt,error,Technical,404 Client Error,Not Found
https://www.settleloans.in/how-to-file-sa-in-drt,warning,Technical,Missing Canonical URL,Page has no canonical URL specified
https://www.settleloans.in/bank-ots-settlement-process,warning,Technical,Missing Canonical URL,Page has no canonical URL specified
https://www.settleloans.in/illegal-possession-by-bank,warning,Content,Thin Content,Page has only 186 words (recommended: ≥300)
https://www.settleloans.in/illegal-possession-by-bank,error,Technical,404 Client Error,Not Found
https://www.settleloans.in/illegal-possession-by-bank,warning,Technical,Missing Canonical URL,Page has no canonical URL specified
https://www.settleloans.in/stop-recovery-harassment,warning,Technical,Canonical URL Different,Canonical points to: https://www.settleloans.in/how-to-stop-loan-recovery-harassment
https://www.settleloans.in/credit-card-debt-relief,warning,Technical,Canonical URL Different,Canonical points to: https://www.settleloans.in/services/credit-card-settlement
https://www.settleloans.in/npa-account-rules,warning,Technical,Canonical URL Different,Canonical points to: https://www.settleloans.in/loan-npa-status
https://www.settleloans.in/loan-guides,warning,Technical,Missing Canonical URL,Page has no canonical URL specified
https://www.settleloans.in/guides,warning,Technical,Missing Canonical URL,Page has no canonical URL specified
https://www.settleloans.in/guides/rbi-guidelines-recovery-agents,warning,Technical,Canonical URL Different,Canonical points to: https://www.settleloans.in/rbi-rules-for-recovery-agents
https://www.settleloans.in/guides/how-to-file-ombudsman-complaint,warning,Technical,Canonical URL Different,Canonical points to: https://www.settleloans.in/rbi-ombudsman-complaint-loan-recovery-harassment
https://www.settleloans.in/guides/what-is-npa,warning,Technical,Canonical URL Different,Canonical points to: https://www.settleloans.in/loan-npa-status
https://www.settleloans.in/guides/personal-loan-settlement,warning,Technical,Canonical URL Different,Canonical points to: https://www.settleloans.in/services/personal-loan-settlement
https://www.settleloans.in/one-time-settlement-process,warning,Technical,Missing Canonical URL,Page has no canonical URL specified
https://www.settleloans.in/cibil-score-after-default,warning,SEO,Title Too Long,Title is 73 characters (recommended: ≤60)
https://www.settleloans.in/cibil-score-after-default,warning,Technical,Canonical URL Different,Canonical points to: https://www.settleloans.in/credit-score-improvement
https://www.settleloans.in/business-loan,warning,Technical,Canonical URL Different,Canonical points to: https://www.settleloans.in/business-loan-settlement
https://www.settleloans.in/guides/personal-loan-closure,warning,Technical,Canonical URL Different,Canonical points to: https://www.settleloans.in/personal-loan-settlement-vs-closure
https://www.settleloans.in/guides/business-loan-foreclosure,warning,SEO,Meta Description Too Long,Description is 171 characters (recommended: ≤160)
https://www.settleloans.in/guides/business-loan-foreclosure,warning,Technical,Canonical URL Different,Canonical points to: https://www.settleloans.in/business-loan-foreclosure-letter
https://www.settleloans.in/guides/how-to-get-noc,warning,Technical,Canonical URL Different,Canonical points to: https://www.settleloans.in/download-noc-for-secured-loan
https://www.settleloans.in/loan-closure,warning,Technical,Canonical URL Different,Canonical points to: https://www.settleloans.in/personal-loan-settlement-vs-closure
https://www.settleloans.in/services/legal-notice,warning,Technical,Missing Canonical URL,Page has no canonical URL specified
https://www.settleloans.in/rbi-guidelines-loan-closure,warning,Technical,Canonical URL Different,Canonical points to: https://www.settleloans.in/personal-loan-settlement-vs-closure
https://www.settleloans.in/rto-form-35-guide,warning,Technical,Canonical URL Different,Canonical points to: https://www.settleloans.in/download-noc-for-secured-loan
https://www.settleloans.in/duplicate-noc-application,warning,Technical,Canonical URL Different,Canonical points to: https://www.settleloans.in/download-noc-for-secured-loan
https://www.settleloans.in/rbi-ombudsman-complaint,warning,Technical,Canonical URL Different,Canonical points to: https://www.settleloans.in/rbi-ombudsman-complaint-loan-recovery-harassment
https://www.settleloans.in/templates,warning,Technical,Missing Canonical URL,Page has no canonical URL specified
https://www.settleloans.in/loan-foreclosure-letter,warning,SEO,Meta Description Too Long,Description is 171 characters (recommended: ≤160)
https://www.settleloans.in/loan-foreclosure-letter,warning,Technical,Canonical URL Different,Canonical points to: https://www.settleloans.in/business-loan-foreclosure-letter
https://www.settleloans.in/settlement-request-letter,warning,Technical,Canonical URL Different,Canonical points to: https://www.settleloans.in/personal-loan-settlement-letter-format
https://www.settleloans.in/anti-harassment-letter,warning,Technical,Canonical URL Different,Canonical points to: https://www.settleloans.in/police-complaint-format-recovery-agent-harassment
https://www.settleloans.in/how-to-deal-with-recovery-agents,warning,Technical,Canonical URL Different,Canonical points to: https://www.settleloans.in/how-to-stop-loan-recovery-harassment
https://www.settleloans.in/check-free-cibil,warning,Technical,Canonical URL Different,Canonical points to: https://www.settleloans.in/check-free-cibil-score
https://www.settleloans.in/rbi-ombudsman-complaint-guide,warning,Technical,Canonical URL Different,Canonical points to: https://www.settleloans.in/rbi-ombudsman-complaint-loan-recovery-harassment
https://www.settleloans.in/loan-settlement-process,warning,Technical,Missing Canonical URL,Page has no canonical URL specified
https://www.settleloans.in/legal-notice-format,warning,Technical,Missing Canonical URL,Page has no canonical URL specified
https://www.settleloans.in/send-a-legal-notice,warning,Technical,Missing Canonical URL,Page has no canonical URL specified
https://www.settleloans.in/banking-ombudsman-complaint,warning,Technical,Canonical URL Different,Canonical points to: https://www.settleloans.in/rbi-ombudsman-complaint-loan-recovery-harassment
https://www.settleloans.in/all-legal-notices,warning,Technical,Missing Canonical URL,Page has no canonical URL specified
https://www.settleloans.in/send-legal-notice,warning,Technical,Missing Canonical URL,Page has no canonical URL specified
https://www.settleloans.in/debt-settlement-services,warning,Technical,Canonical URL Different,Canonical points to: https://www.settleloans.in/services/personal-loan-settlement
https://www.settleloans.in/loan-settlement-by-bank/sbi-bank,warning,Technical,Canonical URL Different,Canonical points to: https://www.settleloans.in/loan-settlement/sbi
https://www.settleloans.in/loan-settlement-by-bank/hdfc-bank,warning,Technical,Canonical URL Different,Canonical points to: https://www.settleloans.in/loan-settlement/hdfc-bank
https://www.settleloans.in/loan-settlement-by-bank/icici-bank,warning,Technical,Canonical URL Different,Canonical points to: https://www.settleloans.in/loan-settlement/icici-bank
https://www.settleloans.in/loan-settlement-by-bank/kotak-mahindra,warning,Technical,Canonical URL Different,Canonical points to: https://www.settleloans.in/loan-settlement/kotak-bank
https://www.settleloans.in/loan-settlement-by-bank/idfc-bank,warning,Technical,Canonical URL Different,Canonical points to: https://www.settleloans.in/loan-settlement/idfc-first-bank
https://www.settleloans.in/loan-settlement-by-bank/bajaj-finserv,warning,Technical,Canonical URL Different,Canonical points to: https://www.settleloans.in/loan-settlement/bajaj-finance
https://www.settleloans.in/loan-settlement-by-bank/aditya-birla,warning,Technical,Canonical URL Different,Canonical points to: https://www.settleloans.in/loan-settlement-by-bank/aditya-birla-fin
https://www.settleloans.in/loan-settlement-by-bank/poonawalla-fincorp,warning,Technical,Canonical URL Different,Canonical points to: https://www.settleloans.in/loan-settlement-by-bank/poonawala-fin
https://www.settleloans.in/can-i-go-to-jail-for-not-paying-personal-loan,warning,Content,Thin Content,Page has only 186 words (recommended: ≥300)
https://www.settleloans.in/can-i-go-to-jail-for-not-paying-personal-loan,error,Technical,404 Client Error,Not Found
https://www.settleloans.in/can-i-go-to-jail-for-not-paying-personal-loan,warning,Technical,Missing Canonical URL,Page has no canonical URL specified
https://www.settleloans.in/,warning,Duplication,Duplicate Content Detected,"2 similar pages: https://www.settleloans.in/blog (identical title, description and H1); https://www.settleloans.in/services (identical title, description and H1)"
https://www.settleloans.in/services,warning,Duplication,Duplicate Content Detected,"2 similar pages: https://www.settleloans.in/ (identical title, description and H1); https://www.settleloans.in/blog (identical title, description and H1)"
https://www.settleloans.in/blog,warning,Duplication,Duplicate Content Detected,"2 similar pages: https://www.settleloans.in/ (identical title, description and H1); https://www.settleloans.in/services (identical title, description and H1)"
https://www.settleloans.in/remove-post-write-off-settled-remark-cibil,warning,Duplication,Duplicate Content Detected,"1 similar page: https://www.settleloans.in/difference-between-settled-and-written-off-cibil (identical title, description and H1)"
https://www.settleloans.in/difference-between-settled-and-written-off-cibil,warning,Duplication,Duplicate Content Detected,"1 similar page: https://www.settleloans.in/remove-post-write-off-settled-remark-cibil (identical title, description and H1)"
https://www.settleloans.in/flexiloans-business-loan-settlement-process,warning,Duplication,Duplicate Content Detected,"1 similar page: https://www.settleloans.in/business-loan-recovery-process (identical title, description and H1)"
https://www.settleloans.in/business-loan-recovery-process,warning,Duplication,Duplicate Content Detected,"1 similar page: https://www.settleloans.in/flexiloans-business-loan-settlement-process (identical title, description and H1)"
https://www.settleloans.in/personal-loan-settlement-meerut,warning,Duplication,Duplicate Content Detected,15 similar pages: https://www.settleloans.in/personal-loan-settlement-raipur (89.8% similar); https://www.settleloans.in/personal-loan-settlement-bhopal (89.5% similar); https://www.settleloans.in/personal-loan-settlement-nashik (88.7% similar); https://www.settleloans.in/personal-loan-settlement-ludhiana (87.4% similar); https://www.settleloans.in/personal-loan-settlement-kanpur (86.8% similar) (+10 more)
https://www.settleloans.in/personal-loan-settlement-raipur,warning,Duplication,Duplicate Content Detected,14 similar pages: https://www.settleloans.in/personal-loan-settlement-bhopal (89.9% similar); https://www.settleloans.in/personal-loan-settlement-meerut (89.8% similar); https://www.settleloans.in/personal-loan-settlement-nashik (89.1% similar); https://www.settleloans.in/personal-loan-settlement-ludhiana (87.1% similar); https://www.settleloans.in/personal-loan-settlement-vijayawada (86.8% similar) (+9 more)
https://www.settleloans.in/personal-loan-settlement-vijayawada,warning,Duplication,Duplicate Content Detected,15 similar pages: https://www.settleloans.in/personal-loan-settlement-nagpur (89.2% similar); https://www.settleloans.in/personal-loan-settlement-dehradun (88.3% similar); https://www.settleloans.in/personal-loan-settlement-varanasi (87.7% similar); https://www.settleloans.in/personal-loan-settlement-patna (87.5% similar); https://www.settleloans.in/personal-loan-settlement-vadodara (87.0% similar) (+10 more)
https://www.settleloans.in/personal-loan-settlement-jodhpur,warning,Duplication,Duplicate Content Detected,6 similar pages: https://www.settleloans.in/personal-loan-settlement-ludhiana (86.6% similar); https://www.settleloans.in/personal-loan-settlement-ranchi (86.1% similar); https://www.settleloans.in/personal-loan-settlement-rajkot (85.7% similar); https://www.settleloans.in/personal-loan-settlement-meerut (85.6% similar); https://www.settleloans.in/personal-loan-settlement-raipur (85.3% similar) (+1 more)
https://www.settleloans.in/personal-loan-settlement-dehradun,warning,Duplication,Duplicate Content Detected,16 similar pages: https://www.settleloans.in/personal-loan-settlement-vijayawada (88.3% similar); https://www.settleloans.in/personal-loan-settlement-guwahati (88.3% similar); https://www.settleloans.in/personal-loan-settlement-vadodara (88.0% similar); https://www.settleloans.in/personal-loan-settlement-nagpur (87.6% similar); https://www.settleloans.in/personal-loan-settlement-rajkot (87.4% similar) (+11 more)
https://www.settleloans.in/personal-loan-settlement-ranchi,warning,Duplication,Duplicate Content Detected,5 similar pages: https://www.settleloans.in/personal-loan-settlement-nashik (86.9% similar); https://www.settleloans.in/personal-loan-settlement-bhopal (86.1% similar); https://www.settleloans.in/personal-loan-settlement-jodhpur (86.1% similar); https://www.settleloans.in/personal-loan-settlement-raipur (85.9% similar); https://www.settleloans.in/personal-loan-settlement-meerut (85.6% similar)
https://www.settleloans.in/personal-loan-settlement-madurai,warning,Duplication,Duplicate Content Detected,9 similar pages: https://www.settleloans.in/personal-loan-settlement-varanasi (88.2% similar); https://www.settleloans.in/personal-loan-settlement-vadodara (87.7% similar); https://www.settleloans.in/personal-loan-settlement-guwahati (87.3% similar); https://www.settleloans.in/personal-loan-settlement-patna (86.9% similar); https://www.settleloans.in/personal-loan-settlement-coimbatore (86.1% similar) (+4 more)
https://www.settleloans.in/personal-loan-settlement-nashik,warning,Duplication,Duplicate Content Detected,10 similar pages: https://www.settleloans.in/personal-loan-settlement-bhopal (89.3% similar); https://www.settleloans.in/personal-loan-settlement-raipur (89.1% similar); https://www.settleloans.in/personal-loan-settlement-meerut (88.7% similar); https://www.settleloans.in/personal-loan-settlement-ranchi (86.9% similar); https://www.settleloans.in/personal-loan-settlement-ludhiana (86.3% similar) (+5 more)
https://www.settleloans.in/personal-loan-settlement-agra,warning,Duplication,Duplicate Content Detected,1 similar page: https://www.settleloans.in/personal-loan-settlement-dehradun (85.6% similar)
https://www.settleloans.in/personal-loan-settlement-trivandrum,warning,Duplication,Duplicate Content Detected,3 similar pages: https://www.settleloans.in/personal-loan-settlement-visakhapatnam (87.2% similar); https://www.settleloans.in/personal-loan-settlement-vijayawada (85.6% similar); https://www.settleloans.in/personal-loan-settlement-dehradun (85.5% similar)
https://www.settleloans.in/personal-loan-settlement-guwahati,warning,Duplication,Duplicate Content Detected,13 similar pages: https://www.settleloans.in/personal-loan-settlement-vadodara (89.6% similar); https://www.settleloans.in/personal-loan-settlement-varanasi (88.8% similar); https://www.settleloans.in/personal-loan-settlement-coimbatore (88.6% similar); https://www.settleloans.in/personal-loan-settlement-dehradun (88.3% similar); https://www.settleloans.in/personal-loan-settlement-patna (87.6% similar) (+8 more)
https://www.settleloans.in/personal-loan-settlement-kanpur,warning,Duplication,Duplicate Content Detected,4 similar pages: https://www.settleloans.in/personal-loan-settlement-meerut (86.8% similar); https://www.settleloans.in/personal-loan-settlement-raipur (86.4% similar); https://www.settleloans.in/personal-loan-settlement-bhopal (86.2% similar); https://www.settleloans.in/personal-loan-settlement-nashik (85.4% similar)
https://www.settleloans.in/personal-loan-settlement-rajkot,warning,Duplication,Duplicate Content Detected,7 similar pages: https://www.settleloans.in/personal-loan-settlement-dehradun (87.4% similar); https://www.settleloans.in/personal-loan-settlement-nagpur (87.0% similar); https://www.settleloans.in/personal-loan-settlement-vijayawada (86.1% similar); https://www.settleloans.in/personal-loan-settlement-vadodara (85.8% similar); https://www.settleloans.in/personal-loan-settlement-guwahati (85.7% similar) (+2 more)
https://www.settleloans.in/personal-loan-settlement-varanasi,warning,Duplication,Duplicate Content Detected,14 similar pages: https://www.settleloans.in/personal-loan-settlement-vadodara (89.2% similar); https://www.settleloans.in/personal-loan-settlement-guwahati (88.8% similar); https://www.settleloans.in/personal-loan-settlement-patna (88.7% similar); https://www.settleloans.in/personal-loan-settlement-madurai (88.2% similar); https://www.settleloans.in/personal-loan-settlement-vijayawada (87.7% similar) (+9 more)
https://www.settleloans.in/personal-loan-settlement-bhopal,warning,Duplication,Duplicate Content Detected,14 similar pages: https://www.settleloans.in/personal-loan-settlement-raipur (89.9% similar); https://www.settleloans.in/personal-loan-settlement-meerut (89.5% similar); https://www.settleloans.in/personal-loan-settlement-nashik (89.3% similar); https://www.settleloans.in/personal-loan-settlement-ludhiana (86.9% similar); https://www.settleloans.in/personal-loan-settlement-vijayawada (86.8% similar) (+9 more)
https://www.settleloans.in/personal-loan-settlement-vadodara,warning,Duplication,Duplicate Content Detected,13 similar pages: https://www.settleloans.in/personal-loan-settlement-guwahati (89.6% similar); https://www.settleloans.in/personal-loan-settlement-varanasi (89.2% similar); https://www.settleloans.in/personal-loan-settlement-coimbatore (88.3% similar); https://www.settleloans.in/personal-loan-settlement-dehradun (88.0% similar); https://www.settleloans.in/personal-loan-settlement-patna (87.9% similar) (+8 more)
https://www.settleloans.in/personal-loan-settlement-visakhapatnam,warning,Duplication,Duplicate Content Detected,2 similar pages: https://www.settleloans.in/personal-loan-settlement-trivandrum (87.2% similar); https://www.settleloans.in/personal-loan-settlement-dehradun (86.3% similar)
https://www.settleloans.in/personal-loan-settlement-coimbatore,warning,Duplication,Duplicate Content Detected,8 similar pages: https://www.settleloans.in/personal-loan-settlement-guwahati (88.6% similar); https://www.settleloans.in/personal-loan-settlement-vadodara (88.3% similar); https://www.settleloans.in/personal-loan-settlement-varanasi (87.6% similar); https://www.settleloans.in/personal-loan-settlement-ludhiana (86.9% similar); https://www.settleloans.in/personal-loan-settlement-dehradun (86.9% similar) (+3 more)
https://www.settleloans.in/personal-loan-settlement-ludhiana,warning,Duplication,Duplicate Content Detected,11 similar pages: https://www.settleloans.in/personal-loan-settlement-meerut (87.4% similar); https://www.settleloans.in/personal-loan-settlement-raipur (87.1% similar); https://www.settleloans.in/personal-loan-settlement-coimbatore (86.9% similar); https://www.settleloans.in/personal-loan-settlement-bhopal (86.9% similar); https://www.settleloans.in/personal-loan-settlement-guwahati (86.9% similar) (+6 more)
https://www.settleloans.in/personal-loan-settlement-patna,warning,Duplication,Duplicate Content Detected,12 similar pages: https://www.settleloans.in/personal-loan-settlement-varanasi (88.7% similar); https://www.settleloans.in/personal-loan-settlement-vadodara (87.9% similar); https://www.settleloans.in/personal-loan-settlement-guwahati (87.6% similar); https://www.settleloans.in/personal-loan-settlement-vijayawada (87.5% similar); https://www.settleloans.in/personal-loan-settlement-madurai (86.9% similar) (+7 more)
https://www.settleloans.in/personal-loan-settlement-nagpur,warning,Duplication,Duplicate Content Detected,12 similar pages: https://www.settleloans.in/personal-loan-settlement-vijayawada (89.2% similar); https://www.settleloans.in/personal-loan-settlement-dehradun (87.6% similar); https://www.settleloans.in/personal-loan-settlement-varanasi (87.0% similar); https://www.settleloans.in/personal-loan-settlement-rajkot (87.0% similar); https://www.settleloans.in/personal-loan-settlement-patna (86.9% similar) (+7 more)
https://www.settleloans.in/high-court-writ-petition-against-bank-recovery-harassment,warning,Duplication,Duplicate Content Detected,"1 similar page: https://www.settleloans.in/how-to-file-writ-petition-against-bank (identical title, description and H1)"
https://www.settleloans.in/how-to-file-writ-petition-against-bank,warning,Duplication,Duplicate Content Detected,"1 similar page: https://www.settleloans.in/high-court-writ-petition-against-bank-recovery-harassment (identical title, description and H1)"
https://www.settleloans.in/federal-bank-loan-settlement-process,warning,Duplication,Duplicate Content Detected,"1 similar page: https://www.settleloans.in/federal-bank-loan-settlement (identical title, description and H1)"
https://www.settleloans.in/federal-bank-loan-settlement,warning,Duplication,Duplicate Content Detected,"1 similar page: https://www.settleloans.in/federal-bank-loan-settlement-process (identical title, description and H1)"
https://www.settleloans.in/it-professionals-personal-loan-debt-settlement,warning,Duplication,Duplicate Content Detected,"1 similar page: https://www.settleloans.in/it-professional-debt-settlement-guide (identical title, description and H1)"
https://www.settleloans.in/it-professional-debt-settlement-guide,warning,Duplication,Duplicate Content Detected,"1 similar page: https://www.settleloans.in/it-professionals-personal-loan-debt-settlement (identical title, description and H1)"
https://www.settleloans.in/top-10-rbi-rules-for-loan-defaulters-rights,warning,Duplication,Duplicate Content Detected,"1 similar page: https://www.settleloans.in/services/rbi-guidelines-for-loan-defaulters (identical title, description and H1)"
https://www.settleloans.in/services/rbi-guidelines-for-loan-defaulters,warning,Duplication,Duplicate Content Detected,"1 similar page: https://www.settleloans.in/top-10-rbi-rules-for-loan-defaulters-rights (identical title, description and H1)"
https://www.settleloans.in/recording-recovery-agent-calls-legal-evidence,warning,Duplication,Duplicate Content Detected,"2 similar pages: https://www.settleloans.in/right-to-privacy-loan-defaults (identical title, description and H1); https://www.settleloans.in/supreme-court-judgments-on-section-65b (identical title, description and H1)"
https://www.settleloans.in/right-to-privacy-loan-defaults,warning,Duplication,Duplicate Content Detected,"2 similar pages: https://www.settleloans.in/recording-recovery-agent-calls-legal-evidence (identical title, description and H1); https://www.settleloans.in/supreme-court-judgments-on-section-65b (identical title, description and H1)"
https://www.settleloans.in/supreme-court-judgments-on-section-65b,warning,Duplication,Duplicate Content Detected,"2 similar pages: https://www.settleloans.in/recording-recovery-agent-calls-legal-evidence (identical title, description and H1); https://www.settleloans.in/right-to-privacy-loan-defaults (identical title, description and H1)"
https://www.settleloans.in/cashe-loan-settlement-process,warning,Duplication,Duplicate Content Detected,"1 similar page: https://www.settleloans.in/home-loan-settlement-process-before-auction (identical title, description and H1)"
https://www.settleloans.in/home-loan-settlement-process-before-auction,warning,Duplication,Duplicate Content Detected,"1 similar page: https://www.settleloans.in/cashe-loan-settlement-process (identical title, description and H1)"
https://www.settleloans.in/lok-adalat-me-loan-settlement-kaise-kare,warning,Duplication,Duplicate Content Detected,"1 similar page: https://www.settleloans.in/lok-adalat-loan-settlement (identical title, description and H1)"
https://www.settleloans.in/lok-adalat-loan-settlement,warning,Duplication,Duplicate Content Detected,"1 similar page: https://www.settleloans.in/lok-adalat-me-loan-settlement-kaise-kare (identical title, description and H1)"
https://www.settleloans.in/pnb-personal-loan-settlement-process,warning,Duplication,Duplicate Content Detected,"1 similar page: https://www.settleloans.in/pnb-personal-loan-settlement (identical title, description and H1)"
https://www.settleloans.in/pnb-personal-loan-settlement,warning,Duplication,Duplicate Content Detected,"1 similar page: https://www.settleloans.in/pnb-personal-loan-settlement-process (identical title, description and H1)"
https://www.settleloans.in/rbi-ombudsman-complaint-loan-recovery-harassment,warning,Duplication,Duplicate Content Detected,"7 similar pages: https://www.settleloans.in/banking-ombudsman-complaint (identical title, description and H1); https://www.settleloans.in/guides/how-to-file-ombudsman-complaint (identical title, description and H1); https://www.settleloans.in/how-to-file-a-complaint-with-banking-ombudsman (identical title, description and H1); https://www.settleloans.in/how-to-file-banking-ombudsman-complaint (identical title, description and H1); https://www.settleloans.in/how-to-file-rbi-ombudsman-complaint (identical title, description and H1) (+2 more)"
https://www.settleloans.in/how-to-file-rbi-ombudsman-complaint,warning,Duplication,Duplicate Content Detected,"7 similar pages: https://www.settleloans.in/banking-ombudsman-complaint (identical title, description and H1); https://www.settleloans.in/guides/how-to-file-ombudsman-complaint (identical title, description and H1); https://www.settleloans.in/how-to-file-a-complaint-with-banking-ombudsman (identical title, description and H1); https://www.settleloans.in/how-to-file-banking-ombudsman-complaint (identical title, description and H1); https://www.settleloans.in/rbi-ombudsman-complaint (identical title, description and H1) (+2 more)"
https://www.settleloans.in/how-to-file-a-complaint-with-banking-ombudsman,warning,Duplication,Duplicate Content Detected,"7 similar pages: https://www.settleloans.in/banking-ombudsman-complaint (identical title, description and H1); https://www.settleloans.in/guides/how-to-file-ombudsman-complaint (identical title, description and H1); https://www.settleloans.in/how-to-file-banking-ombudsman-complaint (identical title, description and H1); https://www.settleloans.in/how-to-file-rbi-ombudsman-complaint (identical title, description and H1); https://www.settleloans.in/rbi-ombudsman-complaint (identical title, description and H1) (+2 more)"
https://www.settleloans.in/how-to-file-banking-ombudsman-complaint,warning,Duplication,Duplicate Content Detected,"7 similar pages: https://www.settleloans.in/banking-ombudsman-complaint (identical title, description and H1); https://www.settleloans.in/guides/how-to-file-ombudsman-complaint (identical title, description and H1); https://www.settleloans.in/how-to-file-a-complaint-with-banking-ombudsman (identical title, description and H1); https://www.settleloans.in/how-to-file-rbi-ombudsman-complaint (identical title, description and H1); https://www.settleloans.in/rbi-ombudsman-complaint (identical title, description and H1) (+2 more)"
https://www.settleloans.in/guides/how-to-file-ombudsman-complaint,warning,Duplication,Duplicate Content Detected,"7 similar pages: https://www.settleloans.in/banking-ombudsman-complaint (identical title, description and H1); https://www.settleloans.in/how-to-file-a-complaint-with-banking-ombudsman (identical title, description and H1); https://www.settleloans.in/how-to-file-banking-ombudsman-complaint (identical title, description and H1); https://www.settleloans.in/how-to-file-rbi-ombudsman-complaint (identical title, description and H1); https://www.settleloans.in/rbi-ombudsman-complaint (identical title, description and H1) (+2 more)"
https://www.settleloans.in/rbi-ombudsman-complaint,warning,Duplication,Duplicate Content Detected,"7 similar pages: https://www.settleloans.in/banking-ombudsman-complaint (identical title, description and H1); https://www.settleloans.in/guides/how-to-file-ombudsman-complaint (identical title, description and H1); https://www.settleloans.in/how-to-file-a-complaint-with-banking-ombudsman (identical title, description and H1); https://www.settleloans.in/how-to-file-banking-ombudsman-complaint (identical title, description and H1); https://www.settleloans.in/how-to-file-rbi-ombudsman-complaint (identical title, description and H1) (+2 more)"
https://www.settleloans.in/rbi-ombudsman-complaint-guide,warning,Duplication,Duplicate Content Detected,"7 similar pages: https://www.settleloans.in/banking-ombudsman-complaint (identical title, description and H1); https://www.settleloans.in/guides/how-to-file-ombudsman-complaint (identical title, description and H1); https://www.settleloans.in/how-to-file-a-complaint-with-banking-ombudsman (identical title, description and H1); https://www.settleloans.in/how-to-file-banking-ombudsman-complaint (identical title, description and H1); https://www.settleloans.in/how-to-file-rbi-ombudsman-complaint (identical title, description and H1) (+2 more)"
https://www.settleloans.in/banking-ombudsman-complaint,warning,Duplication,Duplicate Content Detected,"7 similar pages: https://www.settleloans.in/guides/how-to-file-ombudsman-complaint (identical title, description and H1); https://www.settleloans.in/how-to-file-a-complaint-with-banking-ombudsman (identical title, description and H1); https://www.settleloans.in/how-to-file-banking-ombudsman-complaint (identical title, description and H1); https://www.settleloans.in/how-to-file-rbi-ombudsman-complaint (identical title, description and H1); https://www.settleloans.in/rbi-ombudsman-complaint (identical title, description and H1) (+2 more)"
https://www.settleloans.in/police-complaint-format-recovery-agent-harassment,warning,Duplication,Duplicate Content Detected,"2 similar pages: https://www.settleloans.in/anti-harassment-letter (identical title, description and H1); https://www.settleloans.in/how-to-file-complaint-against-recovery-agents (identical title, description and H1)"
https://www.settleloans.in/how-to-file-complaint-against-recovery-agents,warning,Duplication,Duplicate Content Detected,"2 similar pages: https://www.settleloans.in/anti-harassment-letter (identical title, description and H1); https://www.settleloans.in/police-complaint-format-recovery-agent-harassment (identical title, description and H1)"
https://www.settleloans.in/anti-harassment-letter,warning,Duplication,Duplicate Content Detected,"2 similar pages: https://www.settleloans.in/how-to-file-complaint-against-recovery-agents (identical title, description and H1); https://www.settleloans.in/police-complaint-format-recovery-agent-harassment (identical title, description and H1)"
https://www.settleloans.in/bank-fir-for-loan-default-reality-check,warning,Duplication,Duplicate Content Detected,"1 similar page: https://www.settleloans.in/bank-filed-fir-for-loan-default-reality-check (identical title, description and H1)"
https://www.settleloans.in/bank-filed-fir-for-loan-default-reality-check,warning,Duplication,Duplicate Content Detected,"1 similar page: https://www.settleloans.in/bank-fir-for-loan-default-reality-check (identical title, description and H1)"
https://www.settleloans.in/bank-freeze-salary-account-loan-default,warning,Duplication,Duplicate Content Detected,"1 similar page: https://www.settleloans.in/what-to-do-if-bank-account-frozen-for-loan-default (identical title, description and H1)"
https://www.settleloans.in/what-to-do-if-bank-account-frozen-for-loan-default,warning,Duplication,Duplicate Content Detected,"1 similar page: https://www.settleloans.in/bank-freeze-salary-account-loan-default (identical title, description and H1)"
https://www.settleloans.in/hdfc-personal-loan-settlement,warning,Duplication,Duplicate Content Detected,1 similar page: https://www.settleloans.in/icici-personal-loan-settlement (85.5% similar)
https://www.settleloans.in/icici-personal-loan-settlement,warning,Duplication,Duplicate Content Detected,1 similar page: https://www.settleloans.in/hdfc-personal-loan-settlement (85.5% similar)
https://www.settleloans.in/section-138-cheque-bounce-loan-default,warning,Duplication,Duplicate Content Detected,"2 similar pages: https://www.settleloans.in/section-138-cheque-bounce (identical title, description and H1); https://www.settleloans.in/supreme-court-judgments-on-cheque-bounce (identical title, description and H1)"
https://www.settleloans.in/supreme-court-judgments-on-cheque-bounce,warning,Duplication,Duplicate Content Detected,"2 similar pages: https://www.settleloans.in/section-138-cheque-bounce (identical title, description and H1); https://www.settleloans.in/section-138-cheque-bounce-loan-default (identical title, description and H1)"
https://www.settleloans.in/section-138-cheque-bounce,warning,Duplication,Duplicate Content Detected,"2 similar pages: https://www.settleloans.in/section-138-cheque-bounce-loan-default (identical title, description and H1); https://www.settleloans.in/supreme-court-judgments-on-cheque-bounce (identical title, description and H1)"
https://www.settleloans.in/lok-adalat-notice-for-personal-loan,warning,Duplication,Duplicate Content Detected,"1 similar page: https://www.settleloans.in/legal-notice-for-personal-loan-default (identical title, description and H1)"
https://www.settleloans.in/legal-notice-for-personal-loan-default,warning,Duplication,Duplicate Content Detected,"1 similar page: https://www.settleloans.in/lok-adalat-notice-for-personal-loan (identical title, description and H1)"
https://www.settleloans.in/personal-loan-settlement-letter-format,warning,Duplication,Duplicate Content Detected,"1 similar page: https://www.settleloans.in/settlement-request-letter (identical title, description and H1)"
https://www.settleloans.in/settlement-request-letter,warning,Duplication,Duplicate Content Detected,"1 similar page: https://www.settleloans.in/personal-loan-settlement-letter-format (identical title, description and H1)"
https://www.settleloans.in/personal-loan-legal-notice,warning,Duplication,Duplicate Content Detected,"3 similar pages: https://www.settleloans.in/legal-notices (identical title, description and H1); https://www.settleloans.in/personal-loan-default (identical title, description and H1); https://www.settleloans.in/personal-loan-default-legal-action (identical title, description and H1)"
https://www.settleloans.in/legal-notices,warning,Duplication,Duplicate Content Detected,"3 similar pages: https://www.settleloans.in/personal-loan-default (identical title, description and H1); https://www.settleloans.in/personal-loan-default-legal-action (identical title, description and H1); https://www.settleloans.in/personal-loan-legal-notice (identical title, description and H1)"
https://www.settleloans.in/personal-loan-default-legal-action,warning,Duplication,Duplicate Content Detected,"3 similar pages: https://www.settleloans.in/legal-notices (identical title, description and H1); https://www.settleloans.in/personal-loan-default (identical title, description and H1); https://www.settleloans.in/personal-loan-legal-notice (identical title, description and H1)"
https://www.settleloans.in/personal-loan-default,warning,Duplication,Duplicate Content Detected,"3 similar pages: https://www.settleloans.in/legal-notices (identical title, description and H1); https://www.settleloans.in/personal-loan-default-legal-action (identical title, description and H1); https://www.settleloans.in/personal-loan-legal-notice (identical title, description and H1)"
https://www.settleloans.in/personal-loan-settlement-cibil-impact,warning,Duplication,Duplicate Content Detected,"1 similar page: https://www.settleloans.in/impact-of-loan-settlement-on-credit-score (identical title, description and H1)"
https://www.settleloans.in/impact-of-loan-settlement-on-credit-score,warning,Duplication,Duplicate Content Detected,"1 similar page: https://www.settleloans.in/personal-loan-settlement-cibil-impact (identical title, description and H1)"
https://www.settleloans.in/personal-loan-settlement-vs-closure,warning,Duplication,Duplicate Content Detected,"4 similar pages: https://www.settleloans.in/guides/personal-loan-closure (identical title, description and H1); https://www.settleloans.in/loan-closure (identical title, description and H1); https://www.settleloans.in/rbi-guidelines-loan-closure (identical title, description and H1); https://www.settleloans.in/settled-vs-closed-cibil-status (identical title, description and H1)"
https://www.settleloans.in/settled-vs-closed-cibil-status,warning,Duplication,Duplicate Content Detected,"4 similar pages: https://www.settleloans.in/guides/personal-loan-closure (identical title, description and H1); https://www.settleloans.in/loan-closure (identical title, description and H1); https://www.settleloans.in/personal-loan-settlement-vs-closure (identical title, description and H1); https://www.settleloans.in/rbi-guidelines-loan-closure (identical title, description and H1)"
https://www.settleloans.in/guides/personal-loan-closure,warning,Duplication,Duplicate Content Detected,"4 similar pages: https://www.settleloans.in/loan-closure (identical title, description and H1); https://www.settleloans.in/personal-loan-settlement-vs-closure (identical title, description and H1); https://www.settleloans.in/rbi-guidelines-loan-closure (identical title, description and H1); https://www.settleloans.in/settled-vs-closed-cibil-status (identical title, description and H1)"
https://www.settleloans.in/loan-closure,warning,Duplication,Duplicate Content Detected,"4 similar pages: https://www.settleloans.in/guides/personal-loan-closure (identical title, description and H1); https://www.settleloans.in/personal-loan-settlement-vs-closure (identical title, description and H1); https://www.settleloans.in/rbi-guidelines-loan-closure (identical title, description and H1); https://www.settleloans.in/settled-vs-closed-cibil-status (identical title, description and H1)"
https://www.settleloans.in/rbi-guidelines-loan-closure,warning,Duplication,Duplicate Content Detected,"4 similar pages: https://www.settleloans.in/guides/personal-loan-closure (identical title, description and H1); https://www.settleloans.in/loan-closure (identical title, description and H1); https://www.settleloans.in/personal-loan-settlement-vs-closure (identical title, description and H1); https://www.settleloans.in/settled-vs-closed-cibil-status (identical title, description and H1)"
https://www.settleloans.in/personal-loan-settlement-company,warning,Duplication,Duplicate Content Detected,"1 similar page: https://www.settleloans.in/best-personal-loan-settlement-company (identical title, description and H1)"
https://www.settleloans.in/best-personal-loan-settlement-company,warning,Duplication,Duplicate Content Detected,"1 similar page: https://www.settleloans.in/personal-loan-settlement-company (identical title, description and H1)"
https://www.settleloans.in/loc-cant-be-issues-for-mere-bank-loan-default-delhi-high-court,warning,Duplication,Duplicate Content Detected,1 similar page: https://www.settleloans.in/which-bank-provide-personal-loan-for-cibil-defaulters (85.4% similar)
https://www.settleloans.in/top-10-instant-loan-apps-revolutionizing-access-to-credit-in-india,warning,Duplication,Duplicate Content Detected,3 similar pages: https://www.settleloans.in/trading-loan-settlement (85.7% similar); https://www.settleloans.in/debt-consolidation-loan-eligibility (85.6% similar); https://www.settleloans.in/punishment-for-non-payment-of-personal-loan-in-india (85.1% similar)
https://www.settleloans.in/trading-loan-settlement,warning,Duplication,Duplicate Content Detected,22 similar pages: https://www.settleloans.in/loan-settlement-rules-india (87.0% similar); https://www.settleloans.in/bank-ots-settlement-process (86.7% similar); https://www.settleloans.in/faqs/what-is-loan-settlement-process-in-india (86.7% similar); https://www.settleloans.in/home-loan-one-time-settlement (86.7% similar); https://www.settleloans.in/how-to-settle-loan (86.7% similar) (+17 more)
https://www.settleloans.in/bank-loan-settlement-rules,warning,Duplication,Duplicate Content Detected,8 similar pages: https://www.settleloans.in/bank-loan-settlement-guidelines (91.3% similar); https://www.settleloans.in/guidelines (91.3% similar); https://www.settleloans.in/rbi-guidelines-loan-default (91.3% similar); https://www.settleloans.in/best-lawyer-for-car-loan-settlement (87.2% similar); https://www.settleloans.in/best-lawyer-for-business-loan-settlement (86.3% similar) (+3 more)
https://www.settleloans.in/bank-loan-settlement-guidelines,warning,Duplication,Duplicate Content Detected,"4 similar pages: https://www.settleloans.in/guidelines (identical title, description and H1); https://www.settleloans.in/rbi-guidelines-loan-default (identical title, description and H1); https://www.settleloans.in/bank-loan-settlement-rules (91.3% similar); https://www.settleloans.in/trading-loan-settlement (85.9% similar)"
https://www.settleloans.in/guidelines,warning,Duplication,Duplicate Content Detected,"4 similar pages: https://www.settleloans.in/bank-loan-settlement-guidelines (identical title, description and H1); https://www.settleloans.in/rbi-guidelines-loan-default (identical title, description and H1); https://www.settleloans.in/bank-loan-settlement-rules (91.3% similar); https://www.settleloans.in/trading-loan-settlement (85.9% similar)"
https://www.settleloans.in/rbi-guidelines-loan-default,warning,Duplication,Duplicate Content Detected,"4 similar pages: https://www.settleloans.in/bank-loan-settlement-guidelines (identical title, description and H1); https://www.settleloans.in/guidelines (identical title, description and H1); https://www.settleloans.in/bank-loan-settlement-rules (91.3% similar); https://www.settleloans.in/trading-loan-settlement (85.9% similar)"
https://www.settleloans.in/contact,warning,Duplication,Duplicate Content Detected,"2 similar pages: https://www.settleloans.in/consultation (identical title, description and H1); https://www.settleloans.in/contact-us (identical title, description and H1)"
https://www.settleloans.in/contact-us,warning,Duplication,Duplicate Content Detected,"2 similar pages: https://www.settleloans.in/consultation (identical title, description and H1); https://www.settleloans.in/contact (identical title, description and H1)"
https://www.settleloans.in/consultation,warning,Duplication,Duplicate Content Detected,"2 similar pages: https://www.settleloans.in/contact (identical title, description and H1); https://www.settleloans.in/contact-us (identical title, description and H1)"
https://www.settleloans.in/loan-settlement,warning,Duplication,Duplicate Content Detected,"3 similar pages: https://www.settleloans.in/kisan-credit-card-loan-default-rules (identical title, description and H1); https://www.settleloans.in/loan-default (identical title, description and H1); https://www.settleloans.in/loans (identical title, description and H1)"
https://www.settleloans.in/kisan-credit-card-loan-default-rules,warning,Duplication,Duplicate Content Detected,"3 similar pages: https://www.settleloans.in/loan-default (identical title, description and H1); https://www.settleloans.in/loan-settlement (identical title, description and H1); https://www.settleloans.in/loans (identical title, description and H1)"
https://www.settleloans.in/loan-default,warning,Duplication,Duplicate Content Detected,"3 similar pages: https://www.settleloans.in/kisan-credit-card-loan-default-rules (identical title, description and H1); https://www.settleloans.in/loan-settlement (identical title, description and H1); https://www.settleloans.in/loans (identical title, description and H1)"
https://www.settleloans.in/loans,warning,Duplication,Duplicate Content Detected,"3 similar pages: https://www.settleloans.in/kisan-credit-card-loan-default-rules (identical title, description and H1); https://www.settleloans.in/loan-default (identical title, description and H1); https://www.settleloans.in/loan-settlement (identical title, description and H1)"
https://www.settleloans.in/what-is-personal-loan-settlement,warning,Duplication,Duplicate Content Detected,"2 similar pages: https://www.settleloans.in/blog/what-is-loan-settlement (identical title, description and H1); https://www.settleloans.in/what-is-loan-settlement (identical title, description and H1)"
https://www.settleloans.in/blog/what-is-loan-settlement,warning,Duplication,Duplicate Content Detected,"2 similar pages: https://www.settleloans.in/what-is-loan-settlement (identical title, description and H1); https://www.settleloans.in/what-is-personal-loan-settlement (identical title, description and H1)"
https://www.settleloans.in/what-is-loan-settlement,warning,Duplication,Duplicate Content Detected,"2 similar pages: https://www.settleloans.in/blog/what-is-loan-settlement (identical title, description and H1); https://www.settleloans.in/what-is-personal-loan-settlement (identical title, description and H1)"
https://www.settleloans.in/loan-settlement/bengaluru,warning,Duplication,Duplicate Content Detected,"1 similar page: https://www.settleloans.in/loan-settlement/bangalore (identical title, description and H1)"
https://www.settleloans.in/loan-settlement/bangalore,warning,Duplication,Duplicate Content Detected,"1 similar page: https://www.settleloans.in/loan-settlement/bengaluru (identical title, description and H1)"
https://www.settleloans.in/loan-settlement/hdfc-bank,warning,Duplication,Duplicate Content Detected,"2 similar pages: https://www.settleloans.in/loan-settlement-by-bank/hdfc-bank (identical title, description and H1); https://www.settleloans.in/loan-settlement/indusind-bank (85.4% similar)"
https://www.settleloans.in/loan-settlement-by-bank/hdfc-bank,warning,Duplication,Duplicate Content Detected,"2 similar pages: https://www.settleloans.in/loan-settlement/hdfc-bank (identical title, description and H1); https://www.settleloans.in/loan-settlement/indusind-bank (85.4% similar)"
https://www.settleloans.in/loan-settlement/icici-bank,warning,Duplication,Duplicate Content Detected,"1 similar page: https://www.settleloans.in/loan-settlement-by-bank/icici-bank (identical title, description and H1)"
https://www.settleloans.in/loan-settlement-by-bank/icici-bank,warning,Duplication,Duplicate Content Detected,"1 similar page: https://www.settleloans.in/loan-settlement/icici-bank (identical title, description and H1)"
https://www.settleloans.in/loan-settlement/sbi,warning,Duplication,Duplicate Content Detected,"1 similar page: https://www.settleloans.in/loan-settlement-by-bank/sbi-bank (identical title, description and H1)"
https://www.settleloans.in/loan-settlement-by-bank/sbi-bank,warning,Duplication,Duplicate Content Detected,"1 similar page: https://www.settleloans.in/loan-settlement/sbi (identical title, description and H1)"
https://www.settleloans.in/loan-settlement/kotak-bank,warning,Duplication,Duplicate Content Detected,"1 similar page: https://www.settleloans.in/loan-settlement-by-bank/kotak-mahindra (identical title, description and H1)"
https://www.settleloans.in/loan-settlement-by-bank/kotak-mahindra,warning,Duplication,Duplicate Content Detected,"1 similar page: https://www.settleloans.in/loan-settlement/kotak-bank (identical title, description and H1)"
https://www.settleloans.in/loan-settlement/idfc-first-bank,warning,Duplication,Duplicate Content Detected,"1 similar page: https://www.settleloans.in/loan-settlement-by-bank/idfc-bank (identical title, description and H1)"
https://www.settleloans.in/loan-settlement-by-bank/idfc-bank,warning,Duplication,Duplicate Content Detected,"1 similar page: https://www.settleloans.in/loan-settlement/idfc-first-bank (identical title, description and H1)"
https://www.settleloans.in/loan-settlement/indusind-bank,warning,Duplication,Duplicate Content Detected,2 similar pages: https://www.settleloans.in/loan-settlement-by-bank/hdfc-bank (85.4% similar); https://www.settleloans.in/loan-settlement/hdfc-bank (85.4% similar)
https://www.settleloans.in/loan-settlement/bajaj-finance,warning,Duplication,Duplicate Content Detected,"1 similar page: https://www.settleloans.in/loan-settlement-by-bank/bajaj-finserv (identical title, description and H1)"
https://www.settleloans.in/loan-settlement-by-bank/bajaj-finserv,warning,Duplication,Duplicate Content Detected,"1 similar page: https://www.settleloans.in/loan-settlement/bajaj-finance (identical title, description and H1)"
https://www.settleloans.in/compare-debt-settlement-fees-and-success-rate,warning,Duplication,Duplicate Content Detected,"1 similar page: https://www.settleloans.in/loan-settlement-fees-and-success-rates-in-india (identical title, description and H1)"
https://www.settleloans.in/loan-settlement-fees-and-success-rates-in-india,warning,Duplication,Duplicate Content Detected,"1 similar page: https://www.settleloans.in/compare-debt-settlement-fees-and-success-rate (identical title, description and H1)"
https://www.settleloans.in/business-loan-settlement,warning,Duplication,Duplicate Content Detected,"2 similar pages: https://www.settleloans.in/business-loan (identical title, description and H1); https://www.settleloans.in/business-loans (identical title, description and H1)"
https://www.settleloans.in/business-loans,warning,Duplication,Duplicate Content Detected,"2 similar pages: https://www.settleloans.in/business-loan (identical title, description and H1); https://www.settleloans.in/business-loan-settlement (identical title, description and H1)"
https://www.settleloans.in/business-loan,warning,Duplication,Duplicate Content Detected,"2 similar pages: https://www.settleloans.in/business-loan-settlement (identical title, description and H1); https://www.settleloans.in/business-loans (identical title, description and H1)"
https://www.settleloans.in/cheque-bounce,warning,Duplication,Duplicate Content Detected,"1 similar page: https://www.settleloans.in/blog/138-ni-act-cheque-bounce (identical title, description and H1)"
https://www.settleloans.in/blog/138-ni-act-cheque-bounce,warning,Duplication,Duplicate Content Detected,"1 similar page: https://www.settleloans.in/cheque-bounce (identical title, description and H1)"
https://www.settleloans.in/credit-score-improvement,warning,Duplication,Duplicate Content Detected,"9 similar pages: https://www.settleloans.in/cibil-score-after-default (identical title, description and H1); https://www.settleloans.in/cibil-score-after-settlement (identical title, description and H1); https://www.settleloans.in/credit-repair (identical title, description and H1); https://www.settleloans.in/credit-scores (identical title, description and H1); https://www.settleloans.in/how-to-rebuild-credit-score-after-loan-settlement (identical title, description and H1) (+4 more)"
https://www.settleloans.in/services/credit-score-improvement,warning,Duplication,Duplicate Content Detected,"9 similar pages: https://www.settleloans.in/cibil-score-after-default (identical title, description and H1); https://www.settleloans.in/cibil-score-after-settlement (identical title, description and H1); https://www.settleloans.in/credit-repair (identical title, description and H1); https://www.settleloans.in/credit-score-improvement (identical title, description and H1); https://www.settleloans.in/credit-scores (identical title, description and H1) (+4 more)"
https://www.settleloans.in/how-to-remove-loan-default-from-cibil-finances-india,warning,Duplication,Duplicate Content Detected,"9 similar pages: https://www.settleloans.in/cibil-score-after-default (identical title, description and H1); https://www.settleloans.in/cibil-score-after-settlement (identical title, description and H1); https://www.settleloans.in/credit-repair (identical title, description and H1); https://www.settleloans.in/credit-score-improvement (identical title, description and H1); https://www.settleloans.in/credit-scores (identical title, description and H1) (+4 more)"
https://www.settleloans.in/how-to-rebuild-credit-score-after-loan-settlement,warning,Duplication,Duplicate Content Detected,"9 similar pages: https://www.settleloans.in/cibil-score-after-default (identical title, description and H1); https://www.settleloans.in/cibil-score-after-settlement (identical title, description and H1); https://www.settleloans.in/credit-repair (identical title, description and H1); https://www.settleloans.in/credit-score-improvement (identical title, description and H1); https://www.settleloans.in/credit-scores (identical title, description and H1) (+4 more)"
https://www.settleloans.in/services/cibil-repair,warning,Duplication,Duplicate Content Detected,"9 similar pages: https://www.settleloans.in/cibil-score-after-default (identical title, description and H1); https://www.settleloans.in/cibil-score-after-settlement (identical title, description and H1); https://www.settleloans.in/credit-repair (identical title, description and H1); https://www.settleloans.in/credit-score-improvement (identical title, description and H1); https://www.settleloans.in/credit-scores (identical title, description and H1) (+4 more)"
https://www.settleloans.in/cibil-score-after-settlement,warning,Duplication,Duplicate Content Detected,"9 similar pages: https://www.settleloans.in/cibil-score-after-default (identical title, description and H1); https://www.settleloans.in/credit-repair (identical title, description and H1); https://www.settleloans.in/credit-score-improvement (identical title, description and H1); https://www.settleloans.in/credit-scores (identical title, description and H1); https://www.settleloans.in/how-to-rebuild-credit-score-after-loan-settlement (identical title, description and H1) (+4 more)"
https://www.settleloans.in/credit-repair,warning,Duplication,Duplicate Content Detected,"9 similar pages: https://www.settleloans.in/cibil-score-after-default (identical title, description and H1); https://www.settleloans.in/cibil-score-after-settlement (identical title, description and H1); https://www.settleloans.in/credit-score-improvement (identical title, description and H1); https://www.settleloans.in/credit-scores (identical title, description and H1); https://www.settleloans.in/how-to-rebuild-credit-score-after-loan-settlement (identical title, description and H1) (+4 more)"
https://www.settleloans.in/improve-cibil-score,warning,Duplication,Duplicate Content Detected,"9 similar pages: https://www.settleloans.in/cibil-score-after-default (identical title, description and H1); https://www.settleloans.in/cibil-score-after-settlement (identical title, description and H1); https://www.settleloans.in/credit-repair (identical title, description and H1); https://www.settleloans.in/credit-score-improvement (identical title, description and H1); https://www.settleloans.in/credit-scores (identical title, description and H1) (+4 more)"
https://www.settleloans.in/credit-scores,warning,Duplication,Duplicate Content Detected,"9 similar pages: https://www.settleloans.in/cibil-score-after-default (identical title, description and H1); https://www.settleloans.in/cibil-score-after-settlement (identical title, description and H1); https://www.settleloans.in/credit-repair (identical title, description and H1); https://www.settleloans.in/credit-score-improvement (identical title, description and H1); https://www.settleloans.in/how-to-rebuild-credit-score-after-loan-settlement (identical title, description and H1) (+4 more)"
https://www.settleloans.in/cibil-score-after-default,warning,Duplication,Duplicate Content Detected,"9 similar pages: https://www.settleloans.in/cibil-score-after-settlement (identical title, description and H1); https://www.settleloans.in/credit-repair (identical title, description and H1); https://www.settleloans.in/credit-score-improvement (identical title, description and H1); https://www.settleloans.in/credit-scores (identical title, description and H1); https://www.settleloans.in/how-to-rebuild-credit-score-after-loan-settlement (identical title, description and H1) (+4 more)"
https://www.settleloans.in/ignoring-calls-of-recovery-agent,warning,Duplication,Duplicate Content Detected,"2 similar pages: https://www.settleloans.in/dealing-with-recovery-agents (identical title, description and H1); https://www.settleloans.in/services/anti-harassment (identical title, description and H1)"
https://www.settleloans.in/services/anti-harassment,warning,Duplication,Duplicate Content Detected,"2 similar pages: https://www.settleloans.in/dealing-with-recovery-agents (identical title, description and H1); https://www.settleloans.in/ignoring-calls-of-recovery-agent (identical title, description and H1)"
https://www.settleloans.in/dealing-with-recovery-agents,warning,Duplication,Duplicate Content Detected,"2 similar pages: https://www.settleloans.in/ignoring-calls-of-recovery-agent (identical title, description and H1); https://www.settleloans.in/services/anti-harassment (identical title, description and H1)"
https://www.settleloans.in/services/personal-loan-settlement,warning,Duplication,Duplicate Content Detected,"9 similar pages: https://www.settleloans.in/debt-settlement (identical title, description and H1); https://www.settleloans.in/debt-settlement-services (identical title, description and H1); https://www.settleloans.in/guides/personal-loan-settlement (identical title, description and H1); https://www.settleloans.in/how-to-settle-a-personal-loan (identical title, description and H1); https://www.settleloans.in/loan-relief (identical title, description and H1) (+4 more)"
https://www.settleloans.in/personal-loan-settlement,warning,Duplication,Duplicate Content Detected,"9 similar pages: https://www.settleloans.in/debt-settlement (identical title, description and H1); https://www.settleloans.in/debt-settlement-services (identical title, description and H1); https://www.settleloans.in/guides/personal-loan-settlement (identical title, description and H1); https://www.settleloans.in/how-to-settle-a-personal-loan (identical title, description and H1); https://www.settleloans.in/loan-relief (identical title, description and H1) (+4 more)"
https://www.settleloans.in/personal-loan-settlement-process,warning,Duplication,Duplicate Content Detected,"9 similar pages: https://www.settleloans.in/debt-settlement (identical title, description and H1); https://www.settleloans.in/debt-settlement-services (identical title, description and H1); https://www.settleloans.in/guides/personal-loan-settlement (identical title, description and H1); https://www.settleloans.in/how-to-settle-a-personal-loan (identical title, description and H1); https://www.settleloans.in/loan-relief (identical title, description and H1) (+4 more)"
https://www.settleloans.in/how-to-settle-a-personal-loan,warning,Duplication,Duplicate Content Detected,"9 similar pages: https://www.settleloans.in/debt-settlement (identical title, description and H1); https://www.settleloans.in/debt-settlement-services (identical title, description and H1); https://www.settleloans.in/guides/personal-loan-settlement (identical title, description and H1); https://www.settleloans.in/loan-relief (identical title, description and H1); https://www.settleloans.in/personal-loan-settlement (identical title, description and H1) (+4 more)"
https://www.settleloans.in/personal-loans,warning,Duplication,Duplicate Content Detected,"9 similar pages: https://www.settleloans.in/debt-settlement (identical title, description and H1); https://www.settleloans.in/debt-settlement-services (identical title, description and H1); https://www.settleloans.in/guides/personal-loan-settlement (identical title, description and H1); https://www.settleloans.in/how-to-settle-a-personal-loan (identical title, description and H1); https://www.settleloans.in/loan-relief (identical title, description and H1) (+4 more)"
https://www.settleloans.in/debt-settlement,warning,Duplication,Duplicate Content Detected,"9 similar pages: https://www.settleloans.in/debt-settlement-services (identical title, description and H1); https://www.settleloans.in/guides/personal-loan-settlement (identical title, description and H1); https://www.settleloans.in/how-to-settle-a-personal-loan (identical title, description and H1); https://www.settleloans.in/loan-relief (identical title, description and H1); https://www.settleloans.in/personal-loan-settlement (identical title, description and H1) (+4 more)"
https://www.settleloans.in/personal-loan-vs-line-of-credit,warning,Duplication,Duplicate Content Detected,"9 similar pages: https://www.settleloans.in/debt-settlement (identical title, description and H1); https://www.settleloans.in/debt-settlement-services (identical title, description and H1); https://www.settleloans.in/guides/personal-loan-settlement (identical title, description and H1); https://www.settleloans.in/how-to-settle-a-personal-loan (identical title, description and H1); https://www.settleloans.in/loan-relief (identical title, description and H1) (+4 more)"
https://www.settleloans.in/loan-relief,warning,Duplication,Duplicate Content Detected,"9 similar pages: https://www.settleloans.in/debt-settlement (identical title, description and H1); https://www.settleloans.in/debt-settlement-services (identical title, description and H1); https://www.settleloans.in/guides/personal-loan-settlement (identical title, description and H1); https://www.settleloans.in/how-to-settle-a-personal-loan (identical title, description and H1); https://www.settleloans.in/personal-loan-settlement (identical title, description and H1) (+4 more)"
https://www.settleloans.in/guides/personal-loan-settlement,warning,Duplication,Duplicate Content Detected,"9 similar pages: https://www.settleloans.in/debt-settlement (identical title, description and H1); https://www.settleloans.in/debt-settlement-services (identical title, description and H1); https://www.settleloans.in/how-to-settle-a-personal-loan (identical title, description and H1); https://www.settleloans.in/loan-relief (identical title, description and H1); https://www.settleloans.in/personal-loan-settlement (identical title, description and H1) (+4 more)"
https://www.settleloans.in/debt-settlement-services,warning,Duplication,Duplicate Content Detected,"9 similar pages: https://www.settleloans.in/debt-settlement (identical title, description and H1); https://www.settleloans.in/guides/personal-loan-settlement (identical title, description and H1); https://www.settleloans.in/how-to-settle-a-personal-loan (identical title, description and H1); https://www.settleloans.in/loan-relief (identical title, description and H1); https://www.settleloans.in/personal-loan-settlement (identical title, description and H1) (+4 more)"
https://www.settleloans.in/services/credit-card-settlement,warning,Duplication,Duplicate Content Detected,"7 similar pages: https://www.settleloans.in/credit-card-debt-relief (identical title, description and H1); https://www.settleloans.in/credit-card-debt-settlement (identical title, description and H1); https://www.settleloans.in/credit-card-debt-settlement-process (identical title, description and H1); https://www.settleloans.in/credit-card-settlement (identical title, description and H1); https://www.settleloans.in/credit-card-settlement-process (identical title, description and H1) (+2 more)"
https://www.settleloans.in/credit-card-debt-settlement-process,warning,Duplication,Duplicate Content Detected,"7 similar pages: https://www.settleloans.in/credit-card-debt-relief (identical title, description and H1); https://www.settleloans.in/credit-card-debt-settlement (identical title, description and H1); https://www.settleloans.in/credit-card-settlement (identical title, description and H1); https://www.settleloans.in/credit-card-settlement-process (identical title, description and H1); https://www.settleloans.in/credit-card-settlement-process-india (identical title, description and H1) (+2 more)"
https://www.settleloans.in/credit-card-settlement-process,warning,Duplication,Duplicate Content Detected,"7 similar pages: https://www.settleloans.in/credit-card-debt-relief (identical title, description and H1); https://www.settleloans.in/credit-card-debt-settlement (identical title, description and H1); https://www.settleloans.in/credit-card-debt-settlement-process (identical title, description and H1); https://www.settleloans.in/credit-card-settlement (identical title, description and H1); https://www.settleloans.in/credit-card-settlement-process-india (identical title, description and H1) (+2 more)"
https://www.settleloans.in/credit-card-settlement-process-india,warning,Duplication,Duplicate Content Detected,"7 similar pages: https://www.settleloans.in/credit-card-debt-relief (identical title, description and H1); https://www.settleloans.in/credit-card-debt-settlement (identical title, description and H1); https://www.settleloans.in/credit-card-debt-settlement-process (identical title, description and H1); https://www.settleloans.in/credit-card-settlement (identical title, description and H1); https://www.settleloans.in/credit-card-settlement-process (identical title, description and H1) (+2 more)"
https://www.settleloans.in/credit-card-settlement,warning,Duplication,Duplicate Content Detected,"7 similar pages: https://www.settleloans.in/credit-card-debt-relief (identical title, description and H1); https://www.settleloans.in/credit-card-debt-settlement (identical title, description and H1); https://www.settleloans.in/credit-card-debt-settlement-process (identical title, description and H1); https://www.settleloans.in/credit-card-settlement-process (identical title, description and H1); https://www.settleloans.in/credit-card-settlement-process-india (identical title, description and H1) (+2 more)"
https://www.settleloans.in/services/credit-card-settlement-process,warning,Duplication,Duplicate Content Detected,"7 similar pages: https://www.settleloans.in/credit-card-debt-relief (identical title, description and H1); https://www.settleloans.in/credit-card-debt-settlement (identical title, description and H1); https://www.settleloans.in/credit-card-debt-settlement-process (identical title, description and H1); https://www.settleloans.in/credit-card-settlement (identical title, description and H1); https://www.settleloans.in/credit-card-settlement-process (identical title, description and H1) (+2 more)"
https://www.settleloans.in/credit-card-debt-settlement,warning,Duplication,Duplicate Content Detected,"7 similar pages: https://www.settleloans.in/credit-card-debt-relief (identical title, description and H1); https://www.settleloans.in/credit-card-debt-settlement-process (identical title, description and H1); https://www.settleloans.in/credit-card-settlement (identical title, description and H1); https://www.settleloans.in/credit-card-settlement-process (identical title, description and H1); https://www.settleloans.in/credit-card-settlement-process-india (identical title, description and H1) (+2 more)"
https://www.settleloans.in/credit-card-debt-relief,warning,Duplication,Duplicate Content Detected,"7 similar pages: https://www.settleloans.in/credit-card-debt-settlement (identical title, description and H1); https://www.settleloans.in/credit-card-debt-settlement-process (identical title, description and H1); https://www.settleloans.in/credit-card-settlement (identical title, description and H1); https://www.settleloans.in/credit-card-settlement-process (identical title, description and H1); https://www.settleloans.in/credit-card-settlement-process-india (identical title, description and H1) (+2 more)"
https://www.settleloans.in/faqs/can-i-get-loan-after-settlement,warning,Duplication,Duplicate Content Detected,"1 similar page: https://www.settleloans.in/can-i-get-loan-after-settlement (identical title, description and H1)"
https://www.settleloans.in/can-i-get-loan-after-settlement,warning,Duplication,Duplicate Content Detected,"1 similar page: https://www.settleloans.in/faqs/can-i-get-loan-after-settlement (identical title, description and H1)"
https://www.settleloans.in/faqs/how-to-settle-loan,warning,Duplication,Duplicate Content Detected,"1 similar page: https://www.settleloans.in/how-to-settle-personal-loan (identical title, description and H1)"
https://www.settleloans.in/how-to-settle-personal-loan,warning,Duplication,Duplicate Content Detected,"1 similar page: https://www.settleloans.in/faqs/how-to-settle-loan (identical title, description and H1)"
https://www.settleloans.in/faqs/how-to-negotiate-personal-loan-settlement,warning,Duplication,Duplicate Content Detected,"2 similar pages: https://www.settleloans.in/how-to-negotiate-loan-settlement (identical title, description and H1); https://www.settleloans.in/how-to-negotiate-personal-loan-settlement (identical title, description and H1)"
https://www.settleloans.in/how-to-negotiate-personal-loan-settlement,warning,Duplication,Duplicate Content Detected,"2 similar pages: https://www.settleloans.in/faqs/how-to-negotiate-personal-loan-settlement (identical title, description and H1); https://www.settleloans.in/how-to-negotiate-loan-settlement (identical title, description and H1)"
https://www.settleloans.in/how-to-negotiate-loan-settlement,warning,Duplication,Duplicate Content Detected,"2 similar pages: https://www.settleloans.in/faqs/how-to-negotiate-personal-loan-settlement (identical title, description and H1); https://www.settleloans.in/how-to-negotiate-personal-loan-settlement (identical title, description and H1)"
https://www.settleloans.in/faqs/difference-between-loan-write-off-and-loan-settlements,warning,Duplication,Duplicate Content Detected,"1 similar page: https://www.settleloans.in/difference-between-civil-and-criminal-liability-in-loans (identical title, description and H1)"
https://www.settleloans.in/difference-between-civil-and-criminal-liability-in-loans,warning,Duplication,Duplicate Content Detected,"1 similar page: https://www.settleloans.in/faqs/difference-between-loan-write-off-and-loan-settlements (identical title, description and H1)"
https://www.settleloans.in/faqs/is-it-possible-to-settle-a-joint-loan-and-what-are-the-implications-for-co-borrowers,warning,Duplication,Duplicate Content Detected,"1 similar page: https://www.settleloans.in/is-is-possible-to-settle-joint-loan (identical title, description and H1)"
https://www.settleloans.in/is-is-possible-to-settle-joint-loan,warning,Duplication,Duplicate Content Detected,"1 similar page: https://www.settleloans.in/faqs/is-it-possible-to-settle-a-joint-loan-and-what-are-the-implications-for-co-borrowers (identical title, description and H1)"
https://www.settleloans.in/punishment-for-non-payment-of-personal-loan-in-india,warning,Duplication,Duplicate Content Detected,6 similar pages: https://www.settleloans.in/best-lawyer-for-personal-loans (86.3% similar); https://www.settleloans.in/debt-consolidation-loan-eligibility (86.2% similar); https://www.settleloans.in/best-lawyer-for-MSME-personal-loan (86.0% similar); https://www.settleloans.in/drt-lawyer-in-mumbai-loan-recovery (85.9% similar); https://www.settleloans.in/which-bank-provide-personal-loan-for-cibil-defaulters (85.5% similar) (+1 more)
https://www.settleloans.in/loan-settlement-during-medical-emergency,warning,Duplication,Duplicate Content Detected,"1 similar page: https://www.settleloans.in/medical-emergency-loan-settlement (identical title, description and H1)"
https://www.settleloans.in/medical-emergency-loan-settlement,warning,Duplication,Duplicate Content Detected,"1 similar page: https://www.settleloans.in/loan-settlement-during-medical-emergency (identical title, description and H1)"
https://www.settleloans.in/how-to-identify-fake-recovery-agents,warning,Duplication,Duplicate Content Detected,"1 similar page: https://www.settleloans.in/defamation-by-recovery-agents (identical title, description and H1)"
https://www.settleloans.in/defamation-by-recovery-agents,warning,Duplication,Duplicate Content Detected,"1 similar page: https://www.settleloans.in/how-to-identify-fake-recovery-agents (identical title, description and H1)"
https://www.settleloans.in/how-to-stop-loan-recovery-harassment,warning,Duplication,Duplicate Content Detected,"17 similar pages: https://www.settleloans.in/consumer-court-bank-harassment (identical title, description and H1); https://www.settleloans.in/dealing-with-harassment (identical title, description and H1); https://www.settleloans.in/harassment-by-recovery-agents (identical title, description and H1); https://www.settleloans.in/how-to-deal-with-loan-recovery-agents (identical title, description and H1); https://www.settleloans.in/how-to-deal-with-recovery-agent-harassment (identical title, description and H1) (+12 more)"
https://www.settleloans.in/stop-recovery-agent-harassment,warning,Duplication,Duplicate Content Detected,"17 similar pages: https://www.settleloans.in/consumer-court-bank-harassment (identical title, description and H1); https://www.settleloans.in/dealing-with-harassment (identical title, description and H1); https://www.settleloans.in/harassment-by-recovery-agents (identical title, description and H1); https://www.settleloans.in/how-to-deal-with-loan-recovery-agents (identical title, description and H1); https://www.settleloans.in/how-to-deal-with-recovery-agent-harassment (identical title, description and H1) (+12 more)"
https://www.settleloans.in/how-to-stop-recovery-agents,warning,Duplication,Duplicate Content Detected,"17 similar pages: https://www.settleloans.in/consumer-court-bank-harassment (identical title, description and H1); https://www.settleloans.in/dealing-with-harassment (identical title, description and H1); https://www.settleloans.in/harassment-by-recovery-agents (identical title, description and H1); https://www.settleloans.in/how-to-deal-with-loan-recovery-agents (identical title, description and H1); https://www.settleloans.in/how-to-deal-with-recovery-agent-harassment (identical title, description and H1) (+12 more)"
https://www.settleloans.in/dealing-with-harassment,warning,Duplication,Duplicate Content Detected,"17 similar pages: https://www.settleloans.in/consumer-court-bank-harassment (identical title, description and H1); https://www.settleloans.in/harassment-by-recovery-agents (identical title, description and H1); https://www.settleloans.in/how-to-deal-with-loan-recovery-agents (identical title, description and H1); https://www.settleloans.in/how-to-deal-with-recovery-agent-harassment (identical title, description and H1); https://www.settleloans.in/how-to-deal-with-recovery-agents (identical title, description and H1) (+12 more)"
https://www.settleloans.in/harassment-by-recovery-agents,warning,Duplication,Duplicate Content Detected,"17 similar pages: https://www.settleloans.in/consumer-court-bank-harassment (identical title, description and H1); https://www.settleloans.in/dealing-with-harassment (identical title, description and H1); https://www.settleloans.in/how-to-deal-with-loan-recovery-agents (identical title, description and H1); https://www.settleloans.in/how-to-deal-with-recovery-agent-harassment (identical title, description and H1); https://www.settleloans.in/how-to-deal-with-recovery-agents (identical title, description and H1) (+12 more)"
https://www.settleloans.in/how-to-stop-harassment-by-loan-collection-agents-in-india,warning,Duplication,Duplicate Content Detected,"17 similar pages: https://www.settleloans.in/consumer-court-bank-harassment (identical title, description and H1); https://www.settleloans.in/dealing-with-harassment (identical title, description and H1); https://www.settleloans.in/harassment-by-recovery-agents (identical title, description and H1); https://www.settleloans.in/how-to-deal-with-loan-recovery-agents (identical title, description and H1); https://www.settleloans.in/how-to-deal-with-recovery-agent-harassment (identical title, description and H1) (+12 more)"
https://www.settleloans.in/services/how-to-stop-recovery-agent-harassment,warning,Duplication,Duplicate Content Detected,"17 similar pages: https://www.settleloans.in/consumer-court-bank-harassment (identical title, description and H1); https://www.settleloans.in/dealing-with-harassment (identical title, description and H1); https://www.settleloans.in/harassment-by-recovery-agents (identical title, description and H1); https://www.settleloans.in/how-to-deal-with-loan-recovery-agents (identical title, description and H1); https://www.settleloans.in/how-to-deal-with-recovery-agent-harassment (identical title, description and H1) (+12 more)"
https://www.settleloans.in/stop-bank-harassment,warning,Duplication,Duplicate Content Detected,"17 similar pages: https://www.settleloans.in/consumer-court-bank-harassment (identical title, description and H1); https://www.settleloans.in/dealing-with-harassment (identical title, description and H1); https://www.settleloans.in/harassment-by-recovery-agents (identical title, description and H1); https://www.settleloans.in/how-to-deal-with-loan-recovery-agents (identical title, description and H1); https://www.settleloans.in/how-to-deal-with-recovery-agent-harassment (identical title, description and H1) (+12 more)"
https://www.settleloans.in/legal-rights,warning,Duplication,Duplicate Content Detected,"17 similar pages: https://www.settleloans.in/consumer-court-bank-harassment (identical title, description and H1); https://www.settleloans.in/dealing-with-harassment (identical title, description and H1); https://www.settleloans.in/harassment-by-recovery-agents (identical title, description and H1); https://www.settleloans.in/how-to-deal-with-loan-recovery-agents (identical title, description and H1); https://www.settleloans.in/how-to-deal-with-recovery-agent-harassment (identical title, description and H1) (+12 more)"
https://www.settleloans.in/how-to-deal-with-loan-recovery-agents,warning,Duplication,Duplicate Content Detected,"17 similar pages: https://www.settleloans.in/consumer-court-bank-harassment (identical title, description and H1); https://www.settleloans.in/dealing-with-harassment (identical title, description and H1); https://www.settleloans.in/harassment-by-recovery-agents (identical title, description and H1); https://www.settleloans.in/how-to-deal-with-recovery-agent-harassment (identical title, description and H1); https://www.settleloans.in/how-to-deal-with-recovery-agents (identical title, description and H1) (+12 more)"
https://www.settleloans.in/what-to-do-when-recovery-agents-harass-you,warning,Duplication,Duplicate Content Detected,"17 similar pages: https://www.settleloans.in/consumer-court-bank-harassment (identical title, description and H1); https://www.settleloans.in/dealing-with-harassment (identical title, description and H1); https://www.settleloans.in/harassment-by-recovery-agents (identical title, description and H1); https://www.settleloans.in/how-to-deal-with-loan-recovery-agents (identical title, description and H1); https://www.settleloans.in/how-to-deal-with-recovery-agent-harassment (identical title, description and H1) (+12 more)"
https://www.settleloans.in/what-to-do-when-loan-recovery-agents-harass-you,warning,Duplication,Duplicate Content Detected,"17 similar pages: https://www.settleloans.in/consumer-court-bank-harassment (identical title, description and H1); https://www.settleloans.in/dealing-with-harassment (identical title, description and H1); https://www.settleloans.in/harassment-by-recovery-agents (identical title, description and H1); https://www.settleloans.in/how-to-deal-with-loan-recovery-agents (identical title, description and H1); https://www.settleloans.in/how-to-deal-with-recovery-agent-harassment (identical title, description and H1) (+12 more)"
https://www.settleloans.in/how-to-deal-with-recovery-agent-harassment,warning,Duplication,Duplicate Content Detected,"17 similar pages: https://www.settleloans.in/consumer-court-bank-harassment (identical title, description and H1); https://www.settleloans.in/dealing-with-harassment (identical title, description and H1); https://www.settleloans.in/harassment-by-recovery-agents (identical title, description and H1); https://www.settleloans.in/how-to-deal-with-loan-recovery-agents (identical title, description and H1); https://www.settleloans.in/how-to-deal-with-recovery-agents (identical title, description and H1) (+12 more)"
https://www.settleloans.in/illegal-bank-recovery-agent-harassment,warning,Duplication,Duplicate Content Detected,"17 similar pages: https://www.settleloans.in/consumer-court-bank-harassment (identical title, description and H1); https://www.settleloans.in/dealing-with-harassment (identical title, description and H1); https://www.settleloans.in/harassment-by-recovery-agents (identical title, description and H1); https://www.settleloans.in/how-to-deal-with-loan-recovery-agents (identical title, description and H1); https://www.settleloans.in/how-to-deal-with-recovery-agent-harassment (identical title, description and H1) (+12 more)"
https://www.settleloans.in/legal-rights-of-defaulters,warning,Duplication,Duplicate Content Detected,"17 similar pages: https://www.settleloans.in/consumer-court-bank-harassment (identical title, description and H1); https://www.settleloans.in/dealing-with-harassment (identical title, description and H1); https://www.settleloans.in/harassment-by-recovery-agents (identical title, description and H1); https://www.settleloans.in/how-to-deal-with-loan-recovery-agents (identical title, description and H1); https://www.settleloans.in/how-to-deal-with-recovery-agent-harassment (identical title, description and H1) (+12 more)"
https://www.settleloans.in/consumer-court-bank-harassment,warning,Duplication,Duplicate Content Detected,"17 similar pages: https://www.settleloans.in/dealing-with-harassment (identical title, description and H1); https://www.settleloans.in/harassment-by-recovery-agents (identical title, description and H1); https://www.settleloans.in/how-to-deal-with-loan-recovery-agents (identical title, description and H1); https://www.settleloans.in/how-to-deal-with-recovery-agent-harassment (identical title, description and H1); https://www.settleloans.in/how-to-deal-with-recovery-agents (identical title, description and H1) (+12 more)"
https://www.settleloans.in/stop-recovery-harassment,warning,Duplication,Duplicate Content Detected,"17 similar pages: https://www.settleloans.in/consumer-court-bank-harassment (identical title, description and H1); https://www.settleloans.in/dealing-with-harassment (identical title, description and H1); https://www.settleloans.in/harassment-by-recovery-agents (identical title, description and H1); https://www.settleloans.in/how-to-deal-with-loan-recovery-agents (identical title, description and H1); https://www.settleloans.in/how-to-deal-with-recovery-agent-harassment (identical title, description and H1) (+12 more)"
https://www.settleloans.in/how-to-deal-with-recovery-agents,warning,Duplication,Duplicate Content Detected,"17 similar pages: https://www.settleloans.in/consumer-court-bank-harassment (identical title, description and H1); https://www.settleloans.in/dealing-with-harassment (identical title, description and H1); https://www.settleloans.in/harassment-by-recovery-agents (identical title, description and H1); https://www.settleloans.in/how-to-deal-with-loan-recovery-agents (identical title, description and H1); https://www.settleloans.in/how-to-deal-with-recovery-agent-harassment (identical title, description and H1) (+12 more)"
https://www.settleloans.in/rbi-rules-for-recovery-agents,warning,Duplication,Duplicate Content Detected,"12 similar pages: https://www.settleloans.in/blog/rbi-guidelines-for-recovery-agents (identical title, description and H1); https://www.settleloans.in/guides/rbi-guidelines-recovery-agents (identical title, description and H1); https://www.settleloans.in/rbi-guidelines-for-loan-recovery-agents (identical title, description and H1); https://www.settleloans.in/rbi-guidelines-for-loan-recovery-agents-in-india (identical title, description and H1); https://www.settleloans.in/rbi-guidelines-loan-recovery (identical title, description and H1) (+7 more)"
https://www.settleloans.in/blog/rbi-guidelines-for-recovery-agents,warning,Duplication,Duplicate Content Detected,"12 similar pages: https://www.settleloans.in/guides/rbi-guidelines-recovery-agents (identical title, description and H1); https://www.settleloans.in/rbi-guidelines-for-loan-recovery-agents (identical title, description and H1); https://www.settleloans.in/rbi-guidelines-for-loan-recovery-agents-in-india (identical title, description and H1); https://www.settleloans.in/rbi-guidelines-loan-recovery (identical title, description and H1); https://www.settleloans.in/rbi-guidelines-on-fair-recovery-practices (identical title, description and H1) (+7 more)"
https://www.settleloans.in/rbi-guidelines-for-loan-recovery-agents-in-india,warning,Duplication,Duplicate Content Detected,"12 similar pages: https://www.settleloans.in/blog/rbi-guidelines-for-recovery-agents (identical title, description and H1); https://www.settleloans.in/guides/rbi-guidelines-recovery-agents (identical title, description and H1); https://www.settleloans.in/rbi-guidelines-for-loan-recovery-agents (identical title, description and H1); https://www.settleloans.in/rbi-guidelines-loan-recovery (identical title, description and H1); https://www.settleloans.in/rbi-guidelines-on-fair-recovery-practices (identical title, description and H1) (+7 more)"
https://www.settleloans.in/rbi-guidelines-for-loan-recovery-agents,warning,Duplication,Duplicate Content Detected,"12 similar pages: https://www.settleloans.in/blog/rbi-guidelines-for-recovery-agents (identical title, description and H1); https://www.settleloans.in/guides/rbi-guidelines-recovery-agents (identical title, description and H1); https://www.settleloans.in/rbi-guidelines-for-loan-recovery-agents-in-india (identical title, description and H1); https://www.settleloans.in/rbi-guidelines-loan-recovery (identical title, description and H1); https://www.settleloans.in/rbi-guidelines-on-fair-recovery-practices (identical title, description and H1) (+7 more)"
https://www.settleloans.in/rbi-guidelines-on-loan-recovery,warning,Duplication,Duplicate Content Detected,"12 similar pages: https://www.settleloans.in/blog/rbi-guidelines-for-recovery-agents (identical title, description and H1); https://www.settleloans.in/guides/rbi-guidelines-recovery-agents (identical title, description and H1); https://www.settleloans.in/rbi-guidelines-for-loan-recovery-agents (identical title, description and H1); https://www.settleloans.in/rbi-guidelines-for-loan-recovery-agents-in-india (identical title, description and H1); https://www.settleloans.in/rbi-guidelines-loan-recovery (identical title, description and H1) (+7 more)"
https://www.settleloans.in/rbi-guidelines-on-fair-recovery-practices,warning,Duplication,Duplicate Content Detected,"12 similar pages: https://www.settleloans.in/blog/rbi-guidelines-for-recovery-agents (identical title, description and H1); https://www.settleloans.in/guides/rbi-guidelines-recovery-agents (identical title, description and H1); https://www.settleloans.in/rbi-guidelines-for-loan-recovery-agents (identical title, description and H1); https://www.settleloans.in/rbi-guidelines-for-loan-recovery-agents-in-india (identical title, description and H1); https://www.settleloans.in/rbi-guidelines-loan-recovery (identical title, description and H1) (+7 more)"
https://www.settleloans.in/rbi-guidelines-on-recovery-agents,warning,Duplication,Duplicate Content Detected,"12 similar pages: https://www.settleloans.in/blog/rbi-guidelines-for-recovery-agents (identical title, description and H1); https://www.settleloans.in/guides/rbi-guidelines-recovery-agents (identical title, description and H1); https://www.settleloans.in/rbi-guidelines-for-loan-recovery-agents (identical title, description and H1); https://www.settleloans.in/rbi-guidelines-for-loan-recovery-agents-in-india (identical title, description and H1); https://www.settleloans.in/rbi-guidelines-loan-recovery (identical title, description and H1) (+7 more)"
https://www.settleloans.in/rbi-guidelines-on-loan-recovery-agents,warning,Duplication,Duplicate Content Detected,"12 similar pages: https://www.settleloans.in/blog/rbi-guidelines-for-recovery-agents (identical title, description and H1); https://www.settleloans.in/guides/rbi-guidelines-recovery-agents (identical title, description and H1); https://www.settleloans.in/rbi-guidelines-for-loan-recovery-agents (identical title, description and H1); https://www.settleloans.in/rbi-guidelines-for-loan-recovery-agents-in-india (identical title, description and H1); https://www.settleloans.in/rbi-guidelines-loan-recovery (identical title, description and H1) (+7 more)"
https://www.settleloans.in/rbi-recovery-agent-guidelines,warning,Duplication,Duplicate Content Detected,"12 similar pages: https://www.settleloans.in/blog/rbi-guidelines-for-recovery-agents (identical title, description and H1); https://www.settleloans.in/guides/rbi-guidelines-recovery-agents (identical title, description and H1); https://www.settleloans.in/rbi-guidelines-for-loan-recovery-agents (identical title, description and H1); https://www.settleloans.in/rbi-guidelines-for-loan-recovery-agents-in-india (identical title, description and H1); https://www.settleloans.in/rbi-guidelines-loan-recovery (identical title, description and H1) (+7 more)"
https://www.settleloans.in/rbi-guidelines-recovery-agents,warning,Duplication,Duplicate Content Detected,"12 similar pages: https://www.settleloans.in/blog/rbi-guidelines-for-recovery-agents (identical title, description and H1); https://www.settleloans.in/guides/rbi-guidelines-recovery-agents (identical title, description and H1); https://www.settleloans.in/rbi-guidelines-for-loan-recovery-agents (identical title, description and H1); https://www.settleloans.in/rbi-guidelines-for-loan-recovery-agents-in-india (identical title, description and H1); https://www.settleloans.in/rbi-guidelines-loan-recovery (identical title, description and H1) (+7 more)"
https://www.settleloans.in/stop-recovery-agents,warning,Duplication,Duplicate Content Detected,"12 similar pages: https://www.settleloans.in/blog/rbi-guidelines-for-recovery-agents (identical title, description and H1); https://www.settleloans.in/guides/rbi-guidelines-recovery-agents (identical title, description and H1); https://www.settleloans.in/rbi-guidelines-for-loan-recovery-agents (identical title, description and H1); https://www.settleloans.in/rbi-guidelines-for-loan-recovery-agents-in-india (identical title, description and H1); https://www.settleloans.in/rbi-guidelines-loan-recovery (identical title, description and H1) (+7 more)"
https://www.settleloans.in/rbi-guidelines-loan-recovery,warning,Duplication,Duplicate Content Detected,"12 similar pages: https://www.settleloans.in/blog/rbi-guidelines-for-recovery-agents (identical title, description and H1); https://www.settleloans.in/guides/rbi-guidelines-recovery-agents (identical title, description and H1); https://www.settleloans.in/rbi-guidelines-for-loan-recovery-agents (identical title, description and H1); https://www.settleloans.in/rbi-guidelines-for-loan-recovery-agents-in-india (identical title, description and H1); https://www.settleloans.in/rbi-guidelines-on-fair-recovery-practices (identical title, description and H1) (+7 more)"
https://www.settleloans.in/guides/rbi-guidelines-recovery-agents,warning,Duplication,Duplicate Content Detected,"12 similar pages: https://www.settleloans.in/blog/rbi-guidelines-for-recovery-agents (identical title, description and H1); https://www.settleloans.in/rbi-guidelines-for-loan-recovery-agents (identical title, description and H1); https://www.settleloans.in/rbi-guidelines-for-loan-recovery-agents-in-india (identical title, description and H1); https://www.settleloans.in/rbi-guidelines-loan-recovery (identical title, description and H1); https://www.settleloans.in/rbi-guidelines-on-fair-recovery-practices (identical title, description and H1) (+7 more)"
https://www.settleloans.in/loan-settlement-letter-format-noc-format,warning,Duplication,Duplicate Content Detected,"1 similar page: https://www.settleloans.in/faqs/loan-settlement-letter-format-india (identical title, description and H1)"
https://www.settleloans.in/faqs/loan-settlement-letter-format-india,warning,Duplication,Duplicate Content Detected,"1 similar page: https://www.settleloans.in/loan-settlement-letter-format-noc-format (identical title, description and H1)"
https://www.settleloans.in/top-rated-loan-settlement-consultants-for-small-business-loans,warning,Duplication,Duplicate Content Detected,"1 similar page: https://www.settleloans.in/top-rated-loan-settlement-consultants-for-small-business-loans-page (identical title, description and H1)"
https://www.settleloans.in/top-rated-loan-settlement-consultants-for-small-business-loans-page,warning,Duplication,Duplicate Content Detected,"1 similar page: https://www.settleloans.in/top-rated-loan-settlement-consultants-for-small-business-loans (identical title, description and H1)"
https://www.settleloans.in/compare-different-debt-management-and-settlement-programs-available-to-indian-consumers,warning,Duplication,Duplicate Content Detected,"1 similar page: https://www.settleloans.in/debt-restructuring-vs-settlement (identical title, description and H1)"
https://www.settleloans.in/debt-restructuring-vs-settlement,warning,Duplication,Duplicate Content Detected,"1 similar page: https://www.settleloans.in/compare-different-debt-management-and-settlement-programs-available-to-indian-consumers (identical title, description and H1)"
https://www.settleloans.in/find-debt-settlement-services-known-for-effective-negotiation,warning,Duplication,Duplicate Content Detected,"1 similar page: https://www.settleloans.in/negotiation-tactics-for-debt-settlement (identical title, description and H1)"
https://www.settleloans.in/negotiation-tactics-for-debt-settlement,warning,Duplication,Duplicate Content Detected,"1 similar page: https://www.settleloans.in/find-debt-settlement-services-known-for-effective-negotiation (identical title, description and H1)"
https://www.settleloans.in/best-lawyer-for-documentation-review-of-loan-agreement,warning,Duplication,Duplicate Content Detected,20 similar pages: https://www.settleloans.in/best-lawyer-for-loan-recovery-documentation (94.1% similar); https://www.settleloans.in/best-lawyer-for-car-loan-settlement (91.4% similar); https://www.settleloans.in/best-lawyer-for-secured-loan-litigation-drt (91.4% similar); https://www.settleloans.in/best-lawyer-for-business-loan-settlement (90.3% similar); https://www.settleloans.in/best-lawyer-for-unsecured-loan (89.9% similar) (+15 more)
https://www.settleloans.in/best-lawyer-for-loan-recovery-documentation,warning,Duplication,Duplicate Content Detected,26 similar pages: https://www.settleloans.in/best-lawyer-for-documentation-review-of-loan-agreement (94.1% similar); https://www.settleloans.in/best-lawyer-for-MSME-loan-recovery-defence (94.1% similar); https://www.settleloans.in/best-lawyer-for-car-loan-settlement (93.2% similar); https://www.settleloans.in/best-lawyer-for-secured-loan-litigation-drt (93.2% similar); https://www.settleloans.in/best-lawyer-for-loan-recovery-cases (92.4% similar) (+21 more)
https://www.settleloans.in/best-lawyer-for-arc-loan-assignment-dispute,warning,Duplication,Duplicate Content Detected,27 similar pages: https://www.settleloans.in/best-lawyer-to-challenge-loan-assignment-to-arc (91.6% similar); https://www.settleloans.in/best-lawyer-for-business-loan-settlement (90.6% similar); https://www.settleloans.in/drt-lawyer-in-mumbai-loan-recovery (89.9% similar); https://www.settleloans.in/best-lawyer-for-MSME-loan-recovery-defence (89.8% similar); https://www.settleloans.in/best-lawyer-for-secured-loan-litigation-drt (89.7% similar) (+22 more)
https://www.settleloans.in/best-lawyer-for-account-documents-drt,warning,Duplication,Duplicate Content Detected,20 similar pages: https://www.settleloans.in/drt-lawyer-in-mumbai-loan-recovery (89.3% similar); https://www.settleloans.in/best-lawyer-for-loan-contract (88.5% similar); https://www.settleloans.in/best-lawyer-for-bank-harassment-for-loan (87.9% similar); https://www.settleloans.in/best-lawyer-for-personal-loans (87.5% similar); https://www.settleloans.in/best-lawyer-for-business-loan-settlement (87.5% similar) (+15 more)
https://www.settleloans.in/drt-lawyer-in-mumbai-loan-recovery,warning,Duplication,Duplicate Content Detected,27 similar pages: https://www.settleloans.in/best-lawyer-for-MSME-loan-recovery-defence (91.4% similar); https://www.settleloans.in/best-lawyer-for-loan-recovery-documentation (91.1% similar); https://www.settleloans.in/best-lawyer-for-loan-recovery-cases (90.8% similar); https://www.settleloans.in/best-lawyer-for-loan-contract (90.6% similar); https://www.settleloans.in/best-lawyer-for-home-loan-settlement (89.9% similar) (+22 more)
https://www.settleloans.in/best-lawyer-for-drt-case-defence-for-bank-loan-recovery,warning,Duplication,Duplicate Content Detected,"2 similar pages: https://www.settleloans.in/drt-lawyer (identical title, description and H1); https://www.settleloans.in/how-to-file-case-in-drt (identical title, description and H1)"
https://www.settleloans.in/drt-lawyer,warning,Duplication,Duplicate Content Detected,"2 similar pages: https://www.settleloans.in/best-lawyer-for-drt-case-defence-for-bank-loan-recovery (identical title, description and H1); https://www.settleloans.in/how-to-file-case-in-drt (identical title, description and H1)"
https://www.settleloans.in/how-to-file-case-in-drt,warning,Duplication,Duplicate Content Detected,"2 similar pages: https://www.settleloans.in/best-lawyer-for-drt-case-defence-for-bank-loan-recovery (identical title, description and H1); https://www.settleloans.in/drt-lawyer (identical title, description and H1)"
https://www.settleloans.in/best-lawyer-for-bank-loan-recovery-defence,warning,Duplication,Duplicate Content Detected,"1 similar page: https://www.settleloans.in/best-lawyer-for-loan-recovery-defence (identical title, description and H1)"
https://www.settleloans.in/best-lawyer-for-loan-recovery-defence,warning,Duplication,Duplicate Content Detected,"1 similar page: https://www.settleloans.in/best-lawyer-for-bank-loan-recovery-defence (identical title, description and H1)"
https://www.settleloans.in/best-lawyer-for-personal-loans,warning,Duplication,Duplicate Content Detected,24 similar pages: https://www.settleloans.in/best-lawyer-for-MSME-personal-loan (96.8% similar); https://www.settleloans.in/best-lawyer-for-education-loan-settlement (94.5% similar); https://www.settleloans.in/best-lawyer-for-loan-against-property-settlement (94.0% similar); https://www.settleloans.in/best-lawyer-for-business-loan-settlement (93.9% similar); https://www.settleloans.in/best-lawyer-for-car-loan-settlement (92.9% similar) (+19 more)
https://www.settleloans.in/best-lawyer-for-MSME-personal-loan,warning,Duplication,Duplicate Content Detected,28 similar pages: https://www.settleloans.in/best-lawyer-for-personal-loans (96.8% similar); https://www.settleloans.in/best-lawyer-for-MSME-loan-recovery-defence (92.5% similar); https://www.settleloans.in/best-lawyer-for-education-loan-settlement (91.7% similar); https://www.settleloans.in/best-lawyer-for-loan-contract (91.5% similar); https://www.settleloans.in/best-lawyer-for-loan-against-property-settlement (91.4% similar) (+23 more)
https://www.settleloans.in/best-lawyer-for-MSME-loan-recovery-defence,warning,Duplication,Duplicate Content Detected,26 similar pages: https://www.settleloans.in/best-lawyer-for-loan-recovery-documentation (94.1% similar); https://www.settleloans.in/best-lawyer-for-unsecured-loan (92.9% similar); https://www.settleloans.in/best-lawyer-for-MSME-personal-loan (92.5% similar); https://www.settleloans.in/best-lawyer-for-business-loan-settlement (92.3% similar); https://www.settleloans.in/best-lawyer-for-loan-recovery-cases (92.0% similar) (+21 more)
https://www.settleloans.in/best-lawyer-to-challenge-loan-assignment-to-arc,warning,Duplication,Duplicate Content Detected,23 similar pages: https://www.settleloans.in/best-lawyer-for-arc-loan-assignment-dispute (91.6% similar); https://www.settleloans.in/best-lawyer-for-loan-contract (89.0% similar); https://www.settleloans.in/best-lawyer-for-business-loan-settlement (88.4% similar); https://www.settleloans.in/best-lawyer-for-personal-loans (87.8% similar); https://www.settleloans.in/best-lawyer-for-MSME-loan-recovery-defence (87.8% similar) (+18 more)
https://www.settleloans.in/best-lawyer-for-unsecured-loan,warning,Duplication,Duplicate Content Detected,21 similar pages: https://www.settleloans.in/best-lawyer-for-MSME-loan-recovery-defence (92.9% similar); https://www.settleloans.in/best-lawyer-for-loan-recovery-documentation (91.9% similar); https://www.settleloans.in/best-lawyer-for-car-loan-settlement (91.8% similar); https://www.settleloans.in/best-lawyer-for-secured-loan-litigation-drt (91.8% similar); https://www.settleloans.in/best-lawyer-for-business-loan-settlement (90.8% similar) (+16 more)
https://www.settleloans.in/best-lawyer-for-secured-loan-litigation-drt,warning,Duplication,Duplicate Content Detected,20 similar pages: https://www.settleloans.in/best-lawyer-for-car-loan-settlement (93.3% similar); https://www.settleloans.in/best-lawyer-for-loan-recovery-documentation (93.2% similar); https://www.settleloans.in/best-lawyer-for-business-loan-settlement (92.2% similar); https://www.settleloans.in/best-lawyer-for-unsecured-loan (91.8% similar); https://www.settleloans.in/best-lawyer-for-documentation-review-of-loan-agreement (91.4% similar) (+15 more)
https://www.settleloans.in/best-lawyer-for-car-loan-settlement,warning,Duplication,Duplicate Content Detected,22 similar pages: https://www.settleloans.in/best-lawyer-for-business-loan-settlement (95.6% similar); https://www.settleloans.in/best-lawyer-for-education-loan-settlement (93.5% similar); https://www.settleloans.in/best-lawyer-for-secured-loan-litigation-drt (93.3% similar); https://www.settleloans.in/best-lawyer-for-loan-recovery-documentation (93.2% similar); https://www.settleloans.in/best-lawyer-for-personal-loans (92.9% similar) (+17 more)
https://www.settleloans.in/best-lawyer-for-loan-against-property-settlement,warning,Duplication,Duplicate Content Detected,28 similar pages: https://www.settleloans.in/best-lawyer-for-education-loan-settlement (94.7% similar); https://www.settleloans.in/best-lawyer-for-personal-loans (94.0% similar); https://www.settleloans.in/best-lawyer-for-business-loan-settlement (93.7% similar); https://www.settleloans.in/best-lawyer-for-car-loan-settlement (92.7% similar); https://www.settleloans.in/best-lawyer-for-home-loan-settlement (92.2% similar) (+23 more)
https://www.settleloans.in/best-lawyer-for-education-loan-settlement,warning,Duplication,Duplicate Content Detected,28 similar pages: https://www.settleloans.in/best-lawyer-for-loan-against-property-settlement (94.7% similar); https://www.settleloans.in/best-lawyer-for-personal-loans (94.5% similar); https://www.settleloans.in/best-lawyer-for-business-loan-settlement (94.4% similar); https://www.settleloans.in/best-lawyer-for-home-loan-settlement (93.9% similar); https://www.settleloans.in/best-lawyer-for-car-loan-settlement (93.5% similar) (+23 more)
https://www.settleloans.in/best-lawyer-for-loan-and-mortgage-agreements,warning,Duplication,Duplicate Content Detected,27 similar pages: https://www.settleloans.in/best-lawyer-for-loan-recovery-cases (92.1% similar); https://www.settleloans.in/best-lawyer-for-home-loan-settlement (91.2% similar); https://www.settleloans.in/best-lawyer-for-education-loan-settlement (91.0% similar); https://www.settleloans.in/best-lawyer-for-loan-contract (89.8% similar); https://www.settleloans.in/best-lawyer-for-MSME-personal-loan (89.6% similar) (+22 more)
https://www.settleloans.in/best-lawyer-for-loan-recovery-cases,warning,Duplication,Duplicate Content Detected,28 similar pages: https://www.settleloans.in/best-lawyer-for-loan-recovery-documentation (92.4% similar); https://www.settleloans.in/best-lawyer-for-home-loan-settlement (92.3% similar); https://www.settleloans.in/best-lawyer-for-loan-and-mortgage-agreements (92.1% similar); https://www.settleloans.in/best-lawyer-for-MSME-loan-recovery-defence (92.0% similar); https://www.settleloans.in/best-lawyer-for-education-loan-settlement (91.9% similar) (+23 more)
https://www.settleloans.in/best-lawyer-for-bank-harassment-for-loan,warning,Duplication,Duplicate Content Detected,20 similar pages: https://www.settleloans.in/best-lawyer-for-MSME-loan-recovery-defence (90.7% similar); https://www.settleloans.in/best-lawyer-for-unsecured-loan (89.6% similar); https://www.settleloans.in/best-lawyer-for-education-loan-settlement (89.3% similar); https://www.settleloans.in/best-lawyer-for-loan-contract (89.3% similar); https://www.settleloans.in/best-lawyer-for-loan-against-property-settlement (89.2% similar) (+15 more)
https://www.settleloans.in/best-lawyer-for-loan-contract,warning,Duplication,Duplicate Content Detected,26 similar pages: https://www.settleloans.in/best-lawyer-for-business-loan-settlement (92.3% similar); https://www.settleloans.in/best-lawyer-for-education-loan-settlement (92.0% similar); https://www.settleloans.in/best-lawyer-for-personal-loans (91.8% similar); https://www.settleloans.in/best-lawyer-for-loan-against-property-settlement (91.6% similar); https://www.settleloans.in/best-lawyer-for-MSME-personal-loan (91.5% similar) (+21 more)
https://www.settleloans.in/loan-settlement-amount-calculator,warning,Duplication,Duplicate Content Detected,"21 similar pages: https://www.settleloans.in/personal-loan-prepayment-calculator (identical title, description and H1); https://www.settleloans.in/bank-ots-settlement-process (92.1% similar); https://www.settleloans.in/faqs/what-is-loan-settlement-process-in-india (92.1% similar); https://www.settleloans.in/home-loan-one-time-settlement (92.1% similar); https://www.settleloans.in/how-to-settle-loan (92.1% similar) (+16 more)"
https://www.settleloans.in/personal-loan-prepayment-calculator,warning,Duplication,Duplicate Content Detected,"21 similar pages: https://www.settleloans.in/loan-settlement-amount-calculator (identical title, description and H1); https://www.settleloans.in/bank-ots-settlement-process (92.1% similar); https://www.settleloans.in/faqs/what-is-loan-settlement-process-in-india (92.1% similar); https://www.settleloans.in/home-loan-one-time-settlement (92.1% similar); https://www.settleloans.in/how-to-settle-loan (92.1% similar) (+16 more)"
https://www.settleloans.in/best-lawyer-for-home-loan-settlement,warning,Duplication,Duplicate Content Detected,32 similar pages: https://www.settleloans.in/best-lawyer-for-education-loan-settlement (93.9% similar); https://www.settleloans.in/best-lawyer-for-loan-recovery-cases (92.3% similar); https://www.settleloans.in/best-lawyer-for-loan-against-property-settlement (92.2% similar); https://www.settleloans.in/best-lawyer-for-personal-loans (92.0% similar); https://www.settleloans.in/best-lawyer-for-business-loan-settlement (91.9% similar) (+27 more)
https://www.settleloans.in/loan-settlement-process-in-india,warning,Duplication,Duplicate Content Detected,"25 similar pages: https://www.settleloans.in/bank-ots-settlement-process (identical title, description and H1); https://www.settleloans.in/faqs/what-is-loan-settlement-process-in-india (identical title, description and H1); https://www.settleloans.in/home-loan-one-time-settlement (identical title, description and H1); https://www.settleloans.in/how-to-settle-loan (identical title, description and H1); https://www.settleloans.in/loan-settlement-process (identical title, description and H1) (+20 more)"
https://www.settleloans.in/faqs/what-is-loan-settlement-process-in-india,warning,Duplication,Duplicate Content Detected,"25 similar pages: https://www.settleloans.in/bank-ots-settlement-process (identical title, description and H1); https://www.settleloans.in/home-loan-one-time-settlement (identical title, description and H1); https://www.settleloans.in/how-to-settle-loan (identical title, description and H1); https://www.settleloans.in/loan-settlement-process (identical title, description and H1); https://www.settleloans.in/loan-settlement-process-in-india (identical title, description and H1) (+20 more)"
https://www.settleloans.in/npa-loan-settlement-process,warning,Duplication,Duplicate Content Detected,"25 similar pages: https://www.settleloans.in/bank-ots-settlement-process (identical title, description and H1); https://www.settleloans.in/faqs/what-is-loan-settlement-process-in-india (identical title, description and H1); https://www.settleloans.in/home-loan-one-time-settlement (identical title, description and H1); https://www.settleloans.in/how-to-settle-loan (identical title, description and H1); https://www.settleloans.in/loan-settlement-process (identical title, description and H1) (+20 more)"
https://www.settleloans.in/personal-loan-recovery-process-by-banks-in-india,warning,Duplication,Duplicate Content Detected,"25 similar pages: https://www.settleloans.in/bank-ots-settlement-process (identical title, description and H1); https://www.settleloans.in/faqs/what-is-loan-settlement-process-in-india (identical title, description and H1); https://www.settleloans.in/home-loan-one-time-settlement (identical title, description and H1); https://www.settleloans.in/how-to-settle-loan (identical title, description and H1); https://www.settleloans.in/loan-settlement-process (identical title, description and H1) (+20 more)"
https://www.settleloans.in/what-is-one-time-settlement-ots-in-banking,warning,Duplication,Duplicate Content Detected,"25 similar pages: https://www.settleloans.in/bank-ots-settlement-process (identical title, description and H1); https://www.settleloans.in/faqs/what-is-loan-settlement-process-in-india (identical title, description and H1); https://www.settleloans.in/home-loan-one-time-settlement (identical title, description and H1); https://www.settleloans.in/how-to-settle-loan (identical title, description and H1); https://www.settleloans.in/loan-settlement-process (identical title, description and H1) (+20 more)"
https://www.settleloans.in/loan-settlement-process-step-by-step-guide,warning,Duplication,Duplicate Content Detected,"25 similar pages: https://www.settleloans.in/bank-ots-settlement-process (identical title, description and H1); https://www.settleloans.in/faqs/what-is-loan-settlement-process-in-india (identical title, description and H1); https://www.settleloans.in/home-loan-one-time-settlement (identical title, description and H1); https://www.settleloans.in/how-to-settle-loan (identical title, description and H1); https://www.settleloans.in/loan-settlement-process (identical title, description and H1) (+20 more)"
https://www.settleloans.in/ots-loan-settlement-process,warning,Duplication,Duplicate Content Detected,"25 similar pages: https://www.settleloans.in/bank-ots-settlement-process (identical title, description and H1); https://www.settleloans.in/faqs/what-is-loan-settlement-process-in-india (identical title, description and H1); https://www.settleloans.in/home-loan-one-time-settlement (identical title, description and H1); https://www.settleloans.in/how-to-settle-loan (identical title, description and H1); https://www.settleloans.in/loan-settlement-process (identical title, description and H1) (+20 more)"
https://www.settleloans.in/one-time-settlement-process-for-loans,warning,Duplication,Duplicate Content Detected,"25 similar pages: https://www.settleloans.in/bank-ots-settlement-process (identical title, description and H1); https://www.settleloans.in/faqs/what-is-loan-settlement-process-in-india (identical title, description and H1); https://www.settleloans.in/home-loan-one-time-settlement (identical title, description and H1); https://www.settleloans.in/how-to-settle-loan (identical title, description and H1); https://www.settleloans.in/loan-settlement-process (identical title, description and H1) (+20 more)"
https://www.settleloans.in/how-to-settle-loan,warning,Duplication,Duplicate Content Detected,"25 similar pages: https://www.settleloans.in/bank-ots-settlement-process (identical title, description and H1); https://www.settleloans.in/faqs/what-is-loan-settlement-process-in-india (identical title, description and H1); https://www.settleloans.in/home-loan-one-time-settlement (identical title, description and H1); https://www.settleloans.in/loan-settlement-process (identical title, description and H1); https://www.settleloans.in/loan-settlement-process-in-india (identical title, description and H1) (+20 more)"
https://www.settleloans.in/npa-account-settlement,warning,Duplication,Duplicate Content Detected,"25 similar pages: https://www.settleloans.in/bank-ots-settlement-process (identical title, description and H1); https://www.settleloans.in/faqs/what-is-loan-settlement-process-in-india (identical title, description and H1); https://www.settleloans.in/home-loan-one-time-settlement (identical title, description and H1); https://www.settleloans.in/how-to-settle-loan (identical title, description and H1); https://www.settleloans.in/loan-settlement-process (identical title, description and H1) (+20 more)"
https://www.settleloans.in/home-loan-one-time-settlement,warning,Duplication,Duplicate Content Detected,"25 similar pages: https://www.settleloans.in/bank-ots-settlement-process (identical title, description and H1); https://www.settleloans.in/faqs/what-is-loan-settlement-process-in-india (identical title, description and H1); https://www.settleloans.in/how-to-settle-loan (identical title, description and H1); https://www.settleloans.in/loan-settlement-process (identical title, description and H1); https://www.settleloans.in/loan-settlement-process-in-india (identical title, description and H1) (+20 more)"
https://www.settleloans.in/bank-ots-settlement-process,warning,Duplication,Duplicate Content Detected,"25 similar pages: https://www.settleloans.in/faqs/what-is-loan-settlement-process-in-india (identical title, description and H1); https://www.settleloans.in/home-loan-one-time-settlement (identical title, description and H1); https://www.settleloans.in/how-to-settle-loan (identical title, description and H1); https://www.settleloans.in/loan-settlement-process (identical title, description and H1); https://www.settleloans.in/loan-settlement-process-in-india (identical title, description and H1) (+20 more)"
https://www.settleloans.in/one-time-settlement-process,warning,Duplication,Duplicate Content Detected,"25 similar pages: https://www.settleloans.in/bank-ots-settlement-process (identical title, description and H1); https://www.settleloans.in/faqs/what-is-loan-settlement-process-in-india (identical title, description and H1); https://www.settleloans.in/home-loan-one-time-settlement (identical title, description and H1); https://www.settleloans.in/how-to-settle-loan (identical title, description and H1); https://www.settleloans.in/loan-settlement-process (identical title, description and H1) (+20 more)"
https://www.settleloans.in/loan-settlement-process,warning,Duplication,Duplicate Content Detected,"25 similar pages: https://www.settleloans.in/bank-ots-settlement-process (identical title, description and H1); https://www.settleloans.in/faqs/what-is-loan-settlement-process-in-india (identical title, description and H1); https://www.settleloans.in/home-loan-one-time-settlement (identical title, description and H1); https://www.settleloans.in/how-to-settle-loan (identical title, description and H1); https://www.settleloans.in/loan-settlement-process-in-india (identical title, description and H1) (+20 more)"
https://www.settleloans.in/loan-settlement-rules-india,warning,Duplication,Duplicate Content Detected,26 similar pages: https://www.settleloans.in/bank-ots-settlement-process (93.7% similar); https://www.settleloans.in/faqs/what-is-loan-settlement-process-in-india (93.7% similar); https://www.settleloans.in/home-loan-one-time-settlement (93.7% similar); https://www.settleloans.in/how-to-settle-loan (93.7% similar); https://www.settleloans.in/loan-settlement-process (93.7% similar) (+21 more)
https://www.settleloans.in/gold-loan-settlement-process,warning,Duplication,Duplicate Content Detected,20 similar pages: https://www.settleloans.in/unsecured-loan-settlement-process-for-nris-in-india (89.8% similar); https://www.settleloans.in/bank-ots-settlement-process (89.7% similar); https://www.settleloans.in/faqs/what-is-loan-settlement-process-in-india (89.7% similar); https://www.settleloans.in/home-loan-one-time-settlement (89.7% similar); https://www.settleloans.in/how-to-settle-loan (89.7% similar) (+15 more)
https://www.settleloans.in/gold-loan-interest-in-india,warning,Duplication,Duplicate Content Detected,21 similar pages: https://www.settleloans.in/bank-ots-settlement-process (91.8% similar); https://www.settleloans.in/faqs/what-is-loan-settlement-process-in-india (91.8% similar); https://www.settleloans.in/home-loan-one-time-settlement (91.8% similar); https://www.settleloans.in/how-to-settle-loan (91.8% similar); https://www.settleloans.in/loan-settlement-process (91.8% similar) (+16 more)
https://www.settleloans.in/legal-help-for-loan-settlement,warning,Duplication,Duplicate Content Detected,34 similar pages: https://www.settleloans.in/legal-notice-for-loan-default (91.6% similar); https://www.settleloans.in/legal-notice-for-loan-recovery (91.6% similar); https://www.settleloans.in/legal-notice-format (91.6% similar); https://www.settleloans.in/send-a-legal-notice (91.6% similar); https://www.settleloans.in/send-legal-notice (91.6% similar) (+29 more)
https://www.settleloans.in/legal-notice-for-loan-recovery,warning,Duplication,Duplicate Content Detected,"18 similar pages: https://www.settleloans.in/legal-notice-for-loan-default (identical title, description and H1); https://www.settleloans.in/legal-notice-format (identical title, description and H1); https://www.settleloans.in/send-a-legal-notice (identical title, description and H1); https://www.settleloans.in/send-legal-notice (identical title, description and H1); https://www.settleloans.in/services/legal-notice (identical title, description and H1) (+13 more)"
https://www.settleloans.in/legal-notice-for-loan-default,warning,Duplication,Duplicate Content Detected,"18 similar pages: https://www.settleloans.in/legal-notice-for-loan-recovery (identical title, description and H1); https://www.settleloans.in/legal-notice-format (identical title, description and H1); https://www.settleloans.in/send-a-legal-notice (identical title, description and H1); https://www.settleloans.in/send-legal-notice (identical title, description and H1); https://www.settleloans.in/services/legal-notice (identical title, description and H1) (+13 more)"
https://www.settleloans.in/services/legal-notice,warning,Duplication,Duplicate Content Detected,"18 similar pages: https://www.settleloans.in/legal-notice-for-loan-default (identical title, description and H1); https://www.settleloans.in/legal-notice-for-loan-recovery (identical title, description and H1); https://www.settleloans.in/legal-notice-format (identical title, description and H1); https://www.settleloans.in/send-a-legal-notice (identical title, description and H1); https://www.settleloans.in/send-legal-notice (identical title, description and H1) (+13 more)"
https://www.settleloans.in/legal-notice-format,warning,Duplication,Duplicate Content Detected,"18 similar pages: https://www.settleloans.in/legal-notice-for-loan-default (identical title, description and H1); https://www.settleloans.in/legal-notice-for-loan-recovery (identical title, description and H1); https://www.settleloans.in/send-a-legal-notice (identical title, description and H1); https://www.settleloans.in/send-legal-notice (identical title, description and H1); https://www.settleloans.in/services/legal-notice (identical title, description and H1) (+13 more)"
https://www.settleloans.in/send-a-legal-notice,warning,Duplication,Duplicate Content Detected,"18 similar pages: https://www.settleloans.in/legal-notice-for-loan-default (identical title, description and H1); https://www.settleloans.in/legal-notice-for-loan-recovery (identical title, description and H1); https://www.settleloans.in/legal-notice-format (identical title, description and H1); https://www.settleloans.in/send-legal-notice (identical title, description and H1); https://www.settleloans.in/services/legal-notice (identical title, description and H1) (+13 more)"
https://www.settleloans.in/send-legal-notice,warning,Duplication,Duplicate Content Detected,"18 similar pages: https://www.settleloans.in/legal-notice-for-loan-default (identical title, description and H1); https://www.settleloans.in/legal-notice-for-loan-recovery (identical title, description and H1); https://www.settleloans.in/legal-notice-format (identical title, description and H1); https://www.settleloans.in/send-a-legal-notice (identical title, description and H1); https://www.settleloans.in/services/legal-notice (identical title, description and H1) (+13 more)"
https://www.settleloans.in/startup-loan-legal-advisory,warning,Duplication,Duplicate Content Detected,"1 similar page: https://www.settleloans.in/settle-loan-legally (identical title, description and H1)"
https://www.settleloans.in/settle-loan-legally,warning,Duplication,Duplicate Content Detected,"1 similar page: https://www.settleloans.in/startup-loan-legal-advisory (identical title, description and H1)"
https://www.settleloans.in/bank-sent-legal-notice-for-loan-what-to-do,warning,Duplication,Duplicate Content Detected,"1 similar page: https://www.settleloans.in/blog/fake-legal-notice-format (identical title, description and H1)"
https://www.settleloans.in/blog/fake-legal-notice-format,warning,Duplication,Duplicate Content Detected,"1 similar page: https://www.settleloans.in/bank-sent-legal-notice-for-loan-what-to-do (identical title, description and H1)"
https://www.settleloans.in/can-bank-file-case-for-personal-loan,warning,Duplication,Duplicate Content Detected,"1 similar page: https://www.settleloans.in/can-banks-sue-for-unpaid-loans (identical title, description and H1)"
https://www.settleloans.in/can-banks-sue-for-unpaid-loans,warning,Duplication,Duplicate Content Detected,"1 similar page: https://www.settleloans.in/can-bank-file-case-for-personal-loan (identical title, description and H1)"
https://www.settleloans.in/legal-action-for-credit-card-default,warning,Duplication,Duplicate Content Detected,"1 similar page: https://www.settleloans.in/blog/credit-card-default (identical title, description and H1)"
https://www.settleloans.in/blog/credit-card-default,warning,Duplication,Duplicate Content Detected,"1 similar page: https://www.settleloans.in/legal-action-for-credit-card-default (identical title, description and H1)"
https://www.settleloans.in/bank-arbitration-notice-loan,warning,Duplication,Duplicate Content Detected,"1 similar page: https://www.settleloans.in/how-to-reply-to-arbitration-notice (identical title, description and H1)"
https://www.settleloans.in/how-to-reply-to-arbitration-notice,warning,Duplication,Duplicate Content Detected,"1 similar page: https://www.settleloans.in/bank-arbitration-notice-loan (identical title, description and H1)"
https://www.settleloans.in/recovery-agents-threatening-me-what-to-do,warning,Duplication,Duplicate Content Detected,"1 similar page: https://www.settleloans.in/what-to-do-when-recovery-agent-calls-you (identical title, description and H1)"
https://www.settleloans.in/what-to-do-when-recovery-agent-calls-you,warning,Duplication,Duplicate Content Detected,"1 similar page: https://www.settleloans.in/recovery-agents-threatening-me-what-to-do (identical title, description and H1)"
https://www.settleloans.in/can-recovery-agents-come-home,warning,Duplication,Duplicate Content Detected,"1 similar page: https://www.settleloans.in/harassment-by-recovery-agents-rights (identical title, description and H1)"
https://www.settleloans.in/harassment-by-recovery-agents-rights,warning,Duplication,Duplicate Content Detected,"1 similar page: https://www.settleloans.in/can-recovery-agents-come-home (identical title, description and H1)"
https://www.settleloans.in/is-loan-settlement-a-good-option-for-borrowers,warning,Duplication,Duplicate Content Detected,"1 similar page: https://www.settleloans.in/is-loan-settlement-a-good-option (identical title, description and H1)"
https://www.settleloans.in/is-loan-settlement-a-good-option,warning,Duplication,Duplicate Content Detected,"1 similar page: https://www.settleloans.in/is-loan-settlement-a-good-option-for-borrowers (identical title, description and H1)"
https://www.settleloans.in/how-can-i-initiate-a-full-and-final-settlement-discussion-with-my-bank,warning,Duplication,Duplicate Content Detected,"1 similar page: https://www.settleloans.in/how-to-initiate-a-full-and-final-settlement-discussion-with-my-bank (identical title, description and H1)"
https://www.settleloans.in/how-to-initiate-a-full-and-final-settlement-discussion-with-my-bank,warning,Duplication,Duplicate Content Detected,"1 similar page: https://www.settleloans.in/how-can-i-initiate-a-full-and-final-settlement-discussion-with-my-bank (identical title, description and H1)"
https://www.settleloans.in/what-are-the-eligibility-criteria-for-loan-settlement-programs-by-lending-platforms,warning,Duplication,Duplicate Content Detected,"1 similar page: https://www.settleloans.in/eligibility-checker-for-loan-settlement (identical title, description and H1)"
https://www.settleloans.in/eligibility-checker-for-loan-settlement,warning,Duplication,Duplicate Content Detected,"1 similar page: https://www.settleloans.in/what-are-the-eligibility-criteria-for-loan-settlement-programs-by-lending-platforms (identical title, description and H1)"
https://www.settleloans.in/does-settlement-impact-a-co-borrower,warning,Duplication,Duplicate Content Detected,"2 similar pages: https://www.settleloans.in/how-does-settlement-affect-cibil (identical title, description and H1); https://www.settleloans.in/settlement-impact-on-cibil-score (identical title, description and H1)"
https://www.settleloans.in/how-does-settlement-affect-cibil,warning,Duplication,Duplicate Content Detected,"2 similar pages: https://www.settleloans.in/does-settlement-impact-a-co-borrower (identical title, description and H1); https://www.settleloans.in/settlement-impact-on-cibil-score (identical title, description and H1)"
https://www.settleloans.in/settlement-impact-on-cibil-score,warning,Duplication,Duplicate Content Detected,"2 similar pages: https://www.settleloans.in/does-settlement-impact-a-co-borrower (identical title, description and H1); https://www.settleloans.in/how-does-settlement-affect-cibil (identical title, description and H1)"
https://www.settleloans.in/can-i-settle-my-loan-without-a-lawyer,warning,Duplication,Duplicate Content Detected,"1 similar page: https://www.settleloans.in/how-to-handle-a-loan-settlement-by-yourself-a-brief-guide (identical title, description and H1)"
https://www.settleloans.in/how-to-handle-a-loan-settlement-by-yourself-a-brief-guide,warning,Duplication,Duplicate Content Detected,"1 similar page: https://www.settleloans.in/can-i-settle-my-loan-without-a-lawyer (identical title, description and H1)"
https://www.settleloans.in/recovery-agent-home-visit-rules,warning,Duplication,Duplicate Content Detected,"1 similar page: https://www.settleloans.in/how-to-stop-recovery-agent-home-visit (identical title, description and H1)"
https://www.settleloans.in/how-to-stop-recovery-agent-home-visit,warning,Duplication,Duplicate Content Detected,"1 similar page: https://www.settleloans.in/recovery-agent-home-visit-rules (identical title, description and H1)"
https://www.settleloans.in/bank-recovery-agent-threatening-me,warning,Duplication,Duplicate Content Detected,"1 similar page: https://www.settleloans.in/recovery-agent-threatening-me (identical title, description and H1)"
https://www.settleloans.in/recovery-agent-threatening-me,warning,Duplication,Duplicate Content Detected,"1 similar page: https://www.settleloans.in/bank-recovery-agent-threatening-me (identical title, description and H1)"
https://www.settleloans.in/auction-notice-challenge,warning,Duplication,Duplicate Content Detected,"9 similar pages: https://www.settleloans.in/how-to-stop-e-auction-by-bank (identical title, description and H1); https://www.settleloans.in/property-auction (identical title, description and H1); https://www.settleloans.in/sarfaesi-act-defense (identical title, description and H1); https://www.settleloans.in/sarfaesi-act-guide (identical title, description and H1); https://www.settleloans.in/sarfaesi-act-guidelines (identical title, description and H1) (+4 more)"
https://www.settleloans.in/how-to-stop-e-auction-by-bank,warning,Duplication,Duplicate Content Detected,"9 similar pages: https://www.settleloans.in/auction-notice-challenge (identical title, description and H1); https://www.settleloans.in/property-auction (identical title, description and H1); https://www.settleloans.in/sarfaesi-act-defense (identical title, description and H1); https://www.settleloans.in/sarfaesi-act-guide (identical title, description and H1); https://www.settleloans.in/sarfaesi-act-guidelines (identical title, description and H1) (+4 more)"
https://www.settleloans.in/sarfaesi-act-guidelines,warning,Duplication,Duplicate Content Detected,"9 similar pages: https://www.settleloans.in/auction-notice-challenge (identical title, description and H1); https://www.settleloans.in/how-to-stop-e-auction-by-bank (identical title, description and H1); https://www.settleloans.in/property-auction (identical title, description and H1); https://www.settleloans.in/sarfaesi-act-defense (identical title, description and H1); https://www.settleloans.in/sarfaesi-act-guide (identical title, description and H1) (+4 more)"
https://www.settleloans.in/sarfaesi-act-defense,warning,Duplication,Duplicate Content Detected,"9 similar pages: https://www.settleloans.in/auction-notice-challenge (identical title, description and H1); https://www.settleloans.in/how-to-stop-e-auction-by-bank (identical title, description and H1); https://www.settleloans.in/property-auction (identical title, description and H1); https://www.settleloans.in/sarfaesi-act-guide (identical title, description and H1); https://www.settleloans.in/sarfaesi-act-guidelines (identical title, description and H1) (+4 more)"
https://www.settleloans.in/sarfaesi-act-property-possession,warning,Duplication,Duplicate Content Detected,"9 similar pages: https://www.settleloans.in/auction-notice-challenge (identical title, description and H1); https://www.settleloans.in/how-to-stop-e-auction-by-bank (identical title, description and H1); https://www.settleloans.in/property-auction (identical title, description and H1); https://www.settleloans.in/sarfaesi-act-defense (identical title, description and H1); https://www.settleloans.in/sarfaesi-act-guide (identical title, description and H1) (+4 more)"
https://www.settleloans.in/understanding-sarfaesi-act-rules,warning,Duplication,Duplicate Content Detected,"9 similar pages: https://www.settleloans.in/auction-notice-challenge (identical title, description and H1); https://www.settleloans.in/how-to-stop-e-auction-by-bank (identical title, description and H1); https://www.settleloans.in/property-auction (identical title, description and H1); https://www.settleloans.in/sarfaesi-act-defense (identical title, description and H1); https://www.settleloans.in/sarfaesi-act-guide (identical title, description and H1) (+4 more)"
https://www.settleloans.in/sarfaesi-act-rules,warning,Duplication,Duplicate Content Detected,"9 similar pages: https://www.settleloans.in/auction-notice-challenge (identical title, description and H1); https://www.settleloans.in/how-to-stop-e-auction-by-bank (identical title, description and H1); https://www.settleloans.in/property-auction (identical title, description and H1); https://www.settleloans.in/sarfaesi-act-defense (identical title, description and H1); https://www.settleloans.in/sarfaesi-act-guide (identical title, description and H1) (+4 more)"
https://www.settleloans.in/property-auction,warning,Duplication,Duplicate Content Detected,"9 similar pages: https://www.settleloans.in/auction-notice-challenge (identical title, description and H1); https://www.settleloans.in/how-to-stop-e-auction-by-bank (identical title, description and H1); https://www.settleloans.in/sarfaesi-act-defense (identical title, description and H1); https://www.settleloans.in/sarfaesi-act-guide (identical title, description and H1); https://www.settleloans.in/sarfaesi-act-guidelines (identical title, description and H1) (+4 more)"
https://www.settleloans.in/sarfaesi-act-guide,warning,Duplication,Duplicate Content Detected,"9 similar pages: https://www.settleloans.in/auction-notice-challenge (identical title, description and H1); https://www.settleloans.in/how-to-stop-e-auction-by-bank (identical title, description and H1); https://www.settleloans.in/property-auction (identical title, description and H1); https://www.settleloans.in/sarfaesi-act-defense (identical title, description and H1); https://www.settleloans.in/sarfaesi-act-guidelines (identical title, description and H1) (+4 more)"
https://www.settleloans.in/stop-bank-auction,warning,Duplication,Duplicate Content Detected,"9 similar pages: https://www.settleloans.in/auction-notice-challenge (identical title, description and H1); https://www.settleloans.in/how-to-stop-e-auction-by-bank (identical title, description and H1); https://www.settleloans.in/property-auction (identical title, description and H1); https://www.settleloans.in/sarfaesi-act-defense (identical title, description and H1); https://www.settleloans.in/sarfaesi-act-guide (identical title, description and H1) (+4 more)"
https://www.settleloans.in/which-bank-provide-personal-loan-for-cibil-defaulters,warning,Duplication,Duplicate Content Detected,6 similar pages: https://www.settleloans.in/best-lawyer-for-personal-loans (86.2% similar); https://www.settleloans.in/best-lawyer-for-MSME-personal-loan (85.9% similar); https://www.settleloans.in/punishment-for-non-payment-of-personal-loan-in-india (85.5% similar); https://www.settleloans.in/bank-loan-settlement-rules (85.4% similar); https://www.settleloans.in/loc-cant-be-issues-for-mere-bank-loan-default-delhi-high-court (85.4% similar) (+1 more)
https://www.settleloans.in/how-to-improve-cibil-score-after-loan-settlement,warning,Duplication,Duplicate Content Detected,"4 similar pages: https://www.settleloans.in/how-to-read-cibil-report-for-loans (identical title, description and H1); https://www.settleloans.in/services/cibil-score-after-loan-settlement (identical title, description and H1); https://www.settleloans.in/best-lawyer-for-business-loan-settlement (85.2% similar); https://www.settleloans.in/best-lawyer-to-challenge-loan-assignment-to-arc (85.0% similar)"
https://www.settleloans.in/services/cibil-score-after-loan-settlement,warning,Duplication,Duplicate Content Detected,"4 similar pages: https://www.settleloans.in/how-to-improve-cibil-score-after-loan-settlement (identical title, description and H1); https://www.settleloans.in/how-to-read-cibil-report-for-loans (identical title, description and H1); https://www.settleloans.in/best-lawyer-for-business-loan-settlement (85.2% similar); https://www.settleloans.in/best-lawyer-to-challenge-loan-assignment-to-arc (85.0% similar)"
https://www.settleloans.in/how-to-read-cibil-report-for-loans,warning,Duplication,Duplicate Content Detected,"4 similar pages: https://www.settleloans.in/how-to-improve-cibil-score-after-loan-settlement (identical title, description and H1); https://www.settleloans.in/services/cibil-score-after-loan-settlement (identical title, description and H1); https://www.settleloans.in/best-lawyer-for-business-loan-settlement (85.2% similar); https://www.settleloans.in/best-lawyer-to-challenge-loan-assignment-to-arc (85.0% similar)"
https://www.settleloans.in/loan-settlement-vs-repayment,warning,Duplication,Duplicate Content Detected,1 similar page: https://www.settleloans.in/trading-loan-settlement (85.6% similar)
https://www.settleloans.in/loan-settlement-vs-loan-restructuring-which-is-better,warning,Duplication,Duplicate Content Detected,17 similar pages: https://www.settleloans.in/loan-settlement-rules-india (88.8% similar); https://www.settleloans.in/bank-ots-settlement-process (88.3% similar); https://www.settleloans.in/faqs/what-is-loan-settlement-process-in-india (88.3% similar); https://www.settleloans.in/home-loan-one-time-settlement (88.3% similar); https://www.settleloans.in/how-to-settle-loan (88.3% similar) (+12 more)
https://www.settleloans.in/unsecured-loan-settlement-process-for-nris-in-india,warning,Duplication,Duplicate Content Detected,32 similar pages: https://www.settleloans.in/gold-loan-settlement-process (89.8% similar); https://www.settleloans.in/legal-help-for-loan-settlement (88.9% similar); https://www.settleloans.in/bank-ots-settlement-process (88.5% similar); https://www.settleloans.in/faqs/what-is-loan-settlement-process-in-india (88.5% similar); https://www.settleloans.in/home-loan-one-time-settlement (88.5% similar) (+27 more)
https://www.settleloans.in/loan-guarantor-legal-liability-when-primary-borrower-defaults-in-india,warning,Duplication,Duplicate Content Detected,"18 similar pages: https://www.settleloans.in/legal-heir-liability-for-personal-loan-default (identical title, description and H1); https://www.settleloans.in/bank-ots-settlement-process (87.6% similar); https://www.settleloans.in/faqs/what-is-loan-settlement-process-in-india (87.6% similar); https://www.settleloans.in/home-loan-one-time-settlement (87.6% similar); https://www.settleloans.in/how-to-settle-loan (87.6% similar) (+13 more)"
https://www.settleloans.in/legal-heir-liability-for-personal-loan-default,warning,Duplication,Duplicate Content Detected,"18 similar pages: https://www.settleloans.in/loan-guarantor-legal-liability-when-primary-borrower-defaults-in-india (identical title, description and H1); https://www.settleloans.in/bank-ots-settlement-process (87.6% similar); https://www.settleloans.in/faqs/what-is-loan-settlement-process-in-india (87.6% similar); https://www.settleloans.in/home-loan-one-time-settlement (87.6% similar); https://www.settleloans.in/how-to-settle-loan (87.6% similar) (+13 more)"
https://www.settleloans.in/bank-filed-civil-suit-for-loan-recovery-order-37-cpc-summons,warning,Duplication,Duplicate Content Detected,"1 similar page: https://www.settleloans.in/section-60-cpc-protection-from-attachment (identical title, description and H1)"
https://www.settleloans.in/section-60-cpc-protection-from-attachment,warning,Duplication,Duplicate Content Detected,"1 similar page: https://www.settleloans.in/bank-filed-civil-suit-for-loan-recovery-order-37-cpc-summons (identical title, description and H1)"
https://www.settleloans.in/best-lawyer-for-business-loan-settlement,warning,Duplication,Duplicate Content Detected,27 similar pages: https://www.settleloans.in/best-lawyer-for-car-loan-settlement (95.6% similar); https://www.settleloans.in/best-lawyer-for-education-loan-settlement (94.4% similar); https://www.settleloans.in/best-lawyer-for-personal-loans (93.9% similar); https://www.settleloans.in/best-lawyer-for-loan-against-property-settlement (93.7% similar); https://www.settleloans.in/best-lawyer-for-loan-contract (92.3% similar) (+22 more)
https://www.settleloans.in/best-lawyer-for-home-loan-check-bounce-case,warning,Duplication,Duplicate Content Detected,20 similar pages: https://www.settleloans.in/best-lawyer-for-home-loan-settlement (91.7% similar); https://www.settleloans.in/best-lawyer-for-education-loan-settlement (91.3% similar); https://www.settleloans.in/best-lawyer-for-MSME-personal-loan (90.2% similar); https://www.settleloans.in/best-lawyer-for-loan-contract (90.2% similar); https://www.settleloans.in/best-lawyer-for-loan-against-property-settlement (90.1% similar) (+15 more)
https://www.settleloans.in/debt-consolidation-loan-eligibility,warning,Duplication,Duplicate Content Detected,21 similar pages: https://www.settleloans.in/gold-loan-interest-in-india (86.4% similar); https://www.settleloans.in/punishment-for-non-payment-of-personal-loan-in-india (86.2% similar); https://www.settleloans.in/loan-settlement-rules-india (86.1% similar); https://www.settleloans.in/bank-ots-settlement-process (85.7% similar); https://www.settleloans.in/faqs/what-is-loan-settlement-process-in-india (85.7% similar) (+16 more)
https://www.settleloans.in/can-bank-freeze-company-current-account-for-directors-personal-loan-default,warning,Duplication,Duplicate Content Detected,"1 similar page: https://www.settleloans.in/corporate-veil-in-banking-law (identical title, description and H1)"
https://www.settleloans.in/corporate-veil-in-banking-law,warning,Duplication,Duplicate Content Detected,"1 similar page: https://www.settleloans.in/can-bank-freeze-company-current-account-for-directors-personal-loan-default (identical title, description and H1)"
https://www.settleloans.in/check-free-cibil-score,warning,Duplication,Duplicate Content Detected,"1 similar page: https://www.settleloans.in/check-free-cibil (identical title, description and H1)"
https://www.settleloans.in/check-free-cibil,warning,Duplication,Duplicate Content Detected,"1 similar page: https://www.settleloans.in/check-free-cibil-score (identical title, description and H1)"
https://www.settleloans.in/credit-card-partial-payment,warning,Duplication,Duplicate Content Detected,"1 similar page: https://www.settleloans.in/credit-card-default-legal-action (identical title, description and H1)"
https://www.settleloans.in/credit-card-default-legal-action,warning,Duplication,Duplicate Content Detected,"1 similar page: https://www.settleloans.in/credit-card-partial-payment (identical title, description and H1)"
https://www.settleloans.in/overdue-payment-for-auto-loan,warning,Duplication,Duplicate Content Detected,"3 similar pages: https://www.settleloans.in/auto-loan (identical title, description and H1); https://www.settleloans.in/auto-loan-settlement (identical title, description and H1); https://www.settleloans.in/auto-loans (identical title, description and H1)"
https://www.settleloans.in/auto-loan,warning,Duplication,Duplicate Content Detected,"3 similar pages: https://www.settleloans.in/auto-loan-settlement (identical title, description and H1); https://www.settleloans.in/auto-loans (identical title, description and H1); https://www.settleloans.in/overdue-payment-for-auto-loan (identical title, description and H1)"
https://www.settleloans.in/auto-loan-settlement,warning,Duplication,Duplicate Content Detected,"3 similar pages: https://www.settleloans.in/auto-loan (identical title, description and H1); https://www.settleloans.in/auto-loans (identical title, description and H1); https://www.settleloans.in/overdue-payment-for-auto-loan (identical title, description and H1)"
https://www.settleloans.in/auto-loans,warning,Duplication,Duplicate Content Detected,"3 similar pages: https://www.settleloans.in/auto-loan (identical title, description and H1); https://www.settleloans.in/auto-loan-settlement (identical title, description and H1); https://www.settleloans.in/overdue-payment-for-auto-loan (identical title, description and H1)"
https://www.settleloans.in/how-to-reply-sarfaesi-notice,warning,Duplication,Duplicate Content Detected,"1 similar page: https://www.settleloans.in/sarfaesi-act-notice (identical title, description and H1)"
https://www.settleloans.in/sarfaesi-act-notice,warning,Duplication,Duplicate Content Detected,"1 similar page: https://www.settleloans.in/how-to-reply-sarfaesi-notice (identical title, description and H1)"
https://www.settleloans.in/sarfaesi-act-bajaj-finance-property-action-notice,warning,Duplication,Duplicate Content Detected,"1 similar page: https://www.settleloans.in/sarfaesi-act-property-auction (identical title, description and H1)"
https://www.settleloans.in/sarfaesi-act-property-auction,warning,Duplication,Duplicate Content Detected,"1 similar page: https://www.settleloans.in/sarfaesi-act-bajaj-finance-property-action-notice (identical title, description and H1)"
https://www.settleloans.in/personal-loan-emi-bounce-charges,warning,Duplication,Duplicate Content Detected,"1 similar page: https://www.settleloans.in/emi-bounce-charges (identical title, description and H1)"
https://www.settleloans.in/emi-bounce-charges,warning,Duplication,Duplicate Content Detected,"1 similar page: https://www.settleloans.in/personal-loan-emi-bounce-charges (identical title, description and H1)"
https://www.settleloans.in/business-loan-foreclosure-letter,warning,Duplication,Duplicate Content Detected,"2 similar pages: https://www.settleloans.in/guides/business-loan-foreclosure (identical title, description and H1); https://www.settleloans.in/loan-foreclosure-letter (identical title, description and H1)"
https://www.settleloans.in/guides/business-loan-foreclosure,warning,Duplication,Duplicate Content Detected,"2 similar pages: https://www.settleloans.in/business-loan-foreclosure-letter (identical title, description and H1); https://www.settleloans.in/loan-foreclosure-letter (identical title, description and H1)"
https://www.settleloans.in/loan-foreclosure-letter,warning,Duplication,Duplicate Content Detected,"2 similar pages: https://www.settleloans.in/business-loan-foreclosure-letter (identical title, description and H1); https://www.settleloans.in/guides/business-loan-foreclosure (identical title, description and H1)"
https://www.settleloans.in/download-noc-for-secured-loan,warning,Duplication,Duplicate Content Detected,"3 similar pages: https://www.settleloans.in/duplicate-noc-application (identical title, description and H1); https://www.settleloans.in/guides/how-to-get-noc (identical title, description and H1); https://www.settleloans.in/rto-form-35-guide (identical title, description and H1)"
https://www.settleloans.in/guides/how-to-get-noc,warning,Duplication,Duplicate Content Detected,"3 similar pages: https://www.settleloans.in/download-noc-for-secured-loan (identical title, description and H1); https://www.settleloans.in/duplicate-noc-application (identical title, description and H1); https://www.settleloans.in/rto-form-35-guide (identical title, description and H1)"
https://www.settleloans.in/rto-form-35-guide,warning,Duplication,Duplicate Content Detected,"3 similar pages: https://www.settleloans.in/download-noc-for-secured-loan (identical title, description and H1); https://www.settleloans.in/duplicate-noc-application (identical title, description and H1); https://www.settleloans.in/guides/how-to-get-noc (identical title, description and H1)"
https://www.settleloans.in/duplicate-noc-application,warning,Duplication,Duplicate Content Detected,"3 similar pages: https://www.settleloans.in/download-noc-for-secured-loan (identical title, description and H1); https://www.settleloans.in/guides/how-to-get-noc (identical title, description and H1); https://www.settleloans.in/rto-form-35-guide (identical title, description and H1)"
https://www.settleloans.in/unsecured-business-loan-settlement,warning,Duplication,Duplicate Content Detected,"1 similar page: https://www.settleloans.in/unsecured-loan-settlement (identical title, description and H1)"
https://www.settleloans.in/unsecured-loan-settlement,warning,Duplication,Duplicate Content Detected,"1 similar page: https://www.settleloans.in/unsecured-business-loan-settlement (identical title, description and H1)"
https://www.settleloans.in/check-cibil-defaulter-list,warning,Duplication,Duplicate Content Detected,"1 similar page: https://www.settleloans.in/cibil-defaulter-list (identical title, description and H1)"
https://www.settleloans.in/cibil-defaulter-list,warning,Duplication,Duplicate Content Detected,"1 similar page: https://www.settleloans.in/check-cibil-defaulter-list (identical title, description and H1)"
https://www.settleloans.in/cibil-dispute-wrong-overdue-entry,warning,Duplication,Duplicate Content Detected,"1 similar page: https://www.settleloans.in/dispute-credit-score (identical title, description and H1)"
https://www.settleloans.in/dispute-credit-score,warning,Duplication,Duplicate Content Detected,"1 similar page: https://www.settleloans.in/cibil-dispute-wrong-overdue-entry (identical title, description and H1)"
https://www.settleloans.in/remove-settled-status-from-cibil,warning,Duplication,Duplicate Content Detected,"1 similar page: https://www.settleloans.in/how-to-remove-settled-status-from-cibil (identical title, description and H1)"
https://www.settleloans.in/how-to-remove-settled-status-from-cibil,warning,Duplication,Duplicate Content Detected,"1 similar page: https://www.settleloans.in/remove-settled-status-from-cibil (identical title, description and H1)"
https://www.settleloans.in/arrear-emi-meaning-vs-overdue,warning,Duplication,Duplicate Content Detected,"1 similar page: https://www.settleloans.in/understanding-emi-calculations (identical title, description and H1)"
https://www.settleloans.in/understanding-emi-calculations,warning,Duplication,Duplicate Content Detected,"1 similar page: https://www.settleloans.in/arrear-emi-meaning-vs-overdue (identical title, description and H1)"
https://www.settleloans.in/10-lakh-personal-loan-settlement,warning,Duplication,Duplicate Content Detected,"1 similar page: https://www.settleloans.in/20-lakh-personal-loan-settlement (identical title, description and H1)"
https://www.settleloans.in/20-lakh-personal-loan-settlement,warning,Duplication,Duplicate Content Detected,"1 similar page: https://www.settleloans.in/10-lakh-personal-loan-settlement (identical title, description and H1)"
https://www.settleloans.in/resources,warning,Duplication,Duplicate Content Detected,"9 similar pages: https://www.settleloans.in/all-legal-notices (identical title, description and H1); https://www.settleloans.in/all-queries (identical title, description and H1); https://www.settleloans.in/credit-education (identical title, description and H1); https://www.settleloans.in/faq (identical title, description and H1); https://www.settleloans.in/guides (identical title, description and H1) (+4 more)"
https://www.settleloans.in/faq,warning,Duplication,Duplicate Content Detected,"9 similar pages: https://www.settleloans.in/all-legal-notices (identical title, description and H1); https://www.settleloans.in/all-queries (identical title, description and H1); https://www.settleloans.in/credit-education (identical title, description and H1); https://www.settleloans.in/guides (identical title, description and H1); https://www.settleloans.in/legal (identical title, description and H1) (+4 more)"
https://www.settleloans.in/legal-guides,warning,Duplication,Duplicate Content Detected,"9 similar pages: https://www.settleloans.in/all-legal-notices (identical title, description and H1); https://www.settleloans.in/all-queries (identical title, description and H1); https://www.settleloans.in/credit-education (identical title, description and H1); https://www.settleloans.in/faq (identical title, description and H1); https://www.settleloans.in/guides (identical title, description and H1) (+4 more)"
https://www.settleloans.in/all-queries,warning,Duplication,Duplicate Content Detected,"9 similar pages: https://www.settleloans.in/all-legal-notices (identical title, description and H1); https://www.settleloans.in/credit-education (identical title, description and H1); https://www.settleloans.in/faq (identical title, description and H1); https://www.settleloans.in/guides (identical title, description and H1); https://www.settleloans.in/legal (identical title, description and H1) (+4 more)"
https://www.settleloans.in/credit-education,warning,Duplication,Duplicate Content Detected,"9 similar pages: https://www.settleloans.in/all-legal-notices (identical title, description and H1); https://www.settleloans.in/all-queries (identical title, description and H1); https://www.settleloans.in/faq (identical title, description and H1); https://www.settleloans.in/guides (identical title, description and H1); https://www.settleloans.in/legal (identical title, description and H1) (+4 more)"
https://www.settleloans.in/legal,warning,Duplication,Duplicate Content Detected,"9 similar pages: https://www.settleloans.in/all-legal-notices (identical title, description and H1); https://www.settleloans.in/all-queries (identical title, description and H1); https://www.settleloans.in/credit-education (identical title, description and H1); https://www.settleloans.in/faq (identical title, description and H1); https://www.settleloans.in/guides (identical title, description and H1) (+4 more)"
https://www.settleloans.in/loan-guides,warning,Duplication,Duplicate Content Detected,"9 similar pages: https://www.settleloans.in/all-legal-notices (identical title, description and H1); https://www.settleloans.in/all-queries (identical title, description and H1); https://www.settleloans.in/credit-education (identical title, description and H1); https://www.settleloans.in/faq (identical title, description and H1); https://www.settleloans.in/guides (identical title, description and H1) (+4 more)"
https://www.settleloans.in/guides,warning,Duplication,Duplicate Content Detected,"9 similar pages: https://www.settleloans.in/all-legal-notices (identical title, description and H1); https://www.settleloans.in/all-queries (identical title, description and H1); https://www.settleloans.in/credit-education (identical title, description and H1); https://www.settleloans.in/faq (identical title, description and H1); https://www.settleloans.in/legal (identical title, description and H1) (+4 more)"
https://www.settleloans.in/templates,warning,Duplication,Duplicate Content Detected,"9 similar pages: https://www.settleloans.in/all-legal-notices (identical title, description and H1); https://www.settleloans.in/all-queries (identical title, description and H1); https://www.settleloans.in/credit-education (identical title, description and H1); https://www.settleloans.in/faq (identical title, description and H1); https://www.settleloans.in/guides (identical title, description and H1) (+4 more)"
https://www.settleloans.in/all-legal-notices,warning,Duplication,Duplicate Content Detected,"9 similar pages: https://www.settleloans.in/all-queries (identical title, description and H1); https://www.settleloans.in/credit-education (identical title, description and H1); https://www.settleloans.in/faq (identical title, description and H1); https://www.settleloans.in/guides (identical title, description and H1); https://www.settleloans.in/legal (identical title, description and H1) (+4 more)"
https://www.settleloans.in/loan-settlement-by-bank/newtap-finance,warning,Duplication,Duplicate Content Detected,4 similar pages: https://www.settleloans.in/loan-settlement-by-bank/nira-finance (87.2% similar); https://www.settleloans.in/loan-settlement-by-bank/aye-finance (87.1% similar); https://www.settleloans.in/loan-settlement-by-bank/muthoot-finance (87.1% similar); https://www.settleloans.in/loan-settlement-by-bank/shriram-finance (87.1% similar)
https://www.settleloans.in/loan-settlement-by-bank/zest-money,warning,Duplication,Duplicate Content Detected,1 similar page: https://www.settleloans.in/loan-settlement-by-bank/jupiter-money (87.1% similar)
https://www.settleloans.in/loan-settlement-by-bank/ugro-capital,warning,Duplication,Duplicate Content Detected,2 similar pages: https://www.settleloans.in/loan-settlement-by-bank/tata-capital (87.1% similar); https://www.settleloans.in/loan-settlement-by-bank/clix-capital (87.1% similar)
https://www.settleloans.in/loan-settlement-by-bank/yes-bank,warning,Duplication,Duplicate Content Detected,8 similar pages: https://www.settleloans.in/loan-settlement-by-bank/axis-bank (87.2% similar); https://www.settleloans.in/loan-settlement-by-bank/federal-bank (87.2% similar); https://www.settleloans.in/loan-settlement-by-bank/rbl-bank (87.1% similar); https://www.settleloans.in/loan-settlement-by-bank/csb-bank (87.1% similar); https://www.settleloans.in/loan-settlement-by-bank/idbi-bank (87.1% similar) (+3 more)
https://www.settleloans.in/loan-settlement-by-bank/nira-finance,warning,Duplication,Duplicate Content Detected,4 similar pages: https://www.settleloans.in/loan-settlement-by-bank/newtap-finance (87.2% similar); https://www.settleloans.in/loan-settlement-by-bank/aye-finance (87.1% similar); https://www.settleloans.in/loan-settlement-by-bank/muthoot-finance (87.1% similar); https://www.settleloans.in/loan-settlement-by-bank/shriram-finance (87.1% similar)
https://www.settleloans.in/loan-settlement-by-bank/jupiter-money,warning,Duplication,Duplicate Content Detected,1 similar page: https://www.settleloans.in/loan-settlement-by-bank/zest-money (87.1% similar)
https://www.settleloans.in/loan-settlement-by-bank/federal-bank,warning,Duplication,Duplicate Content Detected,8 similar pages: https://www.settleloans.in/loan-settlement-by-bank/axis-bank (87.2% similar); https://www.settleloans.in/loan-settlement-by-bank/yes-bank (87.2% similar); https://www.settleloans.in/loan-settlement-by-bank/rbl-bank (87.1% similar); https://www.settleloans.in/loan-settlement-by-bank/csb-bank (87.1% similar); https://www.settleloans.in/loan-settlement-by-bank/idbi-bank (87.1% similar) (+3 more)
https://www.settleloans.in/loan-settlement-by-bank/rupee-112,warning,Duplication,Duplicate Content Detected,1 similar page: https://www.settleloans.in/loan-settlement-by-bank/rupee-redee (87.1% similar)
https://www.settleloans.in/loan-settlement-by-bank/clix-capital,warning,Duplication,Duplicate Content Detected,2 similar pages: https://www.settleloans.in/loan-settlement-by-bank/tata-capital (87.2% similar); https://www.settleloans.in/loan-settlement-by-bank/ugro-capital (87.1% similar)
https://www.settleloans.in/loan-settlement-by-bank/aye-finance,warning,Duplication,Duplicate Content Detected,4 similar pages: https://www.settleloans.in/loan-settlement-by-bank/muthoot-finance (87.2% similar); https://www.settleloans.in/loan-settlement-by-bank/newtap-finance (87.1% similar); https://www.settleloans.in/loan-settlement-by-bank/nira-finance (87.1% similar); https://www.settleloans.in/loan-settlement-by-bank/shriram-finance (87.1% similar)
https://www.settleloans.in/loan-settlement-by-bank/vivi-fin,warning,Duplication,Duplicate Content Detected,3 similar pages: https://www.settleloans.in/loan-settlement-by-bank/poonawala-fin (87.1% similar); https://www.settleloans.in/loan-settlement-by-bank/poonawalla-fincorp (87.1% similar); https://www.settleloans.in/loan-settlement-by-bank/bajaj-fin (87.1% similar)
https://www.settleloans.in/loan-settlement-by-bank/muthoot-finance,warning,Duplication,Duplicate Content Detected,4 similar pages: https://www.settleloans.in/loan-settlement-by-bank/aye-finance (87.2% similar); https://www.settleloans.in/loan-settlement-by-bank/newtap-finance (87.1% similar); https://www.settleloans.in/loan-settlement-by-bank/nira-finance (87.1% similar); https://www.settleloans.in/loan-settlement-by-bank/shriram-finance (87.1% similar)
https://www.settleloans.in/loan-settlement-by-bank/csb-bank,warning,Duplication,Duplicate Content Detected,8 similar pages: https://www.settleloans.in/loan-settlement-by-bank/idbi-bank (87.2% similar); https://www.settleloans.in/loan-settlement-by-bank/axis-bank (87.1% similar); https://www.settleloans.in/loan-settlement-by-bank/federal-bank (87.1% similar); https://www.settleloans.in/loan-settlement-by-bank/yes-bank (87.1% similar); https://www.settleloans.in/loan-settlement-by-bank/bandhan-bank (87.1% similar) (+3 more)
https://www.settleloans.in/loan-settlement-by-bank/idbi-bank,warning,Duplication,Duplicate Content Detected,8 similar pages: https://www.settleloans.in/loan-settlement-by-bank/csb-bank (87.2% similar); https://www.settleloans.in/loan-settlement-by-bank/axis-bank (87.1% similar); https://www.settleloans.in/loan-settlement-by-bank/federal-bank (87.1% similar); https://www.settleloans.in/loan-settlement-by-bank/yes-bank (87.1% similar); https://www.settleloans.in/loan-settlement-by-bank/bandhan-bank (87.1% similar) (+3 more)
https://www.settleloans.in/loan-settlement-by-bank/tata-capital,warning,Duplication,Duplicate Content Detected,2 similar pages: https://www.settleloans.in/loan-settlement-by-bank/clix-capital (87.2% similar); https://www.settleloans.in/loan-settlement-by-bank/ugro-capital (87.1% similar)
https://www.settleloans.in/loan-settlement-by-bank/bajaj-fin,warning,Duplication,Duplicate Content Detected,3 similar pages: https://www.settleloans.in/loan-settlement-by-bank/poonawala-fin (87.1% similar); https://www.settleloans.in/loan-settlement-by-bank/poonawalla-fincorp (87.1% similar); https://www.settleloans.in/loan-settlement-by-bank/vivi-fin (87.1% similar)
https://www.settleloans.in/loan-settlement-by-bank/speedo-india,warning,Duplication,Duplicate Content Detected,2 similar pages: https://www.settleloans.in/loan-settlement-by-bank/payme-india (87.1% similar); https://www.settleloans.in/loan-settlement-by-bank/everyday-loan-india (86.7% similar)
https://www.settleloans.in/loan-settlement-by-bank/rupee-redee,warning,Duplication,Duplicate Content Detected,1 similar page: https://www.settleloans.in/loan-settlement-by-bank/rupee-112 (87.1% similar)
https://www.settleloans.in/loan-settlement-by-bank/poonawala-fin,warning,Duplication,Duplicate Content Detected,"3 similar pages: https://www.settleloans.in/loan-settlement-by-bank/poonawalla-fincorp (identical title, description and H1); https://www.settleloans.in/loan-settlement-by-bank/vivi-fin (87.1% similar); https://www.settleloans.in/loan-settlement-by-bank/bajaj-fin (87.1% similar)"
https://www.settleloans.in/loan-settlement-by-bank/poonawalla-fincorp,warning,Duplication,Duplicate Content Detected,"3 similar pages: https://www.settleloans.in/loan-settlement-by-bank/poonawala-fin (identical title, description and H1); https://www.settleloans.in/loan-settlement-by-bank/vivi-fin (87.1% similar); https://www.settleloans.in/loan-settlement-by-bank/bajaj-fin (87.1% similar)"
https://www.settleloans.in/loan-settlement-by-bank/hero-fincorp,warning,Duplication,Duplicate Content Detected,1 similar page: https://www.settleloans.in/loan-settlement-by-bank/ram-fincorp (87.1% similar)
https://www.settleloans.in/loan-settlement-by-bank/bandhan-bank,warning,Duplication,Duplicate Content Detected,8 similar pages: https://www.settleloans.in/loan-settlement-by-bank/csb-bank (87.1% similar); https://www.settleloans.in/loan-settlement-by-bank/idbi-bank (87.1% similar); https://www.settleloans.in/loan-settlement-by-bank/axis-bank (87.1% similar); https://www.settleloans.in/loan-settlement-by-bank/federal-bank (87.1% similar); https://www.settleloans.in/loan-settlement-by-bank/yes-bank (87.1% similar) (+3 more)
https://www.settleloans.in/loan-settlement-by-bank/south-indian-bank,warning,Duplication,Duplicate Content Detected,1 similar page: https://www.settleloans.in/loan-settlement-by-bank/indian-bank (93.7% similar)
https://www.settleloans.in/loan-settlement-by-bank/shriram-finance,warning,Duplication,Duplicate Content Detected,4 similar pages: https://www.settleloans.in/loan-settlement-by-bank/newtap-finance (87.1% similar); https://www.settleloans.in/loan-settlement-by-bank/nira-finance (87.1% similar); https://www.settleloans.in/loan-settlement-by-bank/aye-finance (87.1% similar); https://www.settleloans.in/loan-settlement-by-bank/muthoot-finance (87.1% similar)
https://www.settleloans.in/loan-settlement-by-bank/indian-bank,warning,Duplication,Duplicate Content Detected,9 similar pages: https://www.settleloans.in/loan-settlement-by-bank/south-indian-bank (93.7% similar); https://www.settleloans.in/loan-settlement-by-bank/kotak-bank (87.2% similar); https://www.settleloans.in/loan-settlement-by-bank/rbl-bank (87.1% similar); https://www.settleloans.in/loan-settlement-by-bank/axis-bank (87.1% similar); https://www.settleloans.in/loan-settlement-by-bank/federal-bank (87.1% similar) (+4 more)
https://www.settleloans.in/loan-settlement-by-bank/everyday-loan-india,warning,Duplication,Duplicate Content Detected,2 similar pages: https://www.settleloans.in/loan-settlement-by-bank/payme-india (86.7% similar); https://www.settleloans.in/loan-settlement-by-bank/speedo-india (86.7% similar)
https://www.settleloans.in/loan-settlement-by-bank/payme-india,warning,Duplication,Duplicate Content Detected,2 similar pages: https://www.settleloans.in/loan-settlement-by-bank/speedo-india (87.1% similar); https://www.settleloans.in/loan-settlement-by-bank/everyday-loan-india (86.7% similar)
https://www.settleloans.in/loan-settlement-by-bank/rbl-bank,warning,Duplication,Duplicate Content Detected,8 similar pages: https://www.settleloans.in/loan-settlement-by-bank/axis-bank (87.1% similar); https://www.settleloans.in/loan-settlement-by-bank/federal-bank (87.1% similar); https://www.settleloans.in/loan-settlement-by-bank/yes-bank (87.1% similar); https://www.settleloans.in/loan-settlement-by-bank/kotak-bank (87.1% similar); https://www.settleloans.in/loan-settlement-by-bank/indian-bank (87.1% similar) (+3 more)
https://www.settleloans.in/loan-settlement-by-bank/aditya-birla-fin,warning,Duplication,Duplicate Content Detected,"1 similar page: https://www.settleloans.in/loan-settlement-by-bank/aditya-birla (identical title, description and H1)"
https://www.settleloans.in/loan-settlement-by-bank/aditya-birla,warning,Duplication,Duplicate Content Detected,"1 similar page: https://www.settleloans.in/loan-settlement-by-bank/aditya-birla-fin (identical title, description and H1)"
https://www.settleloans.in/loan-settlement-by-bank/home-credit,warning,Duplication,Duplicate Content Detected,1 similar page: https://www.settleloans.in/loan-settlement-by-bank/tvs-credit (87.0% similar)
https://www.settleloans.in/loan-settlement-by-bank/kotak-bank,warning,Duplication,Duplicate Content Detected,8 similar pages: https://www.settleloans.in/loan-settlement-by-bank/indian-bank (87.2% similar); https://www.settleloans.in/loan-settlement-by-bank/rbl-bank (87.1% similar); https://www.settleloans.in/loan-settlement-by-bank/axis-bank (87.1% similar); https://www.settleloans.in/loan-settlement-by-bank/federal-bank (87.1% similar); https://www.settleloans.in/loan-settlement-by-bank/yes-bank (87.1% similar) (+3 more)
https://www.settleloans.in/loan-settlement-by-bank/ram-fincorp,warning,Duplication,Duplicate Content Detected,1 similar page: https://www.settleloans.in/loan-settlement-by-bank/hero-fincorp (87.1% similar)
https://www.settleloans.in/loan-settlement-by-bank/tvs-credit,warning,Duplication,Duplicate Content Detected,1 similar page: https://www.settleloans.in/loan-settlement-by-bank/home-credit (87.0% similar)
https://www.settleloans.in/loan-settlement-by-bank/axis-bank,warning,Duplication,Duplicate Content Detected,8 similar pages: https://www.settleloans.in/loan-settlement-by-bank/federal-bank (87.2% similar); https://www.settleloans.in/loan-settlement-by-bank/yes-bank (87.2% similar); https://www.settleloans.in/loan-settlement-by-bank/rbl-bank (87.1% similar); https://www.settleloans.in/loan-settlement-by-bank/csb-bank (87.1% similar); https://www.settleloans.in/loan-settlement-by-bank/idbi-bank (87.1% similar) (+3 more)
https://www.settleloans.in/loan-settlement-by-city/tirap,warning,Duplication,Duplicate Content Detected,682 similar pages: https://www.settleloans.in/loan-settlement-by-city/abupur (86.1% similar); https://www.settleloans.in/loan-settlement-by-city/agartala (86.1% similar); https://www.settleloans.in/loan-settlement-by-city/agra (86.1% similar); https://www.settleloans.in/loan-settlement-by-city/ahmedabad (86.1% similar); https://www.settleloans.in/loan-settlement-by-city/aiims (86.1% similar) (+677 more)
https://www.settleloans.in/loan-settlement-by-city/fazilka,warning,Duplication,Duplicate Content Detected,682 similar pages: https://www.settleloans.in/loan-settlement-by-city/abupur (86.1% similar); https://www.settleloans.in/loan-settlement-by-city/agartala (86.1% similar); https://www.settleloans.in/loan-settlement-by-city/agra (86.1% similar); https://www.settleloans.in/loan-settlement-by-city/ahmedabad (86.1% similar); https://www.settleloans.in/loan-settlement-by-city/aiims (86.1% similar) (+677 more)
https://www.settleloans.in/loan-settlement-by-city/khanpur,warning,Duplication,Duplicate Content Detected,682 similar pages: https://www.settleloans.in/loan-settlement-by-city/abupur (86.1% similar); https://www.settleloans.in/loan-settlement-by-city/agartala (86.1% similar); https://www.settleloans.in/loan-settlement-by-city/agra (86.1% similar); https://www.settleloans.in/loan-settlement-by-city/ahmedabad (86.1% similar); https://www.settleloans.in/loan-settlement-by-city/aiims (86.1% similar) (+677 more)
https://www.settleloans.in/loan-settlement-by-city/jamnagar,warning,Duplication,Duplicate Content Detected,682 similar pages: https://www.settleloans.in/loan-settlement-by-city/abupur (86.1% similar); https://www.settleloans.in/loan-settlement-by-city/agartala (86.1% similar); https://www.settleloans.in/loan-settlement-by-city/agra (86.1% similar); https://www.settleloans.in/loan-settlement-by-city/ahmedabad (86.1% similar); https://www.settleloans.in/loan-settlement-by-city/aiims (86.1% similar) (+677 more)
https://www.settleloans.in/loan-settlement-by-city/gurugram-sector-4,warning,Duplication,Duplicate Content Detected,62 similar pages: https://www.settleloans.in/loan-settlement-by-city/faridabad-sector-4 (89.9% similar); https://www.settleloans.in/loan-settlement-by-city/govindpuram-sector-4 (89.9% similar); https://www.settleloans.in/loan-settlement-by-city/gurugram-sector-1 (89.9% similar); https://www.settleloans.in/loan-settlement-by-city/gurugram-sector-10 (89.9% similar); https://www.settleloans.in/loan-settlement-by-city/gurugram-sector-10a (89.9% similar) (+57 more)
https://www.settleloans.in/loan-settlement-by-city/karampura,warning,Duplication,Duplicate Content Detected,683 similar pages: https://www.settleloans.in/loan-settlement-by-city/karampura-industrial-area (88.1% similar); https://www.settleloans.in/loan-settlement-by-city/abupur (86.1% similar); https://www.settleloans.in/loan-settlement-by-city/agartala (86.1% similar); https://www.settleloans.in/loan-settlement-by-city/agra (86.1% similar); https://www.settleloans.in/loan-settlement-by-city/ahmedabad (86.1% similar) (+678 more)
https://www.settleloans.in/loan-settlement-by-city/dasna-village,warning,Duplication,Duplicate Content Detected,1 similar page: https://www.settleloans.in/loan-settlement-by-city/morti-village (88.3% similar)
https://www.settleloans.in/loan-settlement-by-city/chandigarh,warning,Duplication,Duplicate Content Detected,682 similar pages: https://www.settleloans.in/loan-settlement-by-city/abupur (86.1% similar); https://www.settleloans.in/loan-settlement-by-city/agartala (86.1% similar); https://www.settleloans.in/loan-settlement-by-city/agra (86.1% similar); https://www.settleloans.in/loan-settlement-by-city/ahmedabad (86.1% similar); https://www.settleloans.in/loan-settlement-by-city/aiims (86.1% similar) (+677 more)
https://www.settleloans.in/loan-settlement-by-city/govindpuram-sector-2,warning,Duplication,Duplicate Content Detected,28 similar pages: https://www.settleloans.in/loan-settlement-by-city/faridabad-sector-2 (89.9% similar); https://www.settleloans.in/loan-settlement-by-city/govindpuram-sector-1 (89.9% similar); https://www.settleloans.in/loan-settlement-by-city/govindpuram-sector-3 (89.9% similar); https://www.settleloans.in/loan-settlement-by-city/govindpuram-sector-4 (89.9% similar); https://www.settleloans.in/loan-settlement-by-city/govindpuram-sector-5 (89.9% similar) (+23 more)
https://www.settleloans.in/loan-settlement-by-city/goalpara,warning,Duplication,Duplicate Content Detected,682 similar pages: https://www.settleloans.in/loan-settlement-by-city/abupur (86.1% similar); https://www.settleloans.in/loan-settlement-by-city/agartala (86.1% similar); https://www.settleloans.in/loan-settlement-by-city/agra (86.1% similar); https://www.settleloans.in/loan-settlement-by-city/ahmedabad (86.1% similar); https://www.settleloans.in/loan-settlement-by-city/aiims (86.1% similar) (+677 more)
https://www.settleloans.in/loan-settlement-by-city/thoubal,warning,Duplication,Duplicate Content Detected,682 similar pages: https://www.settleloans.in/loan-settlement-by-city/abupur (86.1% similar); https://www.settleloans.in/loan-settlement-by-city/agartala (86.1% similar); https://www.settleloans.in/loan-settlement-by-city/agra (86.1% similar); https://www.settleloans.in/loan-settlement-by-city/ahmedabad (86.1% similar); https://www.settleloans.in/loan-settlement-by-city/aiims (86.1% similar) (+677 more)
https://www.settleloans.in/loan-settlement-by-city/hamirpur,warning,Duplication,Duplicate Content Detected,682 similar pages: https://www.settleloans.in/loan-settlement-by-city/abupur (86.1% similar); https://www.settleloans.in/loan-settlement-by-city/agartala (86.1% similar); https://www.settleloans.in/loan-settlement-by-city/agra (86.1% similar); https://www.settleloans.in/loan-settlement-by-city/ahmedabad (86.1% similar); https://www.settleloans.in/loan-settlement-by-city/aiims (86.1% similar) (+677 more)
https://www.settleloans.in/loan-settlement-by-city/noida-sector-18,warning,Duplication,Duplicate Content Detected,187 similar pages: https://www.settleloans.in/loan-settlement-by-city/noida-extension-sector-18 (95.2% similar); https://www.settleloans.in/loan-settlement-by-city/faridabad-sector-18 (89.9% similar); https://www.settleloans.in/loan-settlement-by-city/gurugram-sector-18 (89.9% similar); https://www.settleloans.in/loan-settlement-by-city/noida-sector-1 (89.9% similar); https://www.settleloans.in/loan-settlement-by-city/noida-sector-10 (89.9% similar) (+182 more)
https://www.settleloans.in/loan-settlement-by-city/hoshiarpur,warning,Duplication,Duplicate Content Detected,682 similar pages: https://www.settleloans.in/loan-settlement-by-city/abupur (86.1% similar); https://www.settleloans.in/loan-settlement-by-city/agartala (86.1% similar); https://www.settleloans.in/loan-settlement-by-city/agra (86.1% similar); https://www.settleloans.in/loan-settlement-by-city/ahmedabad (86.1% similar); https://www.settleloans.in/loan-settlement-by-city/aiims (86.1% similar) (+677 more)
https://www.settleloans.in/loan-settlement-by-city/noida-sector-144,warning,Duplication,Duplicate Content Detected,183 similar pages: https://www.settleloans.in/loan-settlement-by-city/noida-sector-1 (89.9% similar); https://www.settleloans.in/loan-settlement-by-city/noida-sector-10 (89.9% similar); https://www.settleloans.in/loan-settlement-by-city/noida-sector-100 (89.9% similar); https://www.settleloans.in/loan-settlement-by-city/noida-sector-101 (89.9% similar); https://www.settleloans.in/loan-settlement-by-city/noida-sector-102 (89.9% similar) (+178 more)
https://www.settleloans.in/loan-settlement-by-city/shastri-nagar-block-b,warning,Duplication,Duplicate Content Detected,4 similar pages: https://www.settleloans.in/loan-settlement-by-city/shastri-nagar-block-a (91.1% similar); https://www.settleloans.in/loan-settlement-by-city/shastri-nagar-block-c (91.1% similar); https://www.settleloans.in/loan-settlement-by-city/shastri-nagar-block-d (91.1% similar); https://www.settleloans.in/loan-settlement-by-city/shastri-nagar (89.7% similar)
https://www.settleloans.in/loan-settlement-by-city/tiruchirappalli,warning,Duplication,Duplicate Content Detected,682 similar pages: https://www.settleloans.in/loan-settlement-by-city/abupur (86.1% similar); https://www.settleloans.in/loan-settlement-by-city/agartala (86.1% similar); https://www.settleloans.in/loan-settlement-by-city/agra (86.1% similar); https://www.settleloans.in/loan-settlement-by-city/ahmedabad (86.1% similar); https://www.settleloans.in/loan-settlement-by-city/aiims (86.1% similar) (+677 more)
https://www.settleloans.in/loan-settlement-by-city/dindori,warning,Duplication,Duplicate Content Detected,682 similar pages: https://www.settleloans.in/loan-settlement-by-city/abupur (86.1% similar); https://www.settleloans.in/loan-settlement-by-city/agartala (86.1% similar); https://www.settleloans.in/loan-settlement-by-city/agra (86.1% similar); https://www.settleloans.in/loan-settlement-by-city/ahmedabad (86.1% similar); https://www.settleloans.in/loan-settlement-by-city/aiims (86.1% similar) (+677 more)
https://www.settleloans.in/loan-settlement-by-city/gurugram-sector-26,warning,Duplication,Duplicate Content Detected,50 similar pages: https://www.settleloans.in/loan-settlement-by-city/gurugram-sector-1 (89.9% similar); https://www.settleloans.in/loan-settlement-by-city/gurugram-sector-10 (89.9% similar); https://www.settleloans.in/loan-settlement-by-city/gurugram-sector-10a (89.9% similar); https://www.settleloans.in/loan-settlement-by-city/gurugram-sector-11 (89.9% similar); https://www.settleloans.in/loan-settlement-by-city/gurugram-sector-12 (89.9% similar) (+45 more)
https://www.settleloans.in/loan-settlement-by-city/aiims-metro,warning,Duplication,Duplicate Content Detected,16 similar pages: https://www.settleloans.in/loan-settlement-by-city/aiims (93.5% similar); https://www.settleloans.in/loan-settlement-by-city/badarpur-metro (88.3% similar); https://www.settleloans.in/loan-settlement-by-city/ghevra-metro (88.3% similar); https://www.settleloans.in/loan-settlement-by-city/ito-metro (88.3% similar); https://www.settleloans.in/loan-settlement-by-city/kalyanpuri-metro (88.3% similar) (+11 more)
https://www.settleloans.in/loan-settlement-by-city/srinagar,warning,Duplication,Duplicate Content Detected,682 similar pages: https://www.settleloans.in/loan-settlement-by-city/abupur (86.1% similar); https://www.settleloans.in/loan-settlement-by-city/agartala (86.1% similar); https://www.settleloans.in/loan-settlement-by-city/agra (86.1% similar); https://www.settleloans.in/loan-settlement-by-city/ahmedabad (86.1% similar); https://www.settleloans.in/loan-settlement-by-city/aiims (86.1% similar) (+677 more)
https://www.settleloans.in/loan-settlement-by-city/kanchipuram,warning,Duplication,Duplicate Content Detected,682 similar pages: https://www.settleloans.in/loan-settlement-by-city/abupur (86.1% similar); https://www.settleloans.in/loan-settlement-by-city/agartala (86.1% similar); https://www.settleloans.in/loan-settlement-by-city/agra (86.1% similar); https://www.settleloans.in/loan-settlement-by-city/ahmedabad (86.1% similar); https://www.settleloans.in/loan-settlement-by-city/aiims (86.1% similar) (+677 more)
https://www.settleloans.in/loan-settlement-by-city/shastri-nagar-block-d,warning,Duplication,Duplicate Content Detected,4 similar pages: https://www.settleloans.in/loan-settlement-by-city/shastri-nagar-block-a (91.1% similar); https://www.settleloans.in/loan-settlement-by-city/shastri-nagar-block-b (91.1% similar); https://www.settleloans.in/loan-settlement-by-city/shastri-nagar-block-c (91.1% similar); https://www.settleloans.in/loan-settlement-by-city/shastri-nagar (89.7% similar)
https://www.settleloans.in/loan-settlement-by-city/govindpuram-sector-8,warning,Duplication,Duplicate Content Detected,15 similar pages: https://www.settleloans.in/loan-settlement-by-city/faridabad-sector-8 (89.9% similar); https://www.settleloans.in/loan-settlement-by-city/govindpuram-sector-1 (89.9% similar); https://www.settleloans.in/loan-settlement-by-city/govindpuram-sector-2 (89.9% similar); https://www.settleloans.in/loan-settlement-by-city/govindpuram-sector-3 (89.9% similar); https://www.settleloans.in/loan-settlement-by-city/govindpuram-sector-4 (89.9% similar) (+10 more)
https://www.settleloans.in/loan-settlement-by-city/dhamtari,warning,Duplication,Duplicate Content Detected,682 similar pages: https://www.settleloans.in/loan-settlement-by-city/abupur (86.1% similar); https://www.settleloans.in/loan-settlement-by-city/agartala (86.1% similar); https://www.settleloans.in/loan-settlement-by-city/agra (86.1% similar); https://www.settleloans.in/loan-settlement-by-city/ahmedabad (86.1% similar); https://www.settleloans.in/loan-settlement-by-city/aiims (86.1% similar) (+677 more)
https://www.settleloans.in/loan-settlement-by-city/khargone,warning,Duplication,Duplicate Content Detected,682 similar pages: https://www.settleloans.in/loan-settlement-by-city/abupur (86.1% similar); https://www.settleloans.in/loan-settlement-by-city/agartala (86.1% similar); https://www.settleloans.in/loan-settlement-by-city/agra (86.1% similar); https://www.settleloans.in/loan-settlement-by-city/ahmedabad (86.1% similar); https://www.settleloans.in/loan-settlement-by-city/aiims (86.1% similar) (+677 more)
https://www.settleloans.in/loan-settlement-by-city/ramgarh,warning,Duplication,Duplicate Content Detected,682 similar pages: https://www.settleloans.in/loan-settlement-by-city/abupur (86.1% similar); https://www.settleloans.in/loan-settlement-by-city/agartala (86.1% similar); https://www.settleloans.in/loan-settlement-by-city/agra (86.1% similar); https://www.settleloans.in/loan-settlement-by-city/ahmedabad (86.1% similar); https://www.settleloans.in/loan-settlement-by-city/aiims (86.1% similar) (+677 more)
https://www.settleloans.in/loan-settlement-by-city/noida-sector-71,warning,Duplication,Duplicate Content Detected,183 similar pages: https://www.settleloans.in/loan-settlement-by-city/noida-sector-1 (89.9% similar); https://www.settleloans.in/loan-settlement-by-city/noida-sector-10 (89.9% similar); https://www.settleloans.in/loan-settlement-by-city/noida-sector-100 (89.9% similar); https://www.settleloans.in/loan-settlement-by-city/noida-sector-101 (89.9% similar); https://www.settleloans.in/loan-settlement-by-city/noida-sector-102 (89.9% similar) (+178 more)
https://www.settleloans.in/loan-settlement-by-city/gurugram-sector-9,warning,Duplication,Duplicate Content Detected,55 similar pages: https://www.settleloans.in/loan-settlement-by-city/dwarka-sector-9 (89.9% similar); https://www.settleloans.in/loan-settlement-by-city/faridabad-sector-9 (89.9% similar); https://www.settleloans.in/loan-settlement-by-city/govindpuram-sector-9 (89.9% similar); https://www.settleloans.in/loan-settlement-by-city/gurugram-sector-1 (89.9% similar); https://www.settleloans.in/loan-settlement-by-city/gurugram-sector-10 (89.9% similar) (+50 more)
https://www.settleloans.in/loan-settlement-by-city/sahibganj,warning,Duplication,Duplicate Content Detected,682 similar pages: https://www.settleloans.in/loan-settlement-by-city/abupur (86.1% similar); https://www.settleloans.in/loan-settlement-by-city/agartala (86.1% similar); https://www.settleloans.in/loan-settlement-by-city/agra (86.1% similar); https://www.settleloans.in/loan-settlement-by-city/ahmedabad (86.1% similar); https://www.settleloans.in/loan-settlement-by-city/aiims (86.1% similar) (+677 more)
https://www.settleloans.in/loan-settlement-by-city/kavi-nagar-sector-10,warning,Duplication,Duplicate Content Detected,10 similar pages: https://www.settleloans.in/loan-settlement-by-city/kavi-nagar-sector-11 (91.1% similar); https://www.settleloans.in/loan-settlement-by-city/kavi-nagar-sector-12 (91.1% similar); https://www.settleloans.in/loan-settlement-by-city/kavi-nagar-sector-13 (91.1% similar); https://www.settleloans.in/loan-settlement-by-city/kavi-nagar-sector-14 (91.1% similar); https://www.settleloans.in/loan-settlement-by-city/kavi-nagar (89.7% similar) (+5 more)
https://www.settleloans.in/loan-settlement-by-city/noida-sector-31,warning,Duplication,Duplicate Content Detected,185 similar pages: https://www.settleloans.in/loan-settlement-by-city/faridabad-sector-31 (89.9% similar); https://www.settleloans.in/loan-settlement-by-city/gurugram-sector-31 (89.9% similar); https://www.settleloans.in/loan-settlement-by-city/noida-sector-1 (89.9% similar); https://www.settleloans.in/loan-settlement-by-city/noida-sector-10 (89.9% similar); https://www.settleloans.in/loan-settlement-by-city/noida-sector-100 (89.9% similar) (+180 more)
https://www.settleloans.in/loan-settlement-by-city/churu,warning,Duplication,Duplicate Content Detected,682 similar pages: https://www.settleloans.in/loan-settlement-by-city/abupur (86.1% similar); https://www.settleloans.in/loan-settlement-by-city/agartala (86.1% similar); https://www.settleloans.in/loan-settlement-by-city/agra (86.1% similar); https://www.settleloans.in/loan-settlement-by-city/ahmedabad (86.1% similar); https://www.settleloans.in/loan-settlement-by-city/aiims (86.1% similar) (+677 more)
https://www.settleloans.in/loan-settlement-by-city/greater-noida-sector-beta-2,warning,Duplication,Duplicate Content Detected,11 similar pages: https://www.settleloans.in/loan-settlement-by-city/greater-noida-sector-beta-1 (92.0% similar); https://www.settleloans.in/loan-settlement-by-city/greater-noida-sector-pi-2 (92.0% similar); https://www.settleloans.in/loan-settlement-by-city/greater-noida-sector-tau-2 (92.0% similar); https://www.settleloans.in/loan-settlement-by-city/greater-noida-sector-zeta-2 (92.0% similar); https://www.settleloans.in/loan-settlement-by-city/noida-sector-2 (90.9% similar) (+6 more)
https://www.settleloans.in/loan-settlement-by-city/vaishali-sector-4,warning,Duplication,Duplicate Content Detected,23 similar pages: https://www.settleloans.in/loan-settlement-by-city/faridabad-sector-4 (89.9% similar); https://www.settleloans.in/loan-settlement-by-city/govindpuram-sector-4 (89.9% similar); https://www.settleloans.in/loan-settlement-by-city/gurugram-sector-4 (89.9% similar); https://www.settleloans.in/loan-settlement-by-city/noida-sector-4 (89.9% similar); https://www.settleloans.in/loan-settlement-by-city/sector-4-vasundhara (89.9% similar) (+18 more)
https://www.settleloans.in/loan-settlement-by-city/dasna-industrial-area,warning,Duplication,Duplicate Content Detected,7 similar pages: https://www.settleloans.in/loan-settlement-by-city/dasna-jail-area (89.9% similar); https://www.settleloans.in/loan-settlement-by-city/jhilmil-industrial-area (89.9% similar); https://www.settleloans.in/loan-settlement-by-city/karampura-industrial-area (89.9% similar); https://www.settleloans.in/loan-settlement-by-city/mundka-industrial-area (89.9% similar); https://www.settleloans.in/loan-settlement-by-city/muradnagar-industrial-area (89.9% similar) (+2 more)
https://www.settleloans.in/loan-settlement-by-city/mandi,warning,Duplication,Duplicate Content Detected,683 similar pages: https://www.settleloans.in/loan-settlement-by-city/sabzi-mandi (93.5% similar); https://www.settleloans.in/loan-settlement-by-city/abupur (86.1% similar); https://www.settleloans.in/loan-settlement-by-city/agartala (86.1% similar); https://www.settleloans.in/loan-settlement-by-city/agra (86.1% similar); https://www.settleloans.in/loan-settlement-by-city/ahmedabad (86.1% similar) (+678 more)
https://www.settleloans.in/loan-settlement-by-city/faridabad-sector-31,warning,Duplication,Duplicate Content Detected,42 similar pages: https://www.settleloans.in/loan-settlement-by-city/faridabad-sector-1 (89.9% similar); https://www.settleloans.in/loan-settlement-by-city/faridabad-sector-10 (89.9% similar); https://www.settleloans.in/loan-settlement-by-city/faridabad-sector-11 (89.9% similar); https://www.settleloans.in/loan-settlement-by-city/faridabad-sector-12 (89.9% similar); https://www.settleloans.in/loan-settlement-by-city/faridabad-sector-13 (89.9% similar) (+37 more)
https://www.settleloans.in/loan-settlement-by-city/noida-sector-149,warning,Duplication,Duplicate Content Detected,183 similar pages: https://www.settleloans.in/loan-settlement-by-city/noida-sector-1 (89.9% similar); https://www.settleloans.in/loan-settlement-by-city/noida-sector-10 (89.9% similar); https://www.settleloans.in/loan-settlement-by-city/noida-sector-100 (89.9% similar); https://www.settleloans.in/loan-settlement-by-city/noida-sector-101 (89.9% similar); https://www.settleloans.in/loan-settlement-by-city/noida-sector-102 (89.9% similar) (+178 more)
https://www.settleloans.in/loan-settlement-by-city/upper-subansiri,warning,Duplication,Duplicate Content Detected,2 similar pages: https://www.settleloans.in/loan-settlement-by-city/lower-subansiri (88.3% similar); https://www.settleloans.in/loan-settlement-by-city/upper-siang (88.3% similar)
https://www.settleloans.in/loan-settlement-by-city/gurugram-sector-22a,warning,Duplication,Duplicate Content Detected,48 similar pages: https://www.settleloans.in/loan-settlement-by-city/gurugram-sector-1 (89.9% similar); https://www.settleloans.in/loan-settlement-by-city/gurugram-sector-10 (89.9% similar); https://www.settleloans.in/loan-settlement-by-city/gurugram-sector-10a (89.9% similar); https://www.settleloans.in/loan-settlement-by-city/gurugram-sector-11 (89.9% similar); https://www.settleloans.in/loan-settlement-by-city/gurugram-sector-12 (89.9% similar) (+43 more)
https://www.settleloans.in/loan-settlement-by-city/haridwar,warning,Duplication,Duplicate Content Detected,682 similar pages: https://www.settleloans.in/loan-settlement-by-city/abupur (86.1% similar); https://www.settleloans.in/loan-settlement-by-city/agartala (86.1% similar); https://www.settleloans.in/loan-settlement-by-city/agra (86.1% similar); https://www.settleloans.in/loan-settlement-by-city/ahmedabad (86.1% similar); https://www.settleloans.in/loan-settlement-by-city/aiims (86.1% similar) (+677 more)
https://www.settleloans.in/loan-settlement-by-city/poonch,warning,Duplication,Duplicate Content Detected,682 similar pages: https://www.settleloans.in/loan-settlement-by-city/abupur (86.1% similar); https://www.settleloans.in/loan-settlement-by-city/agartala (86.1% similar); https://www.settleloans.in/loan-settlement-by-city/agra (86.1% similar); https://www.settleloans.in/loan-settlement-by-city/ahmedabad (86.1% similar); https://www.settleloans.in/loan-settlement-by-city/aiims (86.1% similar) (+677 more)
https://www.settleloans.in/loan-settlement-by-city/sonbhadra,warning,Duplication,Duplicate Content Detected,682 similar pages: https://www.settleloans.in/loan-settlement-by-city/abupur (86.1% similar); https://www.settleloans.in/loan-settlement-by-city/agartala (86.1% similar); https://www.settleloans.in/loan-settlement-by-city/agra (86.1% similar); https://www.settleloans.in/loan-settlement-by-city/ahmedabad (86.1% similar); https://www.settleloans.in/loan-settlement-by-city/aiims (86.1% similar) (+677 more)
https://www.settleloans.in/loan-settlement-by-city/birbhum,warning,Duplication,Duplicate Content Detected,682 similar pages: https://www.settleloans.in/loan-settlement-by-city/abupur (86.1% similar); https://www.settleloans.in/loan-settlement-by-city/agartala (86.1% similar); https://www.settleloans.in/loan-settlement-by-city/agra (86.1% similar); https://www.settleloans.in/loan-settlement-by-city/ahmedabad (86.1% similar); https://www.settleloans.in/loan-settlement-by-city/aiims (86.1% similar) (+677 more)
https://www.settleloans.in/loan-settlement-by-city/meerut,warning,Duplication,Duplicate Content Detected,682 similar pages: https://www.settleloans.in/loan-settlement-by-city/abupur (86.1% similar); https://www.settleloans.in/loan-settlement-by-city/agartala (86.1% similar); https://www.settleloans.in/loan-settlement-by-city/agra (86.1% similar); https://www.settleloans.in/loan-settlement-by-city/ahmedabad (86.1% similar); https://www.settleloans.in/loan-settlement-by-city/aiims (86.1% similar) (+677 more)
https://www.settleloans.in/loan-settlement-by-city/noida-sector-134,warning,Duplication,Duplicate Content Detected,183 similar pages: https://www.settleloans.in/loan-settlement-by-city/noida-sector-1 (89.9% similar); https://www.settleloans.in/loan-settlement-by-city/noida-sector-10 (89.9% similar); https://www.settleloans.in/loan-settlement-by-city/noida-sector-100 (89.9% similar); https://www.settleloans.in/loan-settlement-by-city/noida-sector-101 (89.9% similar); https://www.settleloans.in/loan-settlement-by-city/noida-sector-102 (89.9% similar) (+178 more)
https://www.settleloans.in/loan-settlement-by-city/madhya-pradesh,warning,Duplication,Duplicate Content Detected,4 similar pages: https://www.settleloans.in/loan-settlement-by-city/andhra-pradesh (88.3% similar); https://www.settleloans.in/loan-settlement-by-city/arunachal-pradesh (88.3% similar); https://www.settleloans.in/loan-settlement-by-city/himachal-pradesh (88.3% similar); https://www.settleloans.in/loan-settlement-by-city/uttar-pradesh (88.3% similar)
https://www.settleloans.in/loan-settlement-by-city/jaipur,warning,Duplication,Duplicate Content Detected,682 similar pages: https://www.settleloans.in/loan-settlement-by-city/abupur (86.1% similar); https://www.settleloans.in/loan-settlement-by-city/agartala (86.1% similar); https://www.settleloans.in/loan-settlement-by-city/agra (86.1% similar); https://www.settleloans.in/loan-settlement-by-city/ahmedabad (86.1% similar); https://www.settleloans.in/loan-settlement-by-city/aiims (86.1% similar) (+677 more)
https://www.settleloans.in/loan-settlement-by-city/khajuri-khas,warning,Duplication,Duplicate Content Detected,1 similar page: https://www.settleloans.in/loan-settlement-by-city/hauz-khas (88.3% similar)
https://www.settleloans.in/loan-settlement-by-city/dhanbad,warning,Duplication,Duplicate Content Detected,682 similar pages: https://www.settleloans.in/loan-settlement-by-city/abupur (86.1% similar); https://www.settleloans.in/loan-settlement-by-city/agartala (86.1% similar); https://www.settleloans.in/loan-settlement-by-city/agra (86.1% similar); https://www.settleloans.in/loan-settlement-by-city/ahmedabad (86.1% similar); https://www.settleloans.in/loan-settlement-by-city/aiims (86.1% similar) (+677 more)
https://www.settleloans.in/loan-settlement-by-city/jharsuguda,warning,Duplication,Duplicate Content Detected,682 similar pages: https://www.settleloans.in/loan-settlement-by-city/abupur (86.1% similar); https://www.settleloans.in/loan-settlement-by-city/agartala (86.1% similar); https://www.settleloans.in/loan-settlement-by-city/agra (86.1% similar); https://www.settleloans.in/loan-settlement-by-city/ahmedabad (86.1% similar); https://www.settleloans.in/loan-settlement-by-city/aiims (86.1% similar) (+677 more)
https://www.settleloans.in/loan-settlement-by-city/noida-sector-39,warning,Duplication,Duplicate Content Detected,184 similar pages: https://www.settleloans.in/loan-settlement-by-city/gurugram-sector-39 (89.9% similar); https://www.settleloans.in/loan-settlement-by-city/noida-sector-1 (89.9% similar); https://www.settleloans.in/loan-settlement-by-city/noida-sector-10 (89.9% similar); https://www.settleloans.in/loan-settlement-by-city/noida-sector-100 (89.9% similar); https://www.settleloans.in/loan-settlement-by-city/noida-sector-101 (89.9% similar) (+179 more)
https://www.settleloans.in/loan-settlement-by-city/noida-sector-155,warning,Duplication,Duplicate Content Detected,183 similar pages: https://www.settleloans.in/loan-settlement-by-city/noida-sector-1 (89.9% similar); https://www.settleloans.in/loan-settlement-by-city/noida-sector-10 (89.9% similar); https://www.settleloans.in/loan-settlement-by-city/noida-sector-100 (89.9% similar); https://www.settleloans.in/loan-settlement-by-city/noida-sector-101 (89.9% similar); https://www.settleloans.in/loan-settlement-by-city/noida-sector-102 (89.9% similar) (+178 more)
https://www.settleloans.in/loan-settlement-by-city/mizoram,warning,Duplication,Duplicate Content Detected,682 similar pages: https://www.settleloans.in/loan-settlement-by-city/abupur (86.1% similar); https://www.settleloans.in/loan-settlement-by-city/agartala (86.1% similar); https://www.settleloans.in/loan-settlement-by-city/agra (86.1% similar); https://www.settleloans.in/loan-settlement-by-city/ahmedabad (86.1% similar); https://www.settleloans.in/loan-settlement-by-city/aiims (86.1% similar) (+677 more)
https://www.settleloans.in/loan-settlement-by-city/gurgaon,warning,Duplication,Duplicate Content Detected,682 similar pages: https://www.settleloans.in/loan-settlement-by-city/abupur (86.1% similar); https://www.settleloans.in/loan-settlement-by-city/agartala (86.1% similar); https://www.settleloans.in/loan-settlement-by-city/agra (86.1% similar); https://www.settleloans.in/loan-settlement-by-city/ahmedabad (86.1% similar); https://www.settleloans.in/loan-settlement-by-city/aiims (86.1% similar) (+677 more)
https://www.settleloans.in/loan-settlement-by-city/varanasi,warning,Duplication,Duplicate Content Detected,682 similar pages: https://www.settleloans.in/loan-settlement-by-city/abupur (86.1% similar); https://www.settleloans.in/loan-settlement-by-city/agartala (86.1% similar); https://www.settleloans.in/loan-settlement-by-city/agra (86.1% similar); https://www.settleloans.in/loan-settlement-by-city/ahmedabad (86.1% similar); https://www.settleloans.in/loan-settlement-by-city/aiims (86.1% similar) (+677 more)
https://www.settleloans.in/loan-settlement-by-city/jehanabad,warning,Duplication,Duplicate Content Detected,682 similar pages: https://www.settleloans.in/loan-settlement-by-city/abupur (86.1% similar); https://www.settleloans.in/loan-settlement-by-city/agartala (86.1% similar); https://www.settleloans.in/loan-settlement-by-city/agra (86.1% similar); https://www.settleloans.in/loan-settlement-by-city/ahmedabad (86.1% similar); https://www.settleloans.in/loan-settlement-by-city/aiims (86.1% similar) (+677 more)
https://www.settleloans.in/loan-settlement-by-city/sector-zeta-4,warning,Duplication,Duplicate Content Detected,16 similar pages: https://www.settleloans.in/loan-settlement-by-city/faridabad-sector-4 (89.9% similar); https://www.settleloans.in/loan-settlement-by-city/govindpuram-sector-4 (89.9% similar); https://www.settleloans.in/loan-settlement-by-city/gurugram-sector-4 (89.9% similar); https://www.settleloans.in/loan-settlement-by-city/noida-sector-4 (89.9% similar); https://www.settleloans.in/loan-settlement-by-city/sector-4-vasundhara (89.9% similar) (+11 more)
https://www.settleloans.in/loan-settlement-by-city/rewari,warning,Duplication,Duplicate Content Detected,682 similar pages: https://www.settleloans.in/loan-settlement-by-city/abupur (86.1% similar); https://www.settleloans.in/loan-settlement-by-city/agartala (86.1% similar); https://www.settleloans.in/loan-settlement-by-city/agra (86.1% similar); https://www.settleloans.in/loan-settlement-by-city/ahmedabad (86.1% similar); https://www.settleloans.in/loan-settlement-by-city/aiims (86.1% similar) (+677 more)
https://www.settleloans.in/loan-settlement-by-city/patan,warning,Duplication,Duplicate Content Detected,682 similar pages: https://www.settleloans.in/loan-settlement-by-city/abupur (86.1% similar); https://www.settleloans.in/loan-settlement-by-city/agartala (86.1% similar); https://www.settleloans.in/loan-settlement-by-city/agra (86.1% similar); https://www.settleloans.in/loan-settlement-by-city/ahmedabad (86.1% similar); https://www.settleloans.in/loan-settlement-by-city/aiims (86.1% similar) (+677 more)
https://www.settleloans.in/loan-settlement-by-city/jodhpur,warning,Duplication,Duplicate Content Detected,682 similar pages: https://www.settleloans.in/loan-settlement-by-city/abupur (86.1% similar); https://www.settleloans.in/loan-settlement-by-city/agartala (86.1% similar); https://www.settleloans.in/loan-settlement-by-city/agra (86.1% similar); https://www.settleloans.in/loan-settlement-by-city/ahmedabad (86.1% similar); https://www.settleloans.in/loan-settlement-by-city/aiims (86.1% similar) (+677 more)
https://www.settleloans.in/loan-settlement-by-city/rohini-sector-24,warning,Duplication,Duplicate Content Detected,9 similar pages: https://www.settleloans.in/loan-settlement-by-city/faridabad-sector-24 (89.9% similar); https://www.settleloans.in/loan-settlement-by-city/gurugram-sector-24 (89.9% similar); https://www.settleloans.in/loan-settlement-by-city/noida-sector-24 (89.9% similar); https://www.settleloans.in/loan-settlement-by-city/rohini-sector-11 (89.9% similar); https://www.settleloans.in/loan-settlement-by-city/rohini-sector-13 (89.9% similar) (+4 more)
https://www.settleloans.in/loan-settlement-by-city/dwarka-mor,warning,Duplication,Duplicate Content Detected,2 similar pages: https://www.settleloans.in/loan-settlement-by-city/dwarka-mor-metro (94.5% similar); https://www.settleloans.in/loan-settlement-by-city/devbhoomi-dwarka (88.3% similar)
https://www.settleloans.in/loan-settlement-by-city/noida-sector-12,warning,Duplication,Duplicate Content Detected,187 similar pages: https://www.settleloans.in/loan-settlement-by-city/noida-extension-sector-12 (95.2% similar); https://www.settleloans.in/loan-settlement-by-city/faridabad-sector-12 (89.9% similar); https://www.settleloans.in/loan-settlement-by-city/gurugram-sector-12 (89.9% similar); https://www.settleloans.in/loan-settlement-by-city/noida-sector-1 (89.9% similar); https://www.settleloans.in/loan-settlement-by-city/noida-sector-10 (89.9% similar) (+182 more)
https://www.settleloans.in/loan-settlement-by-city/gaya,warning,Duplication,Duplicate Content Detected,682 similar pages: https://www.settleloans.in/loan-settlement-by-city/abupur (86.1% similar); https://www.settleloans.in/loan-settlement-by-city/agartala (86.1% similar); https://www.settleloans.in/loan-settlement-by-city/agra (86.1% similar); https://www.settleloans.in/loan-settlement-by-city/ahmedabad (86.1% similar); https://www.settleloans.in/loan-settlement-by-city/aiims (86.1% similar) (+677 more)
https://www.settleloans.in/loan-settlement-by-city/vijayapura,warning,Duplication,Duplicate Content Detected,682 similar pages: https://www.settleloans.in/loan-settlement-by-city/abupur (86.1% similar); https://www.settleloans.in/loan-settlement-by-city/agartala (86.1% similar); https://www.settleloans.in/loan-settlement-by-city/agra (86.1% similar); https://www.settleloans.in/loan-settlement-by-city/ahmedabad (86.1% similar); https://www.settleloans.in/loan-settlement-by-city/aiims (86.1% similar) (+677 more)
https://www.settleloans.in/loan-settlement-by-city/noida-sector-60,warning,Duplication,Duplicate Content Detected,183 similar pages: https://www.settleloans.in/loan-settlement-by-city/noida-sector-1 (89.9% similar); https://www.settleloans.in/loan-settlement-by-city/noida-sector-10 (89.9% similar); https://www.settleloans.in/loan-settlement-by-city/noida-sector-100 (89.9% similar); https://www.settleloans.in/loan-settlement-by-city/noida-sector-101 (89.9% similar); https://www.settleloans.in/loan-settlement-by-city/noida-sector-102 (89.9% similar) (+178 more)
https://www.settleloans.in/loan-settlement-by-city/sidhi,warning,Duplication,Duplicate Content Detected,682 similar pages: https://www.settleloans.in/loan-settlement-by-city/abupur (86.1% similar); https://www.settleloans.in/loan-settlement-by-city/agartala (86.1% similar); https://www.settleloans.in/loan-settlement-by-city/agra (86.1% similar); https://www.settleloans.in/loan-settlement-by-city/ahmedabad (86.1% similar); https://www.settleloans.in/loan-settlement-by-city/aiims (86.1% similar) (+677 more)
https://www.settleloans.in/loan-settlement-by-city/sant-ravidas-nagar,warning,Duplication,Duplicate Content Detected,2 similar pages: https://www.settleloans.in/loan-settlement-by-city/sant-nagar (94.5% similar); https://www.settleloans.in/loan-settlement-by-city/sant-kabir-nagar (89.9% similar)
https://www.settleloans.in/loan-settlement-by-city/leh,warning,Duplication,Duplicate Content Detected,682 similar pages: https://www.settleloans.in/loan-settlement-by-city/abupur (86.1% similar); https://www.settleloans.in/loan-settlement-by-city/agartala (86.1% similar); https://www.settleloans.in/loan-settlement-by-city/agra (86.1% similar); https://www.settleloans.in/loan-settlement-by-city/ahmedabad (86.1% similar); https://www.settleloans.in/loan-settlement-by-city/aiims (86.1% similar) (+677 more)
https://www.settleloans.in/loan-settlement-by-city/mumbai-city,warning,Duplication,Duplicate Content Detected,4 similar pages: https://www.settleloans.in/loan-settlement-by-city/mumbai (93.5% similar); https://www.settleloans.in/loan-settlement-by-city/bahadurgarh-city (88.3% similar); https://www.settleloans.in/loan-settlement-by-city/mumbai-suburban (88.3% similar); https://www.settleloans.in/loan-settlement-by-city/shalimar-city (88.3% similar)
https://www.settleloans.in/loan-settlement-by-city/adarsh-nagar,warning,Duplication,Duplicate Content Detected,29 similar pages: https://www.settleloans.in/loan-settlement-by-city/ashok-nagar (88.3% similar); https://www.settleloans.in/loan-settlement-by-city/bharat-nagar (88.3% similar); https://www.settleloans.in/loan-settlement-by-city/chander-nagar (88.3% similar); https://www.settleloans.in/loan-settlement-by-city/gtb-nagar (88.3% similar); https://www.settleloans.in/loan-settlement-by-city/hari-nagar (88.3% similar) (+24 more)
https://www.settleloans.in/loan-settlement-by-city/punjabi-bagh-west,warning,Duplication,Duplicate Content Detected,2 similar pages: https://www.settleloans.in/loan-settlement-by-city/punjabi-bagh (94.5% similar); https://www.settleloans.in/loan-settlement-by-city/punjabi-bagh-metro (89.9% similar)
https://www.settleloans.in/loan-settlement-by-city/faridabad-sector-35,warning,Duplication,Duplicate Content Detected,42 similar pages: https://www.settleloans.in/loan-settlement-by-city/faridabad-sector-1 (89.9% similar); https://www.settleloans.in/loan-settlement-by-city/faridabad-sector-10 (89.9% similar); https://www.settleloans.in/loan-settlement-by-city/faridabad-sector-11 (89.9% similar); https://www.settleloans.in/loan-settlement-by-city/faridabad-sector-12 (89.9% similar); https://www.settleloans.in/loan-settlement-by-city/faridabad-sector-13 (89.9% similar) (+37 more)
https://www.settleloans.in/loan-settlement-by-city/shahdara-depot,warning,Duplication,Duplicate Content Detected,2 similar pages: https://www.settleloans.in/loan-settlement-by-city/shahdara (93.5% similar); https://www.settleloans.in/loan-settlement-by-city/najafgarh-depot (88.3% similar)
https://www.settleloans.in/loan-settlement-by-city/dumka,warning,Duplication,Duplicate Content Detected,682 similar pages: https://www.settleloans.in/loan-settlement-by-city/abupur (86.1% similar); https://www.settleloans.in/loan-settlement-by-city/agartala (86.1% similar); https://www.settleloans.in/loan-settlement-by-city/agra (86.1% similar); https://www.settleloans.in/loan-settlement-by-city/ahmedabad (86.1% similar); https://www.settleloans.in/loan-settlement-by-city/aiims (86.1% similar) (+677 more)
https://www.settleloans.in/loan-settlement-by-city/imphal,warning,Duplication,Duplicate Content Detected,684 similar pages: https://www.settleloans.in/loan-settlement-by-city/imphal-east (93.5% similar); https://www.settleloans.in/loan-settlement-by-city/imphal-west (93.5% similar); https://www.settleloans.in/loan-settlement-by-city/abupur (86.1% similar); https://www.settleloans.in/loan-settlement-by-city/agartala (86.1% similar); https://www.settleloans.in/loan-settlement-by-city/agra (86.1% similar) (+679 more)
https://www.settleloans.in/loan-settlement-by-city/noida-sector-114,warning,Duplication,Duplicate Content Detected,183 similar pages: https://www.settleloans.in/loan-settlement-by-city/noida-sector-1 (89.9% similar); https://www.settleloans.in/loan-settlement-by-city/noida-sector-10 (89.9% similar); https://www.settleloans.in/loan-settlement-by-city/noida-sector-100 (89.9% similar); https://www.settleloans.in/loan-settlement-by-city/noida-sector-101 (89.9% similar); https://www.settleloans.in/loan-settlement-by-city/noida-sector-102 (89.9% similar) (+178 more)
https://www.settleloans.in/loan-settlement-by-city/wave-executive-floors,warning,Duplication,Duplicate Content Detected,1 similar page: https://www.settleloans.in/loan-settlement-by-city/wave-city-harmony-floors (85.7% similar)
https://www.settleloans.in/loan-settlement-by-city/wave-city-sector-8,warning,Duplication,Duplicate Content Detected,14 similar pages: https://www.settleloans.in/loan-settlement-by-city/wave-city-sector-1 (91.1% similar); https://www.settleloans.in/loan-settlement-by-city/wave-city-sector-2 (91.1% similar); https://www.settleloans.in/loan-settlement-by-city/wave-city-sector-3 (91.1% similar); https://www.settleloans.in/loan-settlement-by-city/wave-city-sector-4 (91.1% similar); https://www.settleloans.in/loan-settlement-by-city/wave-city-sector-5 (91.1% similar) (+9 more)
https://www.settleloans.in/loan-settlement-by-city/jatwara,warning,Duplication,Duplicate Content Detected,682 similar pages: https://www.settleloans.in/loan-settlement-by-city/abupur (86.1% similar); https://www.settleloans.in/loan-settlement-by-city/agartala (86.1% similar); https://www.settleloans.in/loan-settlement-by-city/agra (86.1% similar); https://www.settleloans.in/loan-settlement-by-city/ahmedabad (86.1% similar); https://www.settleloans.in/loan-settlement-by-city/aiims (86.1% similar) (+677 more)
https://www.settleloans.in/loan-settlement-by-city/mackay,warning,Duplication,Duplicate Content Detected,682 similar pages: https://www.settleloans.in/loan-settlement-by-city/abupur (86.1% similar); https://www.settleloans.in/loan-settlement-by-city/agartala (86.1% similar); https://www.settleloans.in/loan-settlement-by-city/agra (86.1% similar); https://www.settleloans.in/loan-settlement-by-city/ahmedabad (86.1% similar); https://www.settleloans.in/loan-settlement-by-city/aiims (86.1% similar) (+677 more)
https://www.settleloans.in/loan-settlement-by-city/mathura,warning,Duplication,Duplicate Content Detected,682 similar pages: https://www.settleloans.in/loan-settlement-by-city/abupur (86.1% similar); https://www.settleloans.in/loan-settlement-by-city/agartala (86.1% similar); https://www.settleloans.in/loan-settlement-by-city/agra (86.1% similar); https://www.settleloans.in/loan-settlement-by-city/ahmedabad (86.1% similar); https://www.settleloans.in/loan-settlement-by-city/aiims (86.1% similar) (+677 more)
https://www.settleloans.in/loan-settlement-by-city/sector-7-vasundhara,warning,Duplication,Duplicate Content Detected,33 similar pages: https://www.settleloans.in/loan-settlement-by-city/vasundhara-sector-7 (100.0% similar); https://www.settleloans.in/loan-settlement-by-city/faridabad-sector-7 (89.9% similar); https://www.settleloans.in/loan-settlement-by-city/govindpuram-sector-7 (89.9% similar); https://www.settleloans.in/loan-settlement-by-city/gurugram-sector-7 (89.9% similar); https://www.settleloans.in/loan-settlement-by-city/noida-sector-7 (89.9% similar) (+28 more)
https://www.settleloans.in/loan-settlement-by-city/koraput,warning,Duplication,Duplicate Content Detected,682 similar pages: https://www.settleloans.in/loan-settlement-by-city/abupur (86.1% similar); https://www.settleloans.in/loan-settlement-by-city/agartala (86.1% similar); https://www.settleloans.in/loan-settlement-by-city/agra (86.1% similar); https://www.settleloans.in/loan-settlement-by-city/ahmedabad (86.1% similar); https://www.settleloans.in/loan-settlement-by-city/aiims (86.1% similar) (+677 more)
https://www.settleloans.in/loan-settlement-by-city/faridabad-sector-17,warning,Duplication,Duplicate Content Detected,43 similar pages: https://www.settleloans.in/loan-settlement-by-city/faridabad-sector-1 (89.9% similar); https://www.settleloans.in/loan-settlement-by-city/faridabad-sector-10 (89.9% similar); https://www.settleloans.in/loan-settlement-by-city/faridabad-sector-11 (89.9% similar); https://www.settleloans.in/loan-settlement-by-city/faridabad-sector-12 (89.9% similar); https://www.settleloans.in/loan-settlement-by-city/faridabad-sector-13 (89.9% similar) (+38 more)
https://www.settleloans.in/loan-settlement-by-city/muradnagar-industrial-area,warning,Duplication,Duplicate Content Detected,7 similar pages: https://www.settleloans.in/loan-settlement-by-city/dasna-industrial-area (89.9% similar); https://www.settleloans.in/loan-settlement-by-city/jhilmil-industrial-area (89.9% similar); https://www.settleloans.in/loan-settlement-by-city/karampura-industrial-area (89.9% similar); https://www.settleloans.in/loan-settlement-by-city/mundka-industrial-area (89.9% similar); https://www.settleloans.in/loan-settlement-by-city/muradnagar (88.1% similar) (+2 more)
https://www.settleloans.in/loan-settlement-by-city/surajpur,warning,Duplication,Duplicate Content Detected,682 similar pages: https://www.settleloans.in/loan-settlement-by-city/abupur (86.1% similar); https://www.settleloans.in/loan-settlement-by-city/agartala (86.1% similar); https://www.settleloans.in/loan-settlement-by-city/agra (86.1% similar); https://www.settleloans.in/loan-settlement-by-city/ahmedabad (86.1% similar); https://www.settleloans.in/loan-settlement-by-city/aiims (86.1% similar) (+677 more)
https://www.settleloans.in/loan-settlement-by-city/junagadh,warning,Duplication,Duplicate Content Detected,682 similar pages: https://www.settleloans.in/loan-settlement-by-city/abupur (86.1% similar); https://www.settleloans.in/loan-settlement-by-city/agartala (86.1% similar); https://www.settleloans.in/loan-settlement-by-city/agra (86.1% similar); https://www.settleloans.in/loan-settlement-by-city/ahmedabad (86.1% similar); https://www.settleloans.in/loan-settlement-by-city/aiims (86.1% similar) (+677 more)
https://www.settleloans.in/loan-settlement-by-city/nehru-place,warning,Duplication,Duplicate Content Detected,4 similar pages: https://www.settleloans.in/loan-settlement-by-city/connaught-place (88.3% similar); https://www.settleloans.in/loan-settlement-by-city/kirbi-place (88.3% similar); https://www.settleloans.in/loan-settlement-by-city/nehru-enclave (88.3% similar); https://www.settleloans.in/loan-settlement-by-city/rajendra-place (88.3% similar)
https://www.settleloans.in/loan-settlement-by-city/punjabi-bagh-metro,warning,Duplication,Duplicate Content Detected,2 similar pages: https://www.settleloans.in/loan-settlement-by-city/punjabi-bagh (94.5% similar); https://www.settleloans.in/loan-settlement-by-city/punjabi-bagh-west (89.9% similar)
https://www.settleloans.in/loan-settlement-by-city/pandav-nagar,warning,Duplication,Duplicate Content Detected,29 similar pages: https://www.settleloans.in/loan-settlement-by-city/adarsh-nagar (88.3% similar); https://www.settleloans.in/loan-settlement-by-city/ashok-nagar (88.3% similar); https://www.settleloans.in/loan-settlement-by-city/bharat-nagar (88.3% similar); https://www.settleloans.in/loan-settlement-by-city/chander-nagar (88.3% similar); https://www.settleloans.in/loan-settlement-by-city/gtb-nagar (88.3% similar) (+24 more)
https://www.settleloans.in/loan-settlement-by-city/noida-sector-100,warning,Duplication,Duplicate Content Detected,183 similar pages: https://www.settleloans.in/loan-settlement-by-city/noida-sector-1 (89.9% similar); https://www.settleloans.in/loan-settlement-by-city/noida-sector-10 (89.9% similar); https://www.settleloans.in/loan-settlement-by-city/noida-sector-101 (89.9% similar); https://www.settleloans.in/loan-settlement-by-city/noida-sector-102 (89.9% similar); https://www.settleloans.in/loan-settlement-by-city/noida-sector-103 (89.9% similar) (+178 more)
https://www.settleloans.in/loan-settlement-by-city/noida-sector-28,warning,Duplication,Duplicate Content Detected,185 similar pages: https://www.settleloans.in/loan-settlement-by-city/faridabad-sector-28 (89.9% similar); https://www.settleloans.in/loan-settlement-by-city/gurugram-sector-28 (89.9% similar); https://www.settleloans.in/loan-settlement-by-city/noida-sector-1 (89.9% similar); https://www.settleloans.in/loan-settlement-by-city/noida-sector-10 (89.9% similar); https://www.settleloans.in/loan-settlement-by-city/noida-sector-100 (89.9% similar) (+180 more)
https://www.settleloans.in/loan-settlement-by-city/shaheen-bagh,warning,Duplication,Duplicate Content Detected,4 similar pages: https://www.settleloans.in/loan-settlement-by-city/karol-bagh (88.3% similar); https://www.settleloans.in/loan-settlement-by-city/moti-bagh (88.3% similar); https://www.settleloans.in/loan-settlement-by-city/punjabi-bagh (88.3% similar); https://www.settleloans.in/loan-settlement-by-city/shalimar-bagh (88.3% similar)
https://www.settleloans.in/loan-settlement-by-city/belagavi,warning,Duplication,Duplicate Content Detected,682 similar pages: https://www.settleloans.in/loan-settlement-by-city/abupur (86.1% similar); https://www.settleloans.in/loan-settlement-by-city/agartala (86.1% similar); https://www.settleloans.in/loan-settlement-by-city/agra (86.1% similar); https://www.settleloans.in/loan-settlement-by-city/ahmedabad (86.1% similar); https://www.settleloans.in/loan-settlement-by-city/aiims (86.1% similar) (+677 more)
https://www.settleloans.in/loan-settlement-by-city/narela,warning,Duplication,Duplicate Content Detected,682 similar pages: https://www.settleloans.in/loan-settlement-by-city/abupur (86.1% similar); https://www.settleloans.in/loan-settlement-by-city/agartala (86.1% similar); https://www.settleloans.in/loan-settlement-by-city/agra (86.1% similar); https://www.settleloans.in/loan-settlement-by-city/ahmedabad (86.1% similar); https://www.settleloans.in/loan-settlement-by-city/aiims (86.1% similar) (+677 more)
https://www.settleloans.in/loan-settlement-by-city/udaipur,warning,Duplication,Duplicate Content Detected,682 similar pages: https://www.settleloans.in/loan-settlement-by-city/abupur (86.1% similar); https://www.settleloans.in/loan-settlement-by-city/agartala (86.1% similar); https://www.settleloans.in/loan-settlement-by-city/agra (86.1% similar); https://www.settleloans.in/loan-settlement-by-city/ahmedabad (86.1% similar); https://www.settleloans.in/loan-settlement-by-city/aiims (86.1% similar) (+677 more)
https://www.settleloans.in/loan-settlement-by-city/railway-colony,warning,Duplication,Duplicate Content Detected,6 similar pages: https://www.settleloans.in/loan-settlement-by-city/baba-colony (88.3% similar); https://www.settleloans.in/loan-settlement-by-city/defence-colony (88.3% similar); https://www.settleloans.in/loan-settlement-by-city/geeta-colony (88.3% similar); https://www.settleloans.in/loan-settlement-by-city/jhilmil-colony (88.3% similar); https://www.settleloans.in/loan-settlement-by-city/ramprastha-colony (88.3% similar) (+1 more)
https://www.settleloans.in/loan-settlement-by-city/una,warning,Duplication,Duplicate Content Detected,682 similar pages: https://www.settleloans.in/loan-settlement-by-city/abupur (86.1% similar); https://www.settleloans.in/loan-settlement-by-city/agartala (86.1% similar); https://www.settleloans.in/loan-settlement-by-city/agra (86.1% similar); https://www.settleloans.in/loan-settlement-by-city/ahmedabad (86.1% similar); https://www.settleloans.in/loan-settlement-by-city/aiims (86.1% similar) (+677 more)
https://www.settleloans.in/loan-settlement-by-city/gyan-khand-1,warning,Duplication,Duplicate Content Detected,9 similar pages: https://www.settleloans.in/loan-settlement-by-city/abhay-khand-1 (89.9% similar); https://www.settleloans.in/loan-settlement-by-city/gyan-khand-2 (89.9% similar); https://www.settleloans.in/loan-settlement-by-city/gyan-khand-3 (89.9% similar); https://www.settleloans.in/loan-settlement-by-city/gyan-khand-4 (89.9% similar); https://www.settleloans.in/loan-settlement-by-city/niti-khand-1 (89.9% similar) (+4 more)
https://www.settleloans.in/loan-settlement-by-city/karampura-industrial-area,warning,Duplication,Duplicate Content Detected,7 similar pages: https://www.settleloans.in/loan-settlement-by-city/dasna-industrial-area (89.9% similar); https://www.settleloans.in/loan-settlement-by-city/jhilmil-industrial-area (89.9% similar); https://www.settleloans.in/loan-settlement-by-city/mundka-industrial-area (89.9% similar); https://www.settleloans.in/loan-settlement-by-city/muradnagar-industrial-area (89.9% similar); https://www.settleloans.in/loan-settlement-by-city/karampura (88.1% similar) (+2 more)
https://www.settleloans.in/loan-settlement-by-city/faridabad-sector-15,warning,Duplication,Duplicate Content Detected,42 similar pages: https://www.settleloans.in/loan-settlement-by-city/faridabad-sector-1 (89.9% similar); https://www.settleloans.in/loan-settlement-by-city/faridabad-sector-10 (89.9% similar); https://www.settleloans.in/loan-settlement-by-city/faridabad-sector-11 (89.9% similar); https://www.settleloans.in/loan-settlement-by-city/faridabad-sector-12 (89.9% similar); https://www.settleloans.in/loan-settlement-by-city/faridabad-sector-13 (89.9% similar) (+37 more)
https://www.settleloans.in/loan-settlement-by-city/raigad,warning,Duplication,Duplicate Content Detected,682 similar pages: https://www.settleloans.in/loan-settlement-by-city/abupur (86.1% similar); https://www.settleloans.in/loan-settlement-by-city/agartala (86.1% similar); https://www.settleloans.in/loan-settlement-by-city/agra (86.1% similar); https://www.settleloans.in/loan-settlement-by-city/ahmedabad (86.1% similar); https://www.settleloans.in/loan-settlement-by-city/aiims (86.1% similar) (+677 more)
https://www.settleloans.in/loan-settlement-by-city/sector-xu-2,warning,Duplication,Duplicate Content Detected,22 similar pages: https://www.settleloans.in/loan-settlement-by-city/faridabad-sector-2 (89.9% similar); https://www.settleloans.in/loan-settlement-by-city/govindpuram-sector-2 (89.9% similar); https://www.settleloans.in/loan-settlement-by-city/gurugram-sector-2 (89.9% similar); https://www.settleloans.in/loan-settlement-by-city/nehrunagar-sector-2 (89.9% similar); https://www.settleloans.in/loan-settlement-by-city/noida-sector-2 (89.9% similar) (+17 more)
https://www.settleloans.in/loan-settlement-by-city/vaibhav-khand,warning,Duplication,Duplicate Content Detected,1 similar page: https://www.settleloans.in/loan-settlement-by-city/indirapuram-vaibhav-khand (94.5% similar)
https://www.settleloans.in/loan-settlement-by-city/nalgonda,warning,Duplication,Duplicate Content Detected,682 similar pages: https://www.settleloans.in/loan-settlement-by-city/abupur (86.1% similar); https://www.settleloans.in/loan-settlement-by-city/agartala (86.1% similar); https://www.settleloans.in/loan-settlement-by-city/agra (86.1% similar); https://www.settleloans.in/loan-settlement-by-city/ahmedabad (86.1% similar); https://www.settleloans.in/loan-settlement-by-city/aiims (86.1% similar) (+677 more)
https://www.settleloans.in/loan-settlement-by-city/bhavnagar,warning,Duplication,Duplicate Content Detected,682 similar pages: https://www.settleloans.in/loan-settlement-by-city/abupur (86.1% similar); https://www.settleloans.in/loan-settlement-by-city/agartala (86.1% similar); https://www.settleloans.in/loan-settlement-by-city/agra (86.1% similar); https://www.settleloans.in/loan-settlement-by-city/ahmedabad (86.1% similar); https://www.settleloans.in/loan-settlement-by-city/aiims (86.1% similar) (+677 more)
https://www.settleloans.in/loan-settlement-by-city/noida-sector-21,warning,Duplication,Duplicate Content Detected,186 similar pages: https://www.settleloans.in/loan-settlement-by-city/dwarka-sector-21 (89.9% similar); https://www.settleloans.in/loan-settlement-by-city/faridabad-sector-21 (89.9% similar); https://www.settleloans.in/loan-settlement-by-city/gurugram-sector-21 (89.9% similar); https://www.settleloans.in/loan-settlement-by-city/noida-sector-1 (89.9% similar); https://www.settleloans.in/loan-settlement-by-city/noida-sector-10 (89.9% similar) (+181 more)
https://www.settleloans.in/loan-settlement-by-city/purulia,warning,Duplication,Duplicate Content Detected,682 similar pages: https://www.settleloans.in/loan-settlement-by-city/abupur (86.1% similar); https://www.settleloans.in/loan-settlement-by-city/agartala (86.1% similar); https://www.settleloans.in/loan-settlement-by-city/agra (86.1% similar); https://www.settleloans.in/loan-settlement-by-city/ahmedabad (86.1% similar); https://www.settleloans.in/loan-settlement-by-city/aiims (86.1% similar) (+677 more)
https://www.settleloans.in/loan-settlement-by-city/karaikal,warning,Duplication,Duplicate Content Detected,682 similar pages: https://www.settleloans.in/loan-settlement-by-city/abupur (86.1% similar); https://www.settleloans.in/loan-settlement-by-city/agartala (86.1% similar); https://www.settleloans.in/loan-settlement-by-city/agra (86.1% similar); https://www.settleloans.in/loan-settlement-by-city/ahmedabad (86.1% similar); https://www.settleloans.in/loan-settlement-by-city/aiims (86.1% similar) (+677 more)
https://www.settleloans.in/loan-settlement-by-city/noida-sector-65,warning,Duplication,Duplicate Content Detected,183 similar pages: https://www.settleloans.in/loan-settlement-by-city/noida-sector-1 (89.9% similar); https://www.settleloans.in/loan-settlement-by-city/noida-sector-10 (89.9% similar); https://www.settleloans.in/loan-settlement-by-city/noida-sector-100 (89.9% similar); https://www.settleloans.in/loan-settlement-by-city/noida-sector-101 (89.9% similar); https://www.settleloans.in/loan-settlement-by-city/noida-sector-102 (89.9% similar) (+178 more)
https://www.settleloans.in/loan-settlement-by-city/greater-noida-sector-omicron-2,warning,Duplication,Duplicate Content Detected,11 similar pages: https://www.settleloans.in/loan-settlement-by-city/greater-noida-sector-alpha-2 (91.5% similar); https://www.settleloans.in/loan-settlement-by-city/greater-noida-sector-delta-2 (91.5% similar); https://www.settleloans.in/loan-settlement-by-city/greater-noida-sector-gamma-2 (91.5% similar); https://www.settleloans.in/loan-settlement-by-city/greater-noida-sector-omicron-1 (91.5% similar); https://www.settleloans.in/loan-settlement-by-city/greater-noida-sector-omicron-3 (91.5% similar) (+6 more)
https://www.settleloans.in/loan-settlement-by-city/doda,warning,Duplication,Duplicate Content Detected,682 similar pages: https://www.settleloans.in/loan-settlement-by-city/abupur (86.1% similar); https://www.settleloans.in/loan-settlement-by-city/agartala (86.1% similar); https://www.settleloans.in/loan-settlement-by-city/agra (86.1% similar); https://www.settleloans.in/loan-settlement-by-city/ahmedabad (86.1% similar); https://www.settleloans.in/loan-settlement-by-city/aiims (86.1% similar) (+677 more)
https://www.settleloans.in/loan-settlement-by-city/tronica-city-sector-d,warning,Duplication,Duplicate Content Detected,5 similar pages: https://www.settleloans.in/loan-settlement-by-city/tronica-city-sector-a (91.1% similar); https://www.settleloans.in/loan-settlement-by-city/tronica-city-sector-b (91.1% similar); https://www.settleloans.in/loan-settlement-by-city/tronica-city-sector-c (91.1% similar); https://www.settleloans.in/loan-settlement-by-city/tronica-city-sector-e (91.1% similar); https://www.settleloans.in/loan-settlement-by-city/loni-tronica-city (85.7% similar)
https://www.settleloans.in/loan-settlement-by-city/panipat,warning,Duplication,Duplicate Content Detected,682 similar pages: https://www.settleloans.in/loan-settlement-by-city/abupur (86.1% similar); https://www.settleloans.in/loan-settlement-by-city/agartala (86.1% similar); https://www.settleloans.in/loan-settlement-by-city/agra (86.1% similar); https://www.settleloans.in/loan-settlement-by-city/ahmedabad (86.1% similar); https://www.settleloans.in/loan-settlement-by-city/aiims (86.1% similar) (+677 more)
https://www.settleloans.in/loan-settlement-by-city/gondia,warning,Duplication,Duplicate Content Detected,682 similar pages: https://www.settleloans.in/loan-settlement-by-city/abupur (86.1% similar); https://www.settleloans.in/loan-settlement-by-city/agartala (86.1% similar); https://www.settleloans.in/loan-settlement-by-city/agra (86.1% similar); https://www.settleloans.in/loan-settlement-by-city/ahmedabad (86.1% similar); https://www.settleloans.in/loan-settlement-by-city/aiims (86.1% similar) (+677 more)
https://www.settleloans.in/loan-settlement-by-city/mahbubabad,warning,Duplication,Duplicate Content Detected,682 similar pages: https://www.settleloans.in/loan-settlement-by-city/abupur (86.1% similar); https://www.settleloans.in/loan-settlement-by-city/agartala (86.1% similar); https://www.settleloans.in/loan-settlement-by-city/agra (86.1% similar); https://www.settleloans.in/loan-settlement-by-city/ahmedabad (86.1% similar); https://www.settleloans.in/loan-settlement-by-city/aiims (86.1% similar) (+677 more)
https://www.settleloans.in/loan-settlement-by-city/vasundhara-sector-1,warning,Duplication,Duplicate Content Detected,44 similar pages: https://www.settleloans.in/loan-settlement-by-city/sector-1-vasundhara (100.0% similar); https://www.settleloans.in/loan-settlement-by-city/faridabad-sector-1 (89.9% similar); https://www.settleloans.in/loan-settlement-by-city/govindpuram-sector-1 (89.9% similar); https://www.settleloans.in/loan-settlement-by-city/gurugram-sector-1 (89.9% similar); https://www.settleloans.in/loan-settlement-by-city/nehrunagar-sector-1 (89.9% similar) (+39 more)
https://www.settleloans.in/loan-settlement-by-city/gurugram-sector-35,warning,Duplication,Duplicate Content Detected,50 similar pages: https://www.settleloans.in/loan-settlement-by-city/faridabad-sector-35 (89.9% similar); https://www.settleloans.in/loan-settlement-by-city/gurugram-sector-1 (89.9% similar); https://www.settleloans.in/loan-settlement-by-city/gurugram-sector-10 (89.9% similar); https://www.settleloans.in/loan-settlement-by-city/gurugram-sector-10a (89.9% similar); https://www.settleloans.in/loan-settlement-by-city/gurugram-sector-11 (89.9% similar) (+45 more)
https://www.settleloans.in/loan-settlement-by-city/gurugram-sector-31,warning,Duplication,Duplicate Content Detected,50 similar pages: https://www.settleloans.in/loan-settlement-by-city/faridabad-sector-31 (89.9% similar); https://www.settleloans.in/loan-settlement-by-city/gurugram-sector-1 (89.9% similar); https://www.settleloans.in/loan-settlement-by-city/gurugram-sector-10 (89.9% similar); https://www.settleloans.in/loan-settlement-by-city/gurugram-sector-10a (89.9% similar); https://www.settleloans.in/loan-settlement-by-city/gurugram-sector-11 (89.9% similar) (+45 more)
https://www.settleloans.in/loan-settlement-by-city/indraprastha-park,warning,Duplication,Duplicate Content Detected,4 similar pages: https://www.settleloans.in/loan-settlement-by-city/indraprastha (93.5% similar); https://www.settleloans.in/loan-settlement-by-city/green-park (88.3% similar); https://www.settleloans.in/loan-settlement-by-city/rajdhani-park (88.3% similar); https://www.settleloans.in/loan-settlement-by-city/shastri-park (88.3% similar)
https://www.settleloans.in/loan-settlement-by-city/noida-sector-37,warning,Duplication,Duplicate Content Detected,185 similar pages: https://www.settleloans.in/loan-settlement-by-city/faridabad-sector-37 (89.9% similar); https://www.settleloans.in/loan-settlement-by-city/gurugram-sector-37 (89.9% similar); https://www.settleloans.in/loan-settlement-by-city/noida-sector-1 (89.9% similar); https://www.settleloans.in/loan-settlement-by-city/noida-sector-10 (89.9% similar); https://www.settleloans.in/loan-settlement-by-city/noida-sector-100 (89.9% similar) (+180 more)
https://www.settleloans.in/loan-settlement-by-city/greater-noida-sector-delta-4,warning,Duplication,Duplicate Content Detected,5 similar pages: https://www.settleloans.in/loan-settlement-by-city/greater-noida-sector-delta-1 (91.5% similar); https://www.settleloans.in/loan-settlement-by-city/greater-noida-sector-delta-2 (91.5% similar); https://www.settleloans.in/loan-settlement-by-city/greater-noida-sector-delta-3 (91.5% similar); https://www.settleloans.in/loan-settlement-by-city/greater-noida-sector-sigma-4 (91.5% similar); https://www.settleloans.in/loan-settlement-by-city/noida-sector-4 (88.2% similar)
https://www.settleloans.in/loan-settlement-by-city/vasant-kunj-bus-stand,warning,Duplication,Duplicate Content Detected,4 similar pages: https://www.settleloans.in/loan-settlement-by-city/vasant-kunj (89.7% similar); https://www.settleloans.in/loan-settlement-by-city/faridabad-bus-stand (85.7% similar); https://www.settleloans.in/loan-settlement-by-city/ghaziabad-bus-stand (85.7% similar); https://www.settleloans.in/loan-settlement-by-city/najafgarh-bus-stand (85.7% similar)
https://www.settleloans.in/loan-settlement-by-city/siddharth-vihar-sector-4,warning,Duplication,Duplicate Content Detected,14 similar pages: https://www.settleloans.in/loan-settlement-by-city/siddharth-vihar-sector-1 (91.1% similar); https://www.settleloans.in/loan-settlement-by-city/siddharth-vihar-sector-2 (91.1% similar); https://www.settleloans.in/loan-settlement-by-city/siddharth-vihar-sector-3 (91.1% similar); https://www.settleloans.in/loan-settlement-by-city/siddharth-vihar (89.7% similar); https://www.settleloans.in/loan-settlement-by-city/faridabad-sector-4 (85.7% similar) (+9 more)
https://www.settleloans.in/loan-settlement-by-city/nadia,warning,Duplication,Duplicate Content Detected,682 similar pages: https://www.settleloans.in/loan-settlement-by-city/abupur (86.1% similar); https://www.settleloans.in/loan-settlement-by-city/agartala (86.1% similar); https://www.settleloans.in/loan-settlement-by-city/agra (86.1% similar); https://www.settleloans.in/loan-settlement-by-city/ahmedabad (86.1% similar); https://www.settleloans.in/loan-settlement-by-city/aiims (86.1% similar) (+677 more)
https://www.settleloans.in/loan-settlement-by-city/purba-medinipur,warning,Duplication,Duplicate Content Detected,2 similar pages: https://www.settleloans.in/loan-settlement-by-city/paschim-medinipur (88.3% similar); https://www.settleloans.in/loan-settlement-by-city/purba-bardhaman (88.3% similar)
https://www.settleloans.in/loan-settlement-by-city/indore,warning,Duplication,Duplicate Content Detected,682 similar pages: https://www.settleloans.in/loan-settlement-by-city/abupur (86.1% similar); https://www.settleloans.in/loan-settlement-by-city/agartala (86.1% similar); https://www.settleloans.in/loan-settlement-by-city/agra (86.1% similar); https://www.settleloans.in/loan-settlement-by-city/ahmedabad (86.1% similar); https://www.settleloans.in/loan-settlement-by-city/aiims (86.1% similar) (+677 more)
https://www.settleloans.in/loan-settlement-by-city/gurugram-sector-37c,warning,Duplication,Duplicate Content Detected,48 similar pages: https://www.settleloans.in/loan-settlement-by-city/gurugram-sector-1 (89.9% similar); https://www.settleloans.in/loan-settlement-by-city/gurugram-sector-10 (89.9% similar); https://www.settleloans.in/loan-settlement-by-city/gurugram-sector-10a (89.9% similar); https://www.settleloans.in/loan-settlement-by-city/gurugram-sector-11 (89.9% similar); https://www.settleloans.in/loan-settlement-by-city/gurugram-sector-12 (89.9% similar) (+43 more)
https://www.settleloans.in/loan-settlement-by-city/noida-sector-6,warning,Duplication,Duplicate Content Detected,192 similar pages: https://www.settleloans.in/loan-settlement-by-city/faridabad-sector-6 (89.9% similar); https://www.settleloans.in/loan-settlement-by-city/govindpuram-sector-6 (89.9% similar); https://www.settleloans.in/loan-settlement-by-city/gurugram-sector-6 (89.9% similar); https://www.settleloans.in/loan-settlement-by-city/noida-sector-1 (89.9% similar); https://www.settleloans.in/loan-settlement-by-city/noida-sector-10 (89.9% similar) (+187 more)
https://www.settleloans.in/loan-settlement-by-city/jalandhar,warning,Duplication,Duplicate Content Detected,682 similar pages: https://www.settleloans.in/loan-settlement-by-city/abupur (86.1% similar); https://www.settleloans.in/loan-settlement-by-city/agartala (86.1% similar); https://www.settleloans.in/loan-settlement-by-city/agra (86.1% similar); https://www.settleloans.in/loan-settlement-by-city/ahmedabad (86.1% similar); https://www.settleloans.in/loan-settlement-by-city/aiims (86.1% similar) (+677 more)
https://www.settleloans.in/loan-settlement-by-city/east-khasi-hills,warning,Duplication,Duplicate Content Detected,3 similar pages: https://www.settleloans.in/loan-settlement-by-city/east-garo-hills (89.9% similar); https://www.settleloans.in/loan-settlement-by-city/east-jaintia-hills (89.9% similar); https://www.settleloans.in/loan-settlement-by-city/west-khasi-hills (89.9% similar)
https://www.settleloans.in/loan-settlement-by-city/panchkula,warning,Duplication,Duplicate Content Detected,682 similar pages: https://www.settleloans.in/loan-settlement-by-city/abupur (86.1% similar); https://www.settleloans.in/loan-settlement-by-city/agartala (86.1% similar); https://www.settleloans.in/loan-settlement-by-city/agra (86.1% similar); https://www.settleloans.in/loan-settlement-by-city/ahmedabad (86.1% similar); https://www.settleloans.in/loan-settlement-by-city/aiims (86.1% similar) (+677 more)
https://www.settleloans.in/loan-settlement-by-city/srikakulam,warning,Duplication,Duplicate Content Detected,682 similar pages: https://www.settleloans.in/loan-settlement-by-city/abupur (86.1% similar); https://www.settleloans.in/loan-settlement-by-city/agartala (86.1% similar); https://www.settleloans.in/loan-settlement-by-city/agra (86.1% similar); https://www.settleloans.in/loan-settlement-by-city/ahmedabad (86.1% similar); https://www.settleloans.in/loan-settlement-by-city/aiims (86.1% similar) (+677 more)
https://www.settleloans.in/loan-settlement-by-city/hooghly,warning,Duplication,Duplicate Content Detected,682 similar pages: https://www.settleloans.in/loan-settlement-by-city/abupur (86.1% similar); https://www.settleloans.in/loan-settlement-by-city/agartala (86.1% similar); https://www.settleloans.in/loan-settlement-by-city/agra (86.1% similar); https://www.settleloans.in/loan-settlement-by-city/ahmedabad (86.1% similar); https://www.settleloans.in/loan-settlement-by-city/aiims (86.1% similar) (+677 more)
https://www.settleloans.in/loan-settlement-by-city/yamuna-expressway-sector-24,warning,Duplication,Duplicate Content Detected,10 similar pages: https://www.settleloans.in/loan-settlement-by-city/yamuna-expressway-sector-18 (91.1% similar); https://www.settleloans.in/loan-settlement-by-city/yamuna-expressway-sector-20 (91.1% similar); https://www.settleloans.in/loan-settlement-by-city/yamuna-expressway-sector-22 (91.1% similar); https://www.settleloans.in/loan-settlement-by-city/yamuna-expressway-sector-25 (91.1% similar); https://www.settleloans.in/loan-settlement-by-city/yamuna-expressway-sector-26 (91.1% similar) (+5 more)
https://www.settleloans.in/loan-settlement-by-city/bhopal,warning,Duplication,Duplicate Content Detected,682 similar pages: https://www.settleloans.in/loan-settlement-by-city/abupur (86.1% similar); https://www.settleloans.in/loan-settlement-by-city/agartala (86.1% similar); https://www.settleloans.in/loan-settlement-by-city/agra (86.1% similar); https://www.settleloans.in/loan-settlement-by-city/ahmedabad (86.1% similar); https://www.settleloans.in/loan-settlement-by-city/aiims (86.1% similar) (+677 more)
https://www.settleloans.in/loan-settlement-by-city/upper-siang,warning,Duplication,Duplicate Content Detected,3 similar pages: https://www.settleloans.in/loan-settlement-by-city/east-siang (88.3% similar); https://www.settleloans.in/loan-settlement-by-city/upper-subansiri (88.3% similar); https://www.settleloans.in/loan-settlement-by-city/west-siang (88.3% similar)
https://www.settleloans.in/loan-settlement-by-city/washim,warning,Duplication,Duplicate Content Detected,682 similar pages: https://www.settleloans.in/loan-settlement-by-city/abupur (86.1% similar); https://www.settleloans.in/loan-settlement-by-city/agartala (86.1% similar); https://www.settleloans.in/loan-settlement-by-city/agra (86.1% similar); https://www.settleloans.in/loan-settlement-by-city/ahmedabad (86.1% similar); https://www.settleloans.in/loan-settlement-by-city/aiims (86.1% similar) (+677 more)
https://www.settleloans.in/loan-settlement-by-city/rajdhani-park,warning,Duplication,Duplicate Content Detected,3 similar pages: https://www.settleloans.in/loan-settlement-by-city/green-park (88.3% similar); https://www.settleloans.in/loan-settlement-by-city/indraprastha-park (88.3% similar); https://www.settleloans.in/loan-settlement-by-city/shastri-park (88.3% similar)
https://www.settleloans.in/loan-settlement-by-city/sector-chi-3,warning,Duplication,Duplicate Content Detected,22 similar pages: https://www.settleloans.in/loan-settlement-by-city/faridabad-sector-3 (89.9% similar); https://www.settleloans.in/loan-settlement-by-city/govindpuram-sector-3 (89.9% similar); https://www.settleloans.in/loan-settlement-by-city/gurugram-sector-3 (89.9% similar); https://www.settleloans.in/loan-settlement-by-city/nehrunagar-sector-3 (89.9% similar); https://www.settleloans.in/loan-settlement-by-city/noida-sector-3 (89.9% similar) (+17 more)
https://www.settleloans.in/loan-settlement-by-city/kolkata,warning,Duplication,Duplicate Content Detected,682 similar pages: https://www.settleloans.in/loan-settlement-by-city/abupur (86.1% similar); https://www.settleloans.in/loan-settlement-by-city/agartala (86.1% similar); https://www.settleloans.in/loan-settlement-by-city/agra (86.1% similar); https://www.settleloans.in/loan-settlement-by-city/ahmedabad (86.1% similar); https://www.settleloans.in/loan-settlement-by-city/aiims (86.1% similar) (+677 more)
https://www.settleloans.in/loan-settlement-by-city/west-champaran,warning,Duplication,Duplicate Content Detected,10 similar pages: https://www.settleloans.in/loan-settlement-by-city/east-champaran (88.3% similar); https://www.settleloans.in/loan-settlement-by-city/imphal-west (88.3% similar); https://www.settleloans.in/loan-settlement-by-city/rohini-west (88.3% similar); https://www.settleloans.in/loan-settlement-by-city/west-bengal (88.3% similar); https://www.settleloans.in/loan-settlement-by-city/west-delhi (88.3% similar) (+5 more)
https://www.settleloans.in/loan-settlement-by-city/noida-sector-42,warning,Duplication,Duplicate Content Detected,184 similar pages: https://www.settleloans.in/loan-settlement-by-city/gurugram-sector-42 (89.9% similar); https://www.settleloans.in/loan-settlement-by-city/noida-sector-1 (89.9% similar); https://www.settleloans.in/loan-settlement-by-city/noida-sector-10 (89.9% similar); https://www.settleloans.in/loan-settlement-by-city/noida-sector-100 (89.9% similar); https://www.settleloans.in/loan-settlement-by-city/noida-sector-101 (89.9% similar) (+179 more)
https://www.settleloans.in/loan-settlement-by-city/seemapuri,warning,Duplication,Duplicate Content Detected,682 similar pages: https://www.settleloans.in/loan-settlement-by-city/abupur (86.1% similar); https://www.settleloans.in/loan-settlement-by-city/agartala (86.1% similar); https://www.settleloans.in/loan-settlement-by-city/agra (86.1% similar); https://www.settleloans.in/loan-settlement-by-city/ahmedabad (86.1% similar); https://www.settleloans.in/loan-settlement-by-city/aiims (86.1% similar) (+677 more)
https://www.settleloans.in/loan-settlement-by-city/paharganj,warning,Duplication,Duplicate Content Detected,682 similar pages: https://www.settleloans.in/loan-settlement-by-city/abupur (86.1% similar); https://www.settleloans.in/loan-settlement-by-city/agartala (86.1% similar); https://www.settleloans.in/loan-settlement-by-city/agra (86.1% similar); https://www.settleloans.in/loan-settlement-by-city/ahmedabad (86.1% similar); https://www.settleloans.in/loan-settlement-by-city/aiims (86.1% similar) (+677 more)
https://www.settleloans.in/loan-settlement-by-city/nalbari,warning,Duplication,Duplicate Content Detected,682 similar pages: https://www.settleloans.in/loan-settlement-by-city/abupur (86.1% similar); https://www.settleloans.in/loan-settlement-by-city/agartala (86.1% similar); https://www.settleloans.in/loan-settlement-by-city/agra (86.1% similar); https://www.settleloans.in/loan-settlement-by-city/ahmedabad (86.1% similar); https://www.settleloans.in/loan-settlement-by-city/aiims (86.1% similar) (+677 more)
https://www.settleloans.in/loan-settlement-by-city/gurugram-sector-10a,warning,Duplication,Duplicate Content Detected,48 similar pages: https://www.settleloans.in/loan-settlement-by-city/gurugram-sector-1 (89.9% similar); https://www.settleloans.in/loan-settlement-by-city/gurugram-sector-10 (89.9% similar); https://www.settleloans.in/loan-settlement-by-city/gurugram-sector-11 (89.9% similar); https://www.settleloans.in/loan-settlement-by-city/gurugram-sector-12 (89.9% similar); https://www.settleloans.in/loan-settlement-by-city/gurugram-sector-13 (89.9% similar) (+43 more)
https://www.settleloans.in/loan-settlement-by-city/ecotech-5,warning,Duplication,Duplicate Content Detected,7 similar pages: https://www.settleloans.in/loan-settlement-by-city/ecotech-1 (88.3% similar); https://www.settleloans.in/loan-settlement-by-city/ecotech-2 (88.3% similar); https://www.settleloans.in/loan-settlement-by-city/ecotech-3 (88.3% similar); https://www.settleloans.in/loan-settlement-by-city/ecotech-4 (88.3% similar); https://www.settleloans.in/loan-settlement-by-city/ecotech-6 (88.3% similar) (+2 more)
https://www.settleloans.in/loan-settlement-by-city/shakarpur,warning,Duplication,Duplicate Content Detected,682 similar pages: https://www.settleloans.in/loan-settlement-by-city/abupur (86.1% similar); https://www.settleloans.in/loan-settlement-by-city/agartala (86.1% similar); https://www.settleloans.in/loan-settlement-by-city/agra (86.1% similar); https://www.settleloans.in/loan-settlement-by-city/ahmedabad (86.1% similar); https://www.settleloans.in/loan-settlement-by-city/aiims (86.1% similar) (+677 more)
https://www.settleloans.in/loan-settlement-by-city/gurugram-sector-22,warning,Duplication,Duplicate Content Detected,51 similar pages: https://www.settleloans.in/loan-settlement-by-city/faridabad-sector-22 (89.9% similar); https://www.settleloans.in/loan-settlement-by-city/gurugram-sector-1 (89.9% similar); https://www.settleloans.in/loan-settlement-by-city/gurugram-sector-10 (89.9% similar); https://www.settleloans.in/loan-settlement-by-city/gurugram-sector-10a (89.9% similar); https://www.settleloans.in/loan-settlement-by-city/gurugram-sector-11 (89.9% similar) (+46 more)
https://www.settleloans.in/loan-settlement-by-city/gurugram-sector-33,warning,Duplication,Duplicate Content Detected,50 similar pages: https://www.settleloans.in/loan-settlement-by-city/faridabad-sector-33 (89.9% similar); https://www.settleloans.in/loan-settlement-by-city/gurugram-sector-1 (89.9% similar); https://www.settleloans.in/loan-settlement-by-city/gurugram-sector-10 (89.9% similar); https://www.settleloans.in/loan-settlement-by-city/gurugram-sector-10a (89.9% similar); https://www.settleloans.in/loan-settlement-by-city/gurugram-sector-11 (89.9% similar) (+45 more)
https://www.settleloans.in/loan-settlement-by-city/latehar,warning,Duplication,Duplicate Content Detected,682 similar pages: https://www.settleloans.in/loan-settlement-by-city/abupur (86.1% similar); https://www.settleloans.in/loan-settlement-by-city/agartala (86.1% similar); https://www.settleloans.in/loan-settlement-by-city/agra (86.1% similar); https://www.settleloans.in/loan-settlement-by-city/ahmedabad (86.1% similar); https://www.settleloans.in/loan-settlement-by-city/aiims (86.1% similar) (+677 more)
https://www.settleloans.in/loan-settlement-by-city/whyalla,warning,Duplication,Duplicate Content Detected,682 similar pages: https://www.settleloans.in/loan-settlement-by-city/abupur (86.1% similar); https://www.settleloans.in/loan-settlement-by-city/agartala (86.1% similar); https://www.settleloans.in/loan-settlement-by-city/agra (86.1% similar); https://www.settleloans.in/loan-settlement-by-city/ahmedabad (86.1% similar); https://www.settleloans.in/loan-settlement-by-city/aiims (86.1% similar) (+677 more)
https://www.settleloans.in/loan-settlement-by-city/lal-kuan,warning,Duplication,Duplicate Content Detected,1 similar page: https://www.settleloans.in/loan-settlement-by-city/dhaula-kuan (88.3% similar)
https://www.settleloans.in/loan-settlement-by-city/vaishali-sector-3,warning,Duplication,Duplicate Content Detected,28 similar pages: https://www.settleloans.in/loan-settlement-by-city/faridabad-sector-3 (89.9% similar); https://www.settleloans.in/loan-settlement-by-city/govindpuram-sector-3 (89.9% similar); https://www.settleloans.in/loan-settlement-by-city/gurugram-sector-3 (89.9% similar); https://www.settleloans.in/loan-settlement-by-city/nehrunagar-sector-3 (89.9% similar); https://www.settleloans.in/loan-settlement-by-city/noida-sector-3 (89.9% similar) (+23 more)
https://www.settleloans.in/loan-settlement-by-city/hauz-khas,warning,Duplication,Duplicate Content Detected,1 similar page: https://www.settleloans.in/loan-settlement-by-city/khajuri-khas (88.3% similar)
https://www.settleloans.in/loan-settlement-by-city/knowledge-park-2,warning,Duplication,Duplicate Content Detected,4 similar pages: https://www.settleloans.in/loan-settlement-by-city/knowledge-park-1 (89.9% similar); https://www.settleloans.in/loan-settlement-by-city/knowledge-park-3 (89.9% similar); https://www.settleloans.in/loan-settlement-by-city/knowledge-park-4 (89.9% similar); https://www.settleloans.in/loan-settlement-by-city/knowledge-park-5 (89.9% similar)
https://www.settleloans.in/loan-settlement-by-city/betul,warning,Duplication,Duplicate Content Detected,682 similar pages: https://www.settleloans.in/loan-settlement-by-city/abupur (86.1% similar); https://www.settleloans.in/loan-settlement-by-city/agartala (86.1% similar); https://www.settleloans.in/loan-settlement-by-city/agra (86.1% similar); https://www.settleloans.in/loan-settlement-by-city/ahmedabad (86.1% similar); https://www.settleloans.in/loan-settlement-by-city/aiims (86.1% similar) (+677 more)
https://www.settleloans.in/loan-settlement-by-city/dehradun,warning,Duplication,Duplicate Content Detected,682 similar pages: https://www.settleloans.in/loan-settlement-by-city/abupur (86.1% similar); https://www.settleloans.in/loan-settlement-by-city/agartala (86.1% similar); https://www.settleloans.in/loan-settlement-by-city/agra (86.1% similar); https://www.settleloans.in/loan-settlement-by-city/ahmedabad (86.1% similar); https://www.settleloans.in/loan-settlement-by-city/aiims (86.1% similar) (+677 more)
https://www.settleloans.in/loan-settlement-by-city/badarpur,warning,Duplication,Duplicate Content Detected,684 similar pages: https://www.settleloans.in/loan-settlement-by-city/badarpur-border (93.5% similar); https://www.settleloans.in/loan-settlement-by-city/badarpur-metro (93.5% similar); https://www.settleloans.in/loan-settlement-by-city/abupur (86.1% similar); https://www.settleloans.in/loan-settlement-by-city/agartala (86.1% similar); https://www.settleloans.in/loan-settlement-by-city/agra (86.1% similar) (+679 more)
https://www.settleloans.in/loan-settlement-by-city/dadra-and-nagar-haveli-and-daman-and-diu,warning,Duplication,Duplicate Content Detected,1 similar page: https://www.settleloans.in/loan-settlement-by-city/dadra-and-nagar-haveli (85.0% similar)
https://www.settleloans.in/loan-settlement-by-city/patiala,warning,Duplication,Duplicate Content Detected,682 similar pages: https://www.settleloans.in/loan-settlement-by-city/abupur (86.1% similar); https://www.settleloans.in/loan-settlement-by-city/agartala (86.1% similar); https://www.settleloans.in/loan-settlement-by-city/agra (86.1% similar); https://www.settleloans.in/loan-settlement-by-city/ahmedabad (86.1% similar); https://www.settleloans.in/loan-settlement-by-city/aiims (86.1% similar) (+677 more)
https://www.settleloans.in/loan-settlement-by-city/palam,warning,Duplication,Duplicate Content Detected,683 similar pages: https://www.settleloans.in/loan-settlement-by-city/palam-metro (93.5% similar); https://www.settleloans.in/loan-settlement-by-city/abupur (86.1% similar); https://www.settleloans.in/loan-settlement-by-city/agartala (86.1% similar); https://www.settleloans.in/loan-settlement-by-city/agra (86.1% similar); https://www.settleloans.in/loan-settlement-by-city/ahmedabad (86.1% similar) (+678 more)
https://www.settleloans.in/loan-settlement-by-city/pune,warning,Duplication,Duplicate Content Detected,682 similar pages: https://www.settleloans.in/loan-settlement-by-city/abupur (86.1% similar); https://www.settleloans.in/loan-settlement-by-city/agartala (86.1% similar); https://www.settleloans.in/loan-settlement-by-city/agra (86.1% similar); https://www.settleloans.in/loan-settlement-by-city/ahmedabad (86.1% similar); https://www.settleloans.in/loan-settlement-by-city/aiims (86.1% similar) (+677 more)
https://www.settleloans.in/loan-settlement-by-city/kurnool,warning,Duplication,Duplicate Content Detected,682 similar pages: https://www.settleloans.in/loan-settlement-by-city/abupur (86.1% similar); https://www.settleloans.in/loan-settlement-by-city/agartala (86.1% similar); https://www.settleloans.in/loan-settlement-by-city/agra (86.1% similar); https://www.settleloans.in/loan-settlement-by-city/ahmedabad (86.1% similar); https://www.settleloans.in/loan-settlement-by-city/aiims (86.1% similar) (+677 more)
https://www.settleloans.in/loan-settlement-by-city/lajpat-nagar-metro,warning,Duplication,Duplicate Content Detected,4 similar pages: https://www.settleloans.in/loan-settlement-by-city/lajpat-nagar (94.5% similar); https://www.settleloans.in/loan-settlement-by-city/lakshmi-nagar-metro (89.9% similar); https://www.settleloans.in/loan-settlement-by-city/subhash-nagar-metro (89.9% similar); https://www.settleloans.in/loan-settlement-by-city/vinod-nagar-metro (89.9% similar)
https://www.settleloans.in/loan-settlement-by-city/south-24-parganas,warning,Duplication,Duplicate Content Detected,1 similar page: https://www.settleloans.in/loan-settlement-by-city/north-24-parganas (89.9% similar)
https://www.settleloans.in/loan-settlement-by-city/noida-sector-87,warning,Duplication,Duplicate Content Detected,183 similar pages: https://www.settleloans.in/loan-settlement-by-city/noida-sector-1 (89.9% similar); https://www.settleloans.in/loan-settlement-by-city/noida-sector-10 (89.9% similar); https://www.settleloans.in/loan-settlement-by-city/noida-sector-100 (89.9% similar); https://www.settleloans.in/loan-settlement-by-city/noida-sector-101 (89.9% similar); https://www.settleloans.in/loan-settlement-by-city/noida-sector-102 (89.9% similar) (+178 more)
https://www.settleloans.in/loan-settlement-by-city/wokha,warning,Duplication,Duplicate Content Detected,682 similar pages: https://www.settleloans.in/loan-settlement-by-city/abupur (86.1% similar); https://www.settleloans.in/loan-settlement-by-city/agartala (86.1% similar); https://www.settleloans.in/loan-settlement-by-city/agra (86.1% similar); https://www.settleloans.in/loan-settlement-by-city/ahmedabad (86.1% similar); https://www.settleloans.in/loan-settlement-by-city/aiims (86.1% similar) (+677 more)
https://www.settleloans.in/loan-settlement-by-city/uttarkashi,warning,Duplication,Duplicate Content Detected,682 similar pages: https://www.settleloans.in/loan-settlement-by-city/abupur (86.1% similar); https://www.settleloans.in/loan-settlement-by-city/agartala (86.1% similar); https://www.settleloans.in/loan-settlement-by-city/agra (86.1% similar); https://www.settleloans.in/loan-settlement-by-city/ahmedabad (86.1% similar); https://www.settleloans.in/loan-settlement-by-city/aiims (86.1% similar) (+677 more)
https://www.settleloans.in/loan-settlement-by-city/crossings-republic-supertech,warning,Duplication,Duplicate Content Detected,2 similar pages: https://www.settleloans.in/loan-settlement-by-city/crossings-republic-amrapali (86.8% similar); https://www.settleloans.in/loan-settlement-by-city/crossings-republic-flora (86.8% similar)
https://www.settleloans.in/loan-settlement-by-city/shimla,warning,Duplication,Duplicate Content Detected,682 similar pages: https://www.settleloans.in/loan-settlement-by-city/abupur (86.1% similar); https://www.settleloans.in/loan-settlement-by-city/agartala (86.1% similar); https://www.settleloans.in/loan-settlement-by-city/agra (86.1% similar); https://www.settleloans.in/loan-settlement-by-city/ahmedabad (86.1% similar); https://www.settleloans.in/loan-settlement-by-city/aiims (86.1% similar) (+677 more)
https://www.settleloans.in/loan-settlement-by-city/sangrur,warning,Duplication,Duplicate Content Detected,682 similar pages: https://www.settleloans.in/loan-settlement-by-city/abupur (86.1% similar); https://www.settleloans.in/loan-settlement-by-city/agartala (86.1% similar); https://www.settleloans.in/loan-settlement-by-city/agra (86.1% similar); https://www.settleloans.in/loan-settlement-by-city/ahmedabad (86.1% similar); https://www.settleloans.in/loan-settlement-by-city/aiims (86.1% similar) (+677 more)
https://www.settleloans.in/loan-settlement-by-city/purba-bardhaman,warning,Duplication,Duplicate Content Detected,2 similar pages: https://www.settleloans.in/loan-settlement-by-city/bardhaman (93.5% similar); https://www.settleloans.in/loan-settlement-by-city/purba-medinipur (88.3% similar)
https://www.settleloans.in/loan-settlement-by-city/nirman-vihar-metro,warning,Duplication,Duplicate Content Detected,2 similar pages: https://www.settleloans.in/loan-settlement-by-city/preet-vihar-metro (89.9% similar); https://www.settleloans.in/loan-settlement-by-city/nirman-vihar-bus-stop (85.7% similar)
https://www.settleloans.in/loan-settlement-by-city/bishnupur,warning,Duplication,Duplicate Content Detected,682 similar pages: https://www.settleloans.in/loan-settlement-by-city/abupur (86.1% similar); https://www.settleloans.in/loan-settlement-by-city/agartala (86.1% similar); https://www.settleloans.in/loan-settlement-by-city/agra (86.1% similar); https://www.settleloans.in/loan-settlement-by-city/ahmedabad (86.1% similar); https://www.settleloans.in/loan-settlement-by-city/aiims (86.1% similar) (+677 more)
https://www.settleloans.in/loan-settlement-by-city/gurugram-sector-3,warning,Duplication,Duplicate Content Detected,67 similar pages: https://www.settleloans.in/loan-settlement-by-city/faridabad-sector-3 (89.9% similar); https://www.settleloans.in/loan-settlement-by-city/govindpuram-sector-3 (89.9% similar); https://www.settleloans.in/loan-settlement-by-city/gurugram-sector-1 (89.9% similar); https://www.settleloans.in/loan-settlement-by-city/gurugram-sector-10 (89.9% similar); https://www.settleloans.in/loan-settlement-by-city/gurugram-sector-10a (89.9% similar) (+62 more)
https://www.settleloans.in/loan-settlement-by-city/ganjam,warning,Duplication,Duplicate Content Detected,682 similar pages: https://www.settleloans.in/loan-settlement-by-city/abupur (86.1% similar); https://www.settleloans.in/loan-settlement-by-city/agartala (86.1% similar); https://www.settleloans.in/loan-settlement-by-city/agra (86.1% similar); https://www.settleloans.in/loan-settlement-by-city/ahmedabad (86.1% similar); https://www.settleloans.in/loan-settlement-by-city/aiims (86.1% similar) (+677 more)
https://www.settleloans.in/loan-settlement-by-city/sabzi-mandi,warning,Duplication,Duplicate Content Detected,1 similar page: https://www.settleloans.in/loan-settlement-by-city/mandi (93.5% similar)
https://www.settleloans.in/loan-settlement-by-city/gurugram-sector-29,warning,Duplication,Duplicate Content Detected,50 similar pages: https://www.settleloans.in/loan-settlement-by-city/faridabad-sector-29 (89.9% similar); https://www.settleloans.in/loan-settlement-by-city/gurugram-sector-1 (89.9% similar); https://www.settleloans.in/loan-settlement-by-city/gurugram-sector-10 (89.9% similar); https://www.settleloans.in/loan-settlement-by-city/gurugram-sector-10a (89.9% similar); https://www.settleloans.in/loan-settlement-by-city/gurugram-sector-11 (89.9% similar) (+45 more)
https://www.settleloans.in/loan-settlement-by-city/vaishali-extension,warning,Duplication,Duplicate Content Detected,8 similar pages: https://www.settleloans.in/loan-settlement-by-city/vaishali (93.5% similar); https://www.settleloans.in/loan-settlement-by-city/bhopura-extension (88.3% similar); https://www.settleloans.in/loan-settlement-by-city/ecotech-extension (88.3% similar); https://www.settleloans.in/loan-settlement-by-city/govindpuram-extension (88.3% similar); https://www.settleloans.in/loan-settlement-by-city/ip-extension (88.3% similar) (+3 more)
https://www.settleloans.in/loan-settlement-by-city/west-siang,warning,Duplication,Duplicate Content Detected,11 similar pages: https://www.settleloans.in/loan-settlement-by-city/east-siang (88.3% similar); https://www.settleloans.in/loan-settlement-by-city/imphal-west (88.3% similar); https://www.settleloans.in/loan-settlement-by-city/rohini-west (88.3% similar); https://www.settleloans.in/loan-settlement-by-city/upper-siang (88.3% similar); https://www.settleloans.in/loan-settlement-by-city/west-bengal (88.3% similar) (+6 more)
https://www.settleloans.in/loan-settlement-by-city/gurugram-sector-15-part-2,warning,Duplication,Duplicate Content Detected,2 similar pages: https://www.settleloans.in/loan-settlement-by-city/gurugram-sector-15 (90.9% similar); https://www.settleloans.in/loan-settlement-by-city/gurugram-sector-2 (90.9% similar)
https://www.settleloans.in/loan-settlement-by-city/nagaur,warning,Duplication,Duplicate Content Detected,682 similar pages: https://www.settleloans.in/loan-settlement-by-city/abupur (86.1% similar); https://www.settleloans.in/loan-settlement-by-city/agartala (86.1% similar); https://www.settleloans.in/loan-settlement-by-city/agra (86.1% similar); https://www.settleloans.in/loan-settlement-by-city/ahmedabad (86.1% similar); https://www.settleloans.in/loan-settlement-by-city/aiims (86.1% similar) (+677 more)
https://www.settleloans.in/loan-settlement-by-city/jangaon,warning,Duplication,Duplicate Content Detected,682 similar pages: https://www.settleloans.in/loan-settlement-by-city/abupur (86.1% similar); https://www.settleloans.in/loan-settlement-by-city/agartala (86.1% similar); https://www.settleloans.in/loan-settlement-by-city/agra (86.1% similar); https://www.settleloans.in/loan-settlement-by-city/ahmedabad (86.1% similar); https://www.settleloans.in/loan-settlement-by-city/aiims (86.1% similar) (+677 more)
https://www.settleloans.in/loan-settlement-by-city/siddharthnagar,warning,Duplication,Duplicate Content Detected,682 similar pages: https://www.settleloans.in/loan-settlement-by-city/abupur (86.1% similar); https://www.settleloans.in/loan-settlement-by-city/agartala (86.1% similar); https://www.settleloans.in/loan-settlement-by-city/agra (86.1% similar); https://www.settleloans.in/loan-settlement-by-city/ahmedabad (86.1% similar); https://www.settleloans.in/loan-settlement-by-city/aiims (86.1% similar) (+677 more)
https://www.settleloans.in/loan-settlement-by-city/jammu,warning,Duplication,Duplicate Content Detected,683 similar pages: https://www.settleloans.in/loan-settlement-by-city/jammu-and-kashmir (89.0% similar); https://www.settleloans.in/loan-settlement-by-city/abupur (86.1% similar); https://www.settleloans.in/loan-settlement-by-city/agartala (86.1% similar); https://www.settleloans.in/loan-settlement-by-city/agra (86.1% similar); https://www.settleloans.in/loan-settlement-by-city/ahmedabad (86.1% similar) (+678 more)
https://www.settleloans.in/loan-settlement-by-city/new-delhi-railway-station,warning,Duplication,Duplicate Content Detected,3 similar pages: https://www.settleloans.in/loan-settlement-by-city/old-delhi-railway-station (91.1% similar); https://www.settleloans.in/loan-settlement-by-city/new-delhi (89.7% similar); https://www.settleloans.in/loan-settlement-by-city/modinagar-railway-station (85.7% similar)
https://www.settleloans.in/loan-settlement-by-city/dhalai,warning,Duplication,Duplicate Content Detected,682 similar pages: https://www.settleloans.in/loan-settlement-by-city/abupur (86.1% similar); https://www.settleloans.in/loan-settlement-by-city/agartala (86.1% similar); https://www.settleloans.in/loan-settlement-by-city/agra (86.1% similar); https://www.settleloans.in/loan-settlement-by-city/ahmedabad (86.1% similar); https://www.settleloans.in/loan-settlement-by-city/aiims (86.1% similar) (+677 more)
https://www.settleloans.in/loan-settlement-by-city/tirupattur,warning,Duplication,Duplicate Content Detected,682 similar pages: https://www.settleloans.in/loan-settlement-by-city/abupur (86.1% similar); https://www.settleloans.in/loan-settlement-by-city/agartala (86.1% similar); https://www.settleloans.in/loan-settlement-by-city/agra (86.1% similar); https://www.settleloans.in/loan-settlement-by-city/ahmedabad (86.1% similar); https://www.settleloans.in/loan-settlement-by-city/aiims (86.1% similar) (+677 more)
https://www.settleloans.in/loan-settlement-by-city/noida-sector-96,warning,Duplication,Duplicate Content Detected,183 similar pages: https://www.settleloans.in/loan-settlement-by-city/noida-sector-1 (89.9% similar); https://www.settleloans.in/loan-settlement-by-city/noida-sector-10 (89.9% similar); https://www.settleloans.in/loan-settlement-by-city/noida-sector-100 (89.9% similar); https://www.settleloans.in/loan-settlement-by-city/noida-sector-101 (89.9% similar); https://www.settleloans.in/loan-settlement-by-city/noida-sector-102 (89.9% similar) (+178 more)
https://www.settleloans.in/loan-settlement-by-city/manesar,warning,Duplication,Duplicate Content Detected,682 similar pages: https://www.settleloans.in/loan-settlement-by-city/abupur (86.1% similar); https://www.settleloans.in/loan-settlement-by-city/agartala (86.1% similar); https://www.settleloans.in/loan-settlement-by-city/agra (86.1% similar); https://www.settleloans.in/loan-settlement-by-city/ahmedabad (86.1% similar); https://www.settleloans.in/loan-settlement-by-city/aiims (86.1% similar) (+677 more)
https://www.settleloans.in/loan-settlement-by-city/bijnor,warning,Duplication,Duplicate Content Detected,682 similar pages: https://www.settleloans.in/loan-settlement-by-city/abupur (86.1% similar); https://www.settleloans.in/loan-settlement-by-city/agartala (86.1% similar); https://www.settleloans.in/loan-settlement-by-city/agra (86.1% similar); https://www.settleloans.in/loan-settlement-by-city/ahmedabad (86.1% similar); https://www.settleloans.in/loan-settlement-by-city/aiims (86.1% similar) (+677 more)
https://www.settleloans.in/loan-settlement-by-city/sehore,warning,Duplication,Duplicate Content Detected,682 similar pages: https://www.settleloans.in/loan-settlement-by-city/abupur (86.1% similar); https://www.settleloans.in/loan-settlement-by-city/agartala (86.1% similar); https://www.settleloans.in/loan-settlement-by-city/agra (86.1% similar); https://www.settleloans.in/loan-settlement-by-city/ahmedabad (86.1% similar); https://www.settleloans.in/loan-settlement-by-city/aiims (86.1% similar) (+677 more)
https://www.settleloans.in/loan-settlement-by-city/ratlam,warning,Duplication,Duplicate Content Detected,682 similar pages: https://www.settleloans.in/loan-settlement-by-city/abupur (86.1% similar); https://www.settleloans.in/loan-settlement-by-city/agartala (86.1% similar); https://www.settleloans.in/loan-settlement-by-city/agra (86.1% similar); https://www.settleloans.in/loan-settlement-by-city/ahmedabad (86.1% similar); https://www.settleloans.in/loan-settlement-by-city/aiims (86.1% similar) (+677 more)
https://www.settleloans.in/loan-settlement-by-city/noida-sector-15a,warning,Duplication,Duplicate Content Detected,184 similar pages: https://www.settleloans.in/loan-settlement-by-city/faridabad-sector-15a (89.9% similar); https://www.settleloans.in/loan-settlement-by-city/noida-sector-1 (89.9% similar); https://www.settleloans.in/loan-settlement-by-city/noida-sector-10 (89.9% similar); https://www.settleloans.in/loan-settlement-by-city/noida-sector-100 (89.9% similar); https://www.settleloans.in/loan-settlement-by-city/noida-sector-101 (89.9% similar) (+179 more)
https://www.settleloans.in/loan-settlement-by-city/lawngtlai,warning,Duplication,Duplicate Content Detected,682 similar pages: https://www.settleloans.in/loan-settlement-by-city/abupur (86.1% similar); https://www.settleloans.in/loan-settlement-by-city/agartala (86.1% similar); https://www.settleloans.in/loan-settlement-by-city/agra (86.1% similar); https://www.settleloans.in/loan-settlement-by-city/ahmedabad (86.1% similar); https://www.settleloans.in/loan-settlement-by-city/aiims (86.1% similar) (+677 more)
https://www.settleloans.in/loan-settlement-by-city/subhash-nagar,warning,Duplication,Duplicate Content Detected,30 similar pages: https://www.settleloans.in/loan-settlement-by-city/subhash-nagar-metro (94.5% similar); https://www.settleloans.in/loan-settlement-by-city/adarsh-nagar (88.3% similar); https://www.settleloans.in/loan-settlement-by-city/ashok-nagar (88.3% similar); https://www.settleloans.in/loan-settlement-by-city/bharat-nagar (88.3% similar); https://www.settleloans.in/loan-settlement-by-city/chander-nagar (88.3% similar) (+25 more)
https://www.settleloans.in/loan-settlement-by-city/noida-sector-25a,warning,Duplication,Duplicate Content Detected,183 similar pages: https://www.settleloans.in/loan-settlement-by-city/noida-sector-1 (89.9% similar); https://www.settleloans.in/loan-settlement-by-city/noida-sector-10 (89.9% similar); https://www.settleloans.in/loan-settlement-by-city/noida-sector-100 (89.9% similar); https://www.settleloans.in/loan-settlement-by-city/noida-sector-101 (89.9% similar); https://www.settleloans.in/loan-settlement-by-city/noida-sector-102 (89.9% similar) (+178 more)
https://www.settleloans.in/loan-settlement-by-city/surat,warning,Duplication,Duplicate Content Detected,682 similar pages: https://www.settleloans.in/loan-settlement-by-city/abupur (86.1% similar); https://www.settleloans.in/loan-settlement-by-city/agartala (86.1% similar); https://www.settleloans.in/loan-settlement-by-city/agra (86.1% similar); https://www.settleloans.in/loan-settlement-by-city/ahmedabad (86.1% similar); https://www.settleloans.in/loan-settlement-by-city/aiims (86.1% similar) (+677 more)
https://www.settleloans.in/loan-settlement-by-city/knowledge-park-1,warning,Duplication,Duplicate Content Detected,4 similar pages: https://www.settleloans.in/loan-settlement-by-city/knowledge-park-2 (89.9% similar); https://www.settleloans.in/loan-settlement-by-city/knowledge-park-3 (89.9% similar); https://www.settleloans.in/loan-settlement-by-city/knowledge-park-4 (89.9% similar); https://www.settleloans.in/loan-settlement-by-city/knowledge-park-5 (89.9% similar)
https://www.settleloans.in/loan-settlement-by-city/kolhapur,warning,Duplication,Duplicate Content Detected,682 similar pages: https://www.settleloans.in/loan-settlement-by-city/abupur (86.1% similar); https://www.settleloans.in/loan-settlement-by-city/agartala (86.1% similar); https://www.settleloans.in/loan-settlement-by-city/agra (86.1% similar); https://www.settleloans.in/loan-settlement-by-city/ahmedabad (86.1% similar); https://www.settleloans.in/loan-settlement-by-city/aiims (86.1% similar) (+677 more)
https://www.settleloans.in/loan-settlement-by-city/bemetara,warning,Duplication,Duplicate Content Detected,682 similar pages: https://www.settleloans.in/loan-settlement-by-city/abupur (86.1% similar); https://www.settleloans.in/loan-settlement-by-city/agartala (86.1% similar); https://www.settleloans.in/loan-settlement-by-city/agra (86.1% similar); https://www.settleloans.in/loan-settlement-by-city/ahmedabad (86.1% similar); https://www.settleloans.in/loan-settlement-by-city/aiims (86.1% similar) (+677 more)
https://www.settleloans.in/loan-settlement-by-city/pathanamthitta,warning,Duplication,Duplicate Content Detected,682 similar pages: https://www.settleloans.in/loan-settlement-by-city/abupur (86.1% similar); https://www.settleloans.in/loan-settlement-by-city/agartala (86.1% similar); https://www.settleloans.in/loan-settlement-by-city/agra (86.1% similar); https://www.settleloans.in/loan-settlement-by-city/ahmedabad (86.1% similar); https://www.settleloans.in/loan-settlement-by-city/aiims (86.1% similar) (+677 more)
https://www.settleloans.in/loan-settlement-by-city/gurugram-sector-39,warning,Duplication,Duplicate Content Detected,49 similar pages: https://www.settleloans.in/loan-settlement-by-city/gurugram-sector-1 (89.9% similar); https://www.settleloans.in/loan-settlement-by-city/gurugram-sector-10 (89.9% similar); https://www.settleloans.in/loan-settlement-by-city/gurugram-sector-10a (89.9% similar); https://www.settleloans.in/loan-settlement-by-city/gurugram-sector-11 (89.9% similar); https://www.settleloans.in/loan-settlement-by-city/gurugram-sector-12 (89.9% similar) (+44 more)
https://www.settleloans.in/loan-settlement-by-city/noida-sector-54,warning,Duplication,Duplicate Content Detected,183 similar pages: https://www.settleloans.in/loan-settlement-by-city/noida-sector-1 (89.9% similar); https://www.settleloans.in/loan-settlement-by-city/noida-sector-10 (89.9% similar); https://www.settleloans.in/loan-settlement-by-city/noida-sector-100 (89.9% similar); https://www.settleloans.in/loan-settlement-by-city/noida-sector-101 (89.9% similar); https://www.settleloans.in/loan-settlement-by-city/noida-sector-102 (89.9% similar) (+178 more)
https://www.settleloans.in/loan-settlement-by-city/madurai,warning,Duplication,Duplicate Content Detected,682 similar pages: https://www.settleloans.in/loan-settlement-by-city/abupur (86.1% similar); https://www.settleloans.in/loan-settlement-by-city/agartala (86.1% similar); https://www.settleloans.in/loan-settlement-by-city/agra (86.1% similar); https://www.settleloans.in/loan-settlement-by-city/ahmedabad (86.1% similar); https://www.settleloans.in/loan-settlement-by-city/aiims (86.1% similar) (+677 more)
https://www.settleloans.in/loan-settlement-by-city/nangloi-metro,warning,Duplication,Duplicate Content Detected,16 similar pages: https://www.settleloans.in/loan-settlement-by-city/nangloi (93.5% similar); https://www.settleloans.in/loan-settlement-by-city/aiims-metro (88.3% similar); https://www.settleloans.in/loan-settlement-by-city/badarpur-metro (88.3% similar); https://www.settleloans.in/loan-settlement-by-city/ghevra-metro (88.3% similar); https://www.settleloans.in/loan-settlement-by-city/ito-metro (88.3% similar) (+11 more)
https://www.settleloans.in/loan-settlement-by-city/vaishali-sector-9,warning,Duplication,Duplicate Content Detected,16 similar pages: https://www.settleloans.in/loan-settlement-by-city/dwarka-sector-9 (89.9% similar); https://www.settleloans.in/loan-settlement-by-city/faridabad-sector-9 (89.9% similar); https://www.settleloans.in/loan-settlement-by-city/govindpuram-sector-9 (89.9% similar); https://www.settleloans.in/loan-settlement-by-city/gurugram-sector-9 (89.9% similar); https://www.settleloans.in/loan-settlement-by-city/noida-sector-9 (89.9% similar) (+11 more)
https://www.settleloans.in/loan-settlement-by-city/sector-mu-2,warning,Duplication,Duplicate Content Detected,21 similar pages: https://www.settleloans.in/loan-settlement-by-city/faridabad-sector-2 (89.9% similar); https://www.settleloans.in/loan-settlement-by-city/govindpuram-sector-2 (89.9% similar); https://www.settleloans.in/loan-settlement-by-city/gurugram-sector-2 (89.9% similar); https://www.settleloans.in/loan-settlement-by-city/nehrunagar-sector-2 (89.9% similar); https://www.settleloans.in/loan-settlement-by-city/noida-sector-2 (89.9% similar) (+16 more)
https://www.settleloans.in/loan-settlement-by-city/green-park,warning,Duplication,Duplicate Content Detected,3 similar pages: https://www.settleloans.in/loan-settlement-by-city/indraprastha-park (88.3% similar); https://www.settleloans.in/loan-settlement-by-city/rajdhani-park (88.3% similar); https://www.settleloans.in/loan-settlement-by-city/shastri-park (88.3% similar)
https://www.settleloans.in/loan-settlement-by-city/nainital,warning,Duplication,Duplicate Content Detected,682 similar pages: https://www.settleloans.in/loan-settlement-by-city/abupur (86.1% similar); https://www.settleloans.in/loan-settlement-by-city/agartala (86.1% similar); https://www.settleloans.in/loan-settlement-by-city/agra (86.1% similar); https://www.settleloans.in/loan-settlement-by-city/ahmedabad (86.1% similar); https://www.settleloans.in/loan-settlement-by-city/aiims (86.1% similar) (+677 more)
https://www.settleloans.in/loan-settlement-by-city/noida-sector-137,warning,Duplication,Duplicate Content Detected,183 similar pages: https://www.settleloans.in/loan-settlement-by-city/noida-sector-1 (89.9% similar); https://www.settleloans.in/loan-settlement-by-city/noida-sector-10 (89.9% similar); https://www.settleloans.in/loan-settlement-by-city/noida-sector-100 (89.9% similar); https://www.settleloans.in/loan-settlement-by-city/noida-sector-101 (89.9% similar); https://www.settleloans.in/loan-settlement-by-city/noida-sector-102 (89.9% similar) (+178 more)
https://www.settleloans.in/loan-settlement-by-city/laxmi-nagar,warning,Duplication,Duplicate Content Detected,30 similar pages: https://www.settleloans.in/loan-settlement-by-city/laxmi-nagar-bus-depot (89.7% similar); https://www.settleloans.in/loan-settlement-by-city/adarsh-nagar (88.3% similar); https://www.settleloans.in/loan-settlement-by-city/ashok-nagar (88.3% similar); https://www.settleloans.in/loan-settlement-by-city/bharat-nagar (88.3% similar); https://www.settleloans.in/loan-settlement-by-city/chander-nagar (88.3% similar) (+25 more)
https://www.settleloans.in/loan-settlement-by-city/gtb-nagar,warning,Duplication,Duplicate Content Detected,29 similar pages: https://www.settleloans.in/loan-settlement-by-city/adarsh-nagar (88.3% similar); https://www.settleloans.in/loan-settlement-by-city/ashok-nagar (88.3% similar); https://www.settleloans.in/loan-settlement-by-city/bharat-nagar (88.3% similar); https://www.settleloans.in/loan-settlement-by-city/chander-nagar (88.3% similar); https://www.settleloans.in/loan-settlement-by-city/hari-nagar (88.3% similar) (+24 more)
https://www.settleloans.in/loan-settlement-by-city/niti-khand-1,warning,Duplication,Duplicate Content Detected,9 similar pages: https://www.settleloans.in/loan-settlement-by-city/abhay-khand-1 (89.9% similar); https://www.settleloans.in/loan-settlement-by-city/gyan-khand-1 (89.9% similar); https://www.settleloans.in/loan-settlement-by-city/niti-khand-2 (89.9% similar); https://www.settleloans.in/loan-settlement-by-city/niti-khand-3 (89.9% similar); https://www.settleloans.in/loan-settlement-by-city/niti-khand-4 (89.9% similar) (+4 more)
https://www.settleloans.in/loan-settlement-by-city/noida-sector-97,warning,Duplication,Duplicate Content Detected,183 similar pages: https://www.settleloans.in/loan-settlement-by-city/noida-sector-1 (89.9% similar); https://www.settleloans.in/loan-settlement-by-city/noida-sector-10 (89.9% similar); https://www.settleloans.in/loan-settlement-by-city/noida-sector-100 (89.9% similar); https://www.settleloans.in/loan-settlement-by-city/noida-sector-101 (89.9% similar); https://www.settleloans.in/loan-settlement-by-city/noida-sector-102 (89.9% similar) (+178 more)
https://www.settleloans.in/loan-settlement-by-city/sector-11-vasundhara,warning,Duplication,Duplicate Content Detected,30 similar pages: https://www.settleloans.in/loan-settlement-by-city/vasundhara-sector-11 (100.0% similar); https://www.settleloans.in/loan-settlement-by-city/faridabad-sector-11 (89.9% similar); https://www.settleloans.in/loan-settlement-by-city/gurugram-sector-11 (89.9% similar); https://www.settleloans.in/loan-settlement-by-city/noida-sector-11 (89.9% similar); https://www.settleloans.in/loan-settlement-by-city/rohini-sector-11 (89.9% similar) (+25 more)
https://www.settleloans.in/loan-settlement-by-city/gandhinagar,warning,Duplication,Duplicate Content Detected,682 similar pages: https://www.settleloans.in/loan-settlement-by-city/abupur (86.1% similar); https://www.settleloans.in/loan-settlement-by-city/agartala (86.1% similar); https://www.settleloans.in/loan-settlement-by-city/agra (86.1% similar); https://www.settleloans.in/loan-settlement-by-city/ahmedabad (86.1% similar); https://www.settleloans.in/loan-settlement-by-city/aiims (86.1% similar) (+677 more)
https://www.settleloans.in/loan-settlement-by-city/kabirdham,warning,Duplication,Duplicate Content Detected,682 similar pages: https://www.settleloans.in/loan-settlement-by-city/abupur (86.1% similar); https://www.settleloans.in/loan-settlement-by-city/agartala (86.1% similar); https://www.settleloans.in/loan-settlement-by-city/agra (86.1% similar); https://www.settleloans.in/loan-settlement-by-city/ahmedabad (86.1% similar); https://www.settleloans.in/loan-settlement-by-city/aiims (86.1% similar) (+677 more)
https://www.settleloans.in/loan-settlement-by-city/shivpuri,warning,Duplication,Duplicate Content Detected,682 similar pages: https://www.settleloans.in/loan-settlement-by-city/abupur (86.1% similar); https://www.settleloans.in/loan-settlement-by-city/agartala (86.1% similar); https://www.settleloans.in/loan-settlement-by-city/agra (86.1% similar); https://www.settleloans.in/loan-settlement-by-city/ahmedabad (86.1% similar); https://www.settleloans.in/loan-settlement-by-city/aiims (86.1% similar) (+677 more)
https://www.settleloans.in/loan-settlement-by-city/vasant-vihar,warning,Duplication,Duplicate Content Detected,17 similar pages: https://www.settleloans.in/loan-settlement-by-city/ashok-vihar (88.3% similar); https://www.settleloans.in/loan-settlement-by-city/brij-vihar (88.3% similar); https://www.settleloans.in/loan-settlement-by-city/jasola-vihar (88.3% similar); https://www.settleloans.in/loan-settlement-by-city/naraina-vihar (88.3% similar); https://www.settleloans.in/loan-settlement-by-city/narayana-vihar (88.3% similar) (+12 more)
https://www.settleloans.in/loan-settlement-by-city/ip-extension,warning,Duplication,Duplicate Content Detected,6 similar pages: https://www.settleloans.in/loan-settlement-by-city/bhopura-extension (88.3% similar); https://www.settleloans.in/loan-settlement-by-city/ecotech-extension (88.3% similar); https://www.settleloans.in/loan-settlement-by-city/govindpuram-extension (88.3% similar); https://www.settleloans.in/loan-settlement-by-city/morti-extension (88.3% similar); https://www.settleloans.in/loan-settlement-by-city/south-extension (88.3% similar) (+1 more)
https://www.settleloans.in/loan-settlement-by-city/gurugram-sector-23a,warning,Duplication,Duplicate Content Detected,48 similar pages: https://www.settleloans.in/loan-settlement-by-city/gurugram-sector-1 (89.9% similar); https://www.settleloans.in/loan-settlement-by-city/gurugram-sector-10 (89.9% similar); https://www.settleloans.in/loan-settlement-by-city/gurugram-sector-10a (89.9% similar); https://www.settleloans.in/loan-settlement-by-city/gurugram-sector-11 (89.9% similar); https://www.settleloans.in/loan-settlement-by-city/gurugram-sector-12 (89.9% similar) (+43 more)
https://www.settleloans.in/loan-settlement-by-city/noida-sector-116,warning,Duplication,Duplicate Content Detected,183 similar pages: https://www.settleloans.in/loan-settlement-by-city/noida-sector-1 (89.9% similar); https://www.settleloans.in/loan-settlement-by-city/noida-sector-10 (89.9% similar); https://www.settleloans.in/loan-settlement-by-city/noida-sector-100 (89.9% similar); https://www.settleloans.in/loan-settlement-by-city/noida-sector-101 (89.9% similar); https://www.settleloans.in/loan-settlement-by-city/noida-sector-102 (89.9% similar) (+178 more)
https://www.settleloans.in/loan-settlement-by-city/saket-metro,warning,Duplication,Duplicate Content Detected,16 similar pages: https://www.settleloans.in/loan-settlement-by-city/saket (93.5% similar); https://www.settleloans.in/loan-settlement-by-city/aiims-metro (88.3% similar); https://www.settleloans.in/loan-settlement-by-city/badarpur-metro (88.3% similar); https://www.settleloans.in/loan-settlement-by-city/ghevra-metro (88.3% similar); https://www.settleloans.in/loan-settlement-by-city/ito-metro (88.3% similar) (+11 more)
https://www.settleloans.in/loan-settlement-by-city/south-extension,warning,Duplication,Duplicate Content Detected,9 similar pages: https://www.settleloans.in/loan-settlement-by-city/bhopura-extension (88.3% similar); https://www.settleloans.in/loan-settlement-by-city/ecotech-extension (88.3% similar); https://www.settleloans.in/loan-settlement-by-city/govindpuram-extension (88.3% similar); https://www.settleloans.in/loan-settlement-by-city/ip-extension (88.3% similar); https://www.settleloans.in/loan-settlement-by-city/morti-extension (88.3% similar) (+4 more)
https://www.settleloans.in/loan-settlement-by-city/muradnagar,warning,Duplication,Duplicate Content Detected,684 similar pages: https://www.settleloans.in/loan-settlement-by-city/muradnagar-industrial-area (88.1% similar); https://www.settleloans.in/loan-settlement-by-city/muradnagar-main-market (88.1% similar); https://www.settleloans.in/loan-settlement-by-city/abupur (86.1% similar); https://www.settleloans.in/loan-settlement-by-city/agartala (86.1% similar); https://www.settleloans.in/loan-settlement-by-city/agra (86.1% similar) (+679 more)
https://www.settleloans.in/loan-settlement-by-city/pari-chowk,warning,Duplication,Duplicate Content Detected,2 similar pages: https://www.settleloans.in/loan-settlement-by-city/patel-chowk (88.3% similar); https://www.settleloans.in/loan-settlement-by-city/rajiv-chowk (88.3% similar)
https://www.settleloans.in/loan-settlement-by-city/crossing-republic,warning,Duplication,Duplicate Content Detected,1 similar page: https://www.settleloans.in/loan-settlement-by-city/crossing-republik (88.3% similar)
https://www.settleloans.in/loan-settlement-by-city/pratap-vihar,warning,Duplication,Duplicate Content Detected,19 similar pages: https://www.settleloans.in/loan-settlement-by-city/pratap-vihar-sector-1 (89.7% similar); https://www.settleloans.in/loan-settlement-by-city/pratap-vihar-sector-2 (89.7% similar); https://www.settleloans.in/loan-settlement-by-city/pratap-vihar-sector-3 (89.7% similar); https://www.settleloans.in/loan-settlement-by-city/ashok-vihar (88.3% similar); https://www.settleloans.in/loan-settlement-by-city/brij-vihar (88.3% similar) (+14 more)
https://www.settleloans.in/loan-settlement-by-city/noida-sector-99,warning,Duplication,Duplicate Content Detected,183 similar pages: https://www.settleloans.in/loan-settlement-by-city/noida-sector-1 (89.9% similar); https://www.settleloans.in/loan-settlement-by-city/noida-sector-10 (89.9% similar); https://www.settleloans.in/loan-settlement-by-city/noida-sector-100 (89.9% similar); https://www.settleloans.in/loan-settlement-by-city/noida-sector-101 (89.9% similar); https://www.settleloans.in/loan-settlement-by-city/noida-sector-102 (89.9% similar) (+178 more)
https://www.settleloans.in/loan-settlement-by-city/govindpuram-sector-1,warning,Duplication,Duplicate Content Detected,28 similar pages: https://www.settleloans.in/loan-settlement-by-city/faridabad-sector-1 (89.9% similar); https://www.settleloans.in/loan-settlement-by-city/govindpuram-sector-2 (89.9% similar); https://www.settleloans.in/loan-settlement-by-city/govindpuram-sector-3 (89.9% similar); https://www.settleloans.in/loan-settlement-by-city/govindpuram-sector-4 (89.9% similar); https://www.settleloans.in/loan-settlement-by-city/govindpuram-sector-5 (89.9% similar) (+23 more)
https://www.settleloans.in/loan-settlement-by-city/chandauli,warning,Duplication,Duplicate Content Detected,682 similar pages: https://www.settleloans.in/loan-settlement-by-city/abupur (86.1% similar); https://www.settleloans.in/loan-settlement-by-city/agartala (86.1% similar); https://www.settleloans.in/loan-settlement-by-city/agra (86.1% similar); https://www.settleloans.in/loan-settlement-by-city/ahmedabad (86.1% similar); https://www.settleloans.in/loan-settlement-by-city/aiims (86.1% similar) (+677 more)
https://www.settleloans.in/loan-settlement-by-city/west-garo-hills,warning,Duplication,Duplicate Content Detected,5 similar pages: https://www.settleloans.in/loan-settlement-by-city/east-garo-hills (89.9% similar); https://www.settleloans.in/loan-settlement-by-city/north-garo-hills (89.9% similar); https://www.settleloans.in/loan-settlement-by-city/south-garo-hills (89.9% similar); https://www.settleloans.in/loan-settlement-by-city/west-jaintia-hills (89.9% similar); https://www.settleloans.in/loan-settlement-by-city/west-khasi-hills (89.9% similar)
https://www.settleloans.in/loan-settlement-by-city/mayur-vihar-phase-ii,warning,Duplication,Duplicate Content Detected,2 similar pages: https://www.settleloans.in/loan-settlement-by-city/mayur-vihar-phase-i (91.1% similar); https://www.settleloans.in/loan-settlement-by-city/mayur-vihar-phase-iii (91.1% similar)
https://www.settleloans.in/loan-settlement-by-city/noida-sector-19,warning,Duplication,Duplicate Content Detected,184 similar pages: https://www.settleloans.in/loan-settlement-by-city/faridabad-sector-19 (89.9% similar); https://www.settleloans.in/loan-settlement-by-city/noida-sector-1 (89.9% similar); https://www.settleloans.in/loan-settlement-by-city/noida-sector-10 (89.9% similar); https://www.settleloans.in/loan-settlement-by-city/noida-sector-100 (89.9% similar); https://www.settleloans.in/loan-settlement-by-city/noida-sector-101 (89.9% similar) (+179 more)
https://www.settleloans.in/loan-settlement-by-city/faridabad-sector-34,warning,Duplication,Duplicate Content Detected,42 similar pages: https://www.settleloans.in/loan-settlement-by-city/faridabad-sector-1 (89.9% similar); https://www.settleloans.in/loan-settlement-by-city/faridabad-sector-10 (89.9% similar); https://www.settleloans.in/loan-settlement-by-city/faridabad-sector-11 (89.9% similar); https://www.settleloans.in/loan-settlement-by-city/faridabad-sector-12 (89.9% similar); https://www.settleloans.in/loan-settlement-by-city/faridabad-sector-13 (89.9% similar) (+37 more)
https://www.settleloans.in/loan-settlement-by-city/dwarka-sector-14,warning,Duplication,Duplicate Content Detected,8 similar pages: https://www.settleloans.in/loan-settlement-by-city/dwarka-sector-21 (89.9% similar); https://www.settleloans.in/loan-settlement-by-city/dwarka-sector-9 (89.9% similar); https://www.settleloans.in/loan-settlement-by-city/faridabad-sector-14 (89.9% similar); https://www.settleloans.in/loan-settlement-by-city/gurugram-sector-14 (89.9% similar); https://www.settleloans.in/loan-settlement-by-city/noida-sector-14 (89.9% similar) (+3 more)
https://www.settleloans.in/loan-settlement-by-city/puducherry,warning,Duplication,Duplicate Content Detected,682 similar pages: https://www.settleloans.in/loan-settlement-by-city/abupur (86.1% similar); https://www.settleloans.in/loan-settlement-by-city/agartala (86.1% similar); https://www.settleloans.in/loan-settlement-by-city/agra (86.1% similar); https://www.settleloans.in/loan-settlement-by-city/ahmedabad (86.1% similar); https://www.settleloans.in/loan-settlement-by-city/aiims (86.1% similar) (+677 more)
https://www.settleloans.in/loan-settlement-by-city/chhattisgarh,warning,Duplication,Duplicate Content Detected,682 similar pages: https://www.settleloans.in/loan-settlement-by-city/abupur (86.1% similar); https://www.settleloans.in/loan-settlement-by-city/agartala (86.1% similar); https://www.settleloans.in/loan-settlement-by-city/agra (86.1% similar); https://www.settleloans.in/loan-settlement-by-city/ahmedabad (86.1% similar); https://www.settleloans.in/loan-settlement-by-city/aiims (86.1% similar) (+677 more)
https://www.settleloans.in/loan-settlement-by-city/welcome-colony,warning,Duplication,Duplicate Content Detected,6 similar pages: https://www.settleloans.in/loan-settlement-by-city/baba-colony (88.3% similar); https://www.settleloans.in/loan-settlement-by-city/defence-colony (88.3% similar); https://www.settleloans.in/loan-settlement-by-city/geeta-colony (88.3% similar); https://www.settleloans.in/loan-settlement-by-city/jhilmil-colony (88.3% similar); https://www.settleloans.in/loan-settlement-by-city/railway-colony (88.3% similar) (+1 more)
https://www.settleloans.in/loan-settlement-by-city/faridabad-sector-21,warning,Duplication,Duplicate Content Detected,43 similar pages: https://www.settleloans.in/loan-settlement-by-city/dwarka-sector-21 (89.9% similar); https://www.settleloans.in/loan-settlement-by-city/faridabad-sector-1 (89.9% similar); https://www.settleloans.in/loan-settlement-by-city/faridabad-sector-10 (89.9% similar); https://www.settleloans.in/loan-settlement-by-city/faridabad-sector-11 (89.9% similar); https://www.settleloans.in/loan-settlement-by-city/faridabad-sector-12 (89.9% similar) (+38 more)
https://www.settleloans.in/loan-settlement-by-city/noida-sector-26,warning,Duplication,Duplicate Content Detected,185 similar pages: https://www.settleloans.in/loan-settlement-by-city/gurugram-sector-26 (89.9% similar); https://www.settleloans.in/loan-settlement-by-city/noida-sector-1 (89.9% similar); https://www.settleloans.in/loan-settlement-by-city/noida-sector-10 (89.9% similar); https://www.settleloans.in/loan-settlement-by-city/noida-sector-100 (89.9% similar); https://www.settleloans.in/loan-settlement-by-city/noida-sector-101 (89.9% similar) (+180 more)
https://www.settleloans.in/loan-settlement-by-city/saket,warning,Duplication,Duplicate Content Detected,683 similar pages: https://www.settleloans.in/loan-settlement-by-city/saket-metro (93.5% similar); https://www.settleloans.in/loan-settlement-by-city/abupur (86.1% similar); https://www.settleloans.in/loan-settlement-by-city/agartala (86.1% similar); https://www.settleloans.in/loan-settlement-by-city/agra (86.1% similar); https://www.settleloans.in/loan-settlement-by-city/ahmedabad (86.1% similar) (+678 more)
https://www.settleloans.in/loan-settlement-by-city/sector-rho-2,warning,Duplication,Duplicate Content Detected,21 similar pages: https://www.settleloans.in/loan-settlement-by-city/faridabad-sector-2 (89.9% similar); https://www.settleloans.in/loan-settlement-by-city/govindpuram-sector-2 (89.9% similar); https://www.settleloans.in/loan-settlement-by-city/gurugram-sector-2 (89.9% similar); https://www.settleloans.in/loan-settlement-by-city/nehrunagar-sector-2 (89.9% similar); https://www.settleloans.in/loan-settlement-by-city/noida-sector-2 (89.9% similar) (+16 more)
https://www.settleloans.in/loan-settlement-by-city/medak,warning,Duplication,Duplicate Content Detected,682 similar pages: https://www.settleloans.in/loan-settlement-by-city/abupur (86.1% similar); https://www.settleloans.in/loan-settlement-by-city/agartala (86.1% similar); https://www.settleloans.in/loan-settlement-by-city/agra (86.1% similar); https://www.settleloans.in/loan-settlement-by-city/ahmedabad (86.1% similar); https://www.settleloans.in/loan-settlement-by-city/aiims (86.1% similar) (+677 more)
https://www.settleloans.in/loan-settlement-by-city/noida-sector-17,warning,Duplication,Duplicate Content Detected,185 similar pages: https://www.settleloans.in/loan-settlement-by-city/noida-extension-sector-17 (95.2% similar); https://www.settleloans.in/loan-settlement-by-city/faridabad-sector-17 (89.9% similar); https://www.settleloans.in/loan-settlement-by-city/gurugram-sector-17 (89.9% similar); https://www.settleloans.in/loan-settlement-by-city/noida-sector-1 (89.9% similar); https://www.settleloans.in/loan-settlement-by-city/noida-sector-10 (89.9% similar) (+180 more)
https://www.settleloans.in/loan-settlement-by-city/faridabad-sector-3,warning,Duplication,Duplicate Content Detected,59 similar pages: https://www.settleloans.in/loan-settlement-by-city/faridabad-sector-1 (89.9% similar); https://www.settleloans.in/loan-settlement-by-city/faridabad-sector-10 (89.9% similar); https://www.settleloans.in/loan-settlement-by-city/faridabad-sector-11 (89.9% similar); https://www.settleloans.in/loan-settlement-by-city/faridabad-sector-12 (89.9% similar); https://www.settleloans.in/loan-settlement-by-city/faridabad-sector-13 (89.9% similar) (+54 more)
https://www.settleloans.in/loan-settlement-by-city/okhla-vihar,warning,Duplication,Duplicate Content Detected,18 similar pages: https://www.settleloans.in/loan-settlement-by-city/okhla (93.5% similar); https://www.settleloans.in/loan-settlement-by-city/ashok-vihar (88.3% similar); https://www.settleloans.in/loan-settlement-by-city/brij-vihar (88.3% similar); https://www.settleloans.in/loan-settlement-by-city/jasola-vihar (88.3% similar); https://www.settleloans.in/loan-settlement-by-city/naraina-vihar (88.3% similar) (+13 more)
https://www.settleloans.in/loan-settlement-by-city/moti-bagh,warning,Duplication,Duplicate Content Detected,5 similar pages: https://www.settleloans.in/loan-settlement-by-city/karol-bagh (88.3% similar); https://www.settleloans.in/loan-settlement-by-city/moti-nagar (88.3% similar); https://www.settleloans.in/loan-settlement-by-city/punjabi-bagh (88.3% similar); https://www.settleloans.in/loan-settlement-by-city/shaheen-bagh (88.3% similar); https://www.settleloans.in/loan-settlement-by-city/shalimar-bagh (88.3% similar)
https://www.settleloans.in/loan-settlement-by-city/noida-extension-sector-3,warning,Duplication,Duplicate Content Detected,195 similar pages: https://www.settleloans.in/loan-settlement-by-city/noida-sector-3 (95.2% similar); https://www.settleloans.in/loan-settlement-by-city/noida-extension-sector-1 (91.1% similar); https://www.settleloans.in/loan-settlement-by-city/noida-extension-sector-10 (91.1% similar); https://www.settleloans.in/loan-settlement-by-city/noida-extension-sector-12 (91.1% similar); https://www.settleloans.in/loan-settlement-by-city/noida-extension-sector-16 (91.1% similar) (+190 more)
https://www.settleloans.in/loan-settlement-by-city/tikri-border,warning,Duplication,Duplicate Content Detected,4 similar pages: https://www.settleloans.in/loan-settlement-by-city/badarpur-border (88.3% similar); https://www.settleloans.in/loan-settlement-by-city/kapasheda-border (88.3% similar); https://www.settleloans.in/loan-settlement-by-city/loni-border (88.3% similar); https://www.settleloans.in/loan-settlement-by-city/tikri-kalan (88.3% similar)
https://www.settleloans.in/loan-settlement-by-city/noida-sector-131,warning,Duplication,Duplicate Content Detected,183 similar pages: https://www.settleloans.in/loan-settlement-by-city/noida-sector-1 (89.9% similar); https://www.settleloans.in/loan-settlement-by-city/noida-sector-10 (89.9% similar); https://www.settleloans.in/loan-settlement-by-city/noida-sector-100 (89.9% similar); https://www.settleloans.in/loan-settlement-by-city/noida-sector-101 (89.9% similar); https://www.settleloans.in/loan-settlement-by-city/noida-sector-102 (89.9% similar) (+178 more)
https://www.settleloans.in/loan-settlement-by-city/north-goa,warning,Duplication,Duplicate Content Detected,4 similar pages: https://www.settleloans.in/loan-settlement-by-city/goa (93.5% similar); https://www.settleloans.in/loan-settlement-by-city/north-delhi (88.3% similar); https://www.settleloans.in/loan-settlement-by-city/north-tripura (88.3% similar); https://www.settleloans.in/loan-settlement-by-city/south-goa (88.3% similar)
https://www.settleloans.in/loan-settlement-by-city/bhopura-extension,warning,Duplication,Duplicate Content Detected,7 similar pages: https://www.settleloans.in/loan-settlement-by-city/ecotech-extension (88.3% similar); https://www.settleloans.in/loan-settlement-by-city/govindpuram-extension (88.3% similar); https://www.settleloans.in/loan-settlement-by-city/ip-extension (88.3% similar); https://www.settleloans.in/loan-settlement-by-city/loni-bhopura (88.3% similar); https://www.settleloans.in/loan-settlement-by-city/morti-extension (88.3% similar) (+2 more)
https://www.settleloans.in/loan-settlement-by-city/noida-sector-92,warning,Duplication,Duplicate Content Detected,183 similar pages: https://www.settleloans.in/loan-settlement-by-city/noida-sector-1 (89.9% similar); https://www.settleloans.in/loan-settlement-by-city/noida-sector-10 (89.9% similar); https://www.settleloans.in/loan-settlement-by-city/noida-sector-100 (89.9% similar); https://www.settleloans.in/loan-settlement-by-city/noida-sector-101 (89.9% similar); https://www.settleloans.in/loan-settlement-by-city/noida-sector-102 (89.9% similar) (+178 more)
https://www.settleloans.in/loan-settlement-by-city/noida-sector-55,warning,Duplication,Duplicate Content Detected,183 similar pages: https://www.settleloans.in/loan-settlement-by-city/noida-sector-1 (89.9% similar); https://www.settleloans.in/loan-settlement-by-city/noida-sector-10 (89.9% similar); https://www.settleloans.in/loan-settlement-by-city/noida-sector-100 (89.9% similar); https://www.settleloans.in/loan-settlement-by-city/noida-sector-101 (89.9% similar); https://www.settleloans.in/loan-settlement-by-city/noida-sector-102 (89.9% similar) (+178 more)
https://www.settleloans.in/loan-settlement-by-city/godda,warning,Duplication,Duplicate Content Detected,682 similar pages: https://www.settleloans.in/loan-settlement-by-city/abupur (86.1% similar); https://www.settleloans.in/loan-settlement-by-city/agartala (86.1% similar); https://www.settleloans.in/loan-settlement-by-city/agra (86.1% similar); https://www.settleloans.in/loan-settlement-by-city/ahmedabad (86.1% similar); https://www.settleloans.in/loan-settlement-by-city/aiims (86.1% similar) (+677 more)
https://www.settleloans.in/loan-settlement-by-city/amrapali-leisure-valley,warning,Duplication,Duplicate Content Detected,1 similar page: https://www.settleloans.in/loan-settlement-by-city/amrapali-dream-valley (89.9% similar)
https://www.settleloans.in/loan-settlement-by-city/bhilai,warning,Duplication,Duplicate Content Detected,682 similar pages: https://www.settleloans.in/loan-settlement-by-city/abupur (86.1% similar); https://www.settleloans.in/loan-settlement-by-city/agartala (86.1% similar); https://www.settleloans.in/loan-settlement-by-city/agra (86.1% similar); https://www.settleloans.in/loan-settlement-by-city/ahmedabad (86.1% similar); https://www.settleloans.in/loan-settlement-by-city/aiims (86.1% similar) (+677 more)
https://www.settleloans.in/loan-settlement-by-city/chamarajanagara,warning,Duplication,Duplicate Content Detected,682 similar pages: https://www.settleloans.in/loan-settlement-by-city/abupur (86.1% similar); https://www.settleloans.in/loan-settlement-by-city/agartala (86.1% similar); https://www.settleloans.in/loan-settlement-by-city/agra (86.1% similar); https://www.settleloans.in/loan-settlement-by-city/ahmedabad (86.1% similar); https://www.settleloans.in/loan-settlement-by-city/aiims (86.1% similar) (+677 more)
https://www.settleloans.in/loan-settlement-by-city/raigarh,warning,Duplication,Duplicate Content Detected,682 similar pages: https://www.settleloans.in/loan-settlement-by-city/abupur (86.1% similar); https://www.settleloans.in/loan-settlement-by-city/agartala (86.1% similar); https://www.settleloans.in/loan-settlement-by-city/agra (86.1% similar); https://www.settleloans.in/loan-settlement-by-city/ahmedabad (86.1% similar); https://www.settleloans.in/loan-settlement-by-city/aiims (86.1% similar) (+677 more)
https://www.settleloans.in/loan-settlement-by-city/saharsa,warning,Duplication,Duplicate Content Detected,682 similar pages: https://www.settleloans.in/loan-settlement-by-city/abupur (86.1% similar); https://www.settleloans.in/loan-settlement-by-city/agartala (86.1% similar); https://www.settleloans.in/loan-settlement-by-city/agra (86.1% similar); https://www.settleloans.in/loan-settlement-by-city/ahmedabad (86.1% similar); https://www.settleloans.in/loan-settlement-by-city/aiims (86.1% similar) (+677 more)
https://www.settleloans.in/loan-settlement-by-city/gurugram-sector-27,warning,Duplication,Duplicate Content Detected,51 similar pages: https://www.settleloans.in/loan-settlement-by-city/faridabad-sector-27 (89.9% similar); https://www.settleloans.in/loan-settlement-by-city/gurugram-sector-1 (89.9% similar); https://www.settleloans.in/loan-settlement-by-city/gurugram-sector-10 (89.9% similar); https://www.settleloans.in/loan-settlement-by-city/gurugram-sector-10a (89.9% similar); https://www.settleloans.in/loan-settlement-by-city/gurugram-sector-11 (89.9% similar) (+46 more)
https://www.settleloans.in/loan-settlement-by-city/noida-extension-sector-1,warning,Duplication,Duplicate Content Detected,200 similar pages: https://www.settleloans.in/loan-settlement-by-city/noida-sector-1 (95.2% similar); https://www.settleloans.in/loan-settlement-by-city/noida-extension-sector-10 (91.1% similar); https://www.settleloans.in/loan-settlement-by-city/noida-extension-sector-12 (91.1% similar); https://www.settleloans.in/loan-settlement-by-city/noida-extension-sector-16 (91.1% similar); https://www.settleloans.in/loan-settlement-by-city/noida-extension-sector-16b (91.1% similar) (+195 more)
https://www.settleloans.in/loan-settlement-by-city/telangana,warning,Duplication,Duplicate Content Detected,682 similar pages: https://www.settleloans.in/loan-settlement-by-city/abupur (86.1% similar); https://www.settleloans.in/loan-settlement-by-city/agartala (86.1% similar); https://www.settleloans.in/loan-settlement-by-city/agra (86.1% similar); https://www.settleloans.in/loan-settlement-by-city/ahmedabad (86.1% similar); https://www.settleloans.in/loan-settlement-by-city/aiims (86.1% similar) (+677 more)
https://www.settleloans.in/loan-settlement-by-city/sector-theta-2,warning,Duplication,Duplicate Content Detected,22 similar pages: https://www.settleloans.in/loan-settlement-by-city/faridabad-sector-2 (89.9% similar); https://www.settleloans.in/loan-settlement-by-city/govindpuram-sector-2 (89.9% similar); https://www.settleloans.in/loan-settlement-by-city/gurugram-sector-2 (89.9% similar); https://www.settleloans.in/loan-settlement-by-city/nehrunagar-sector-2 (89.9% similar); https://www.settleloans.in/loan-settlement-by-city/noida-sector-2 (89.9% similar) (+17 more)
https://www.settleloans.in/loan-settlement-by-city/karimnagar,warning,Duplication,Duplicate Content Detected,682 similar pages: https://www.settleloans.in/loan-settlement-by-city/abupur (86.1% similar); https://www.settleloans.in/loan-settlement-by-city/agartala (86.1% similar); https://www.settleloans.in/loan-settlement-by-city/agra (86.1% similar); https://www.settleloans.in/loan-settlement-by-city/ahmedabad (86.1% similar); https://www.settleloans.in/loan-settlement-by-city/aiims (86.1% similar) (+677 more)
https://www.settleloans.in/loan-settlement-by-city/noida-sector-121,warning,Duplication,Duplicate Content Detected,183 similar pages: https://www.settleloans.in/loan-settlement-by-city/noida-sector-1 (89.9% similar); https://www.settleloans.in/loan-settlement-by-city/noida-sector-10 (89.9% similar); https://www.settleloans.in/loan-settlement-by-city/noida-sector-100 (89.9% similar); https://www.settleloans.in/loan-settlement-by-city/noida-sector-101 (89.9% similar); https://www.settleloans.in/loan-settlement-by-city/noida-sector-102 (89.9% similar) (+178 more)
https://www.settleloans.in/loan-settlement-by-city/kullu,warning,Duplication,Duplicate Content Detected,682 similar pages: https://www.settleloans.in/loan-settlement-by-city/abupur (86.1% similar); https://www.settleloans.in/loan-settlement-by-city/agartala (86.1% similar); https://www.settleloans.in/loan-settlement-by-city/agra (86.1% similar); https://www.settleloans.in/loan-settlement-by-city/ahmedabad (86.1% similar); https://www.settleloans.in/loan-settlement-by-city/aiims (86.1% similar) (+677 more)
https://www.settleloans.in/loan-settlement-by-city/sector-rho-1,warning,Duplication,Duplicate Content Detected,21 similar pages: https://www.settleloans.in/loan-settlement-by-city/faridabad-sector-1 (89.9% similar); https://www.settleloans.in/loan-settlement-by-city/govindpuram-sector-1 (89.9% similar); https://www.settleloans.in/loan-settlement-by-city/gurugram-sector-1 (89.9% similar); https://www.settleloans.in/loan-settlement-by-city/nehrunagar-sector-1 (89.9% similar); https://www.settleloans.in/loan-settlement-by-city/noida-sector-1 (89.9% similar) (+16 more)
https://www.settleloans.in/loan-settlement-by-city/jhalawar,warning,Duplication,Duplicate Content Detected,682 similar pages: https://www.settleloans.in/loan-settlement-by-city/abupur (86.1% similar); https://www.settleloans.in/loan-settlement-by-city/agartala (86.1% similar); https://www.settleloans.in/loan-settlement-by-city/agra (86.1% similar); https://www.settleloans.in/loan-settlement-by-city/ahmedabad (86.1% similar); https://www.settleloans.in/loan-settlement-by-city/aiims (86.1% similar) (+677 more)
https://www.settleloans.in/loan-settlement-by-city/ganganagar,warning,Duplication,Duplicate Content Detected,683 similar pages: https://www.settleloans.in/loan-settlement-by-city/sri-ganganagar (93.5% similar); https://www.settleloans.in/loan-settlement-by-city/abupur (86.1% similar); https://www.settleloans.in/loan-settlement-by-city/agartala (86.1% similar); https://www.settleloans.in/loan-settlement-by-city/agra (86.1% similar); https://www.settleloans.in/loan-settlement-by-city/ahmedabad (86.1% similar) (+678 more)
https://www.settleloans.in/loan-settlement-by-city/bhubaneswar,warning,Duplication,Duplicate Content Detected,682 similar pages: https://www.settleloans.in/loan-settlement-by-city/abupur (86.1% similar); https://www.settleloans.in/loan-settlement-by-city/agartala (86.1% similar); https://www.settleloans.in/loan-settlement-by-city/agra (86.1% similar); https://www.settleloans.in/loan-settlement-by-city/ahmedabad (86.1% similar); https://www.settleloans.in/loan-settlement-by-city/aiims (86.1% similar) (+677 more)
https://www.settleloans.in/loan-settlement-by-city/noida-sector-35,warning,Duplication,Duplicate Content Detected,185 similar pages: https://www.settleloans.in/loan-settlement-by-city/faridabad-sector-35 (89.9% similar); https://www.settleloans.in/loan-settlement-by-city/gurugram-sector-35 (89.9% similar); https://www.settleloans.in/loan-settlement-by-city/noida-sector-1 (89.9% similar); https://www.settleloans.in/loan-settlement-by-city/noida-sector-10 (89.9% similar); https://www.settleloans.in/loan-settlement-by-city/noida-sector-100 (89.9% similar) (+180 more)
https://www.settleloans.in/loan-settlement-by-city/noida-sector-103,warning,Duplication,Duplicate Content Detected,183 similar pages: https://www.settleloans.in/loan-settlement-by-city/noida-sector-1 (89.9% similar); https://www.settleloans.in/loan-settlement-by-city/noida-sector-10 (89.9% similar); https://www.settleloans.in/loan-settlement-by-city/noida-sector-100 (89.9% similar); https://www.settleloans.in/loan-settlement-by-city/noida-sector-101 (89.9% similar); https://www.settleloans.in/loan-settlement-by-city/noida-sector-102 (89.9% similar) (+178 more)
https://www.settleloans.in/loan-settlement-by-city/noida-sector-115,warning,Duplication,Duplicate Content Detected,183 similar pages: https://www.settleloans.in/loan-settlement-by-city/noida-sector-1 (89.9% similar); https://www.settleloans.in/loan-settlement-by-city/noida-sector-10 (89.9% similar); https://www.settleloans.in/loan-settlement-by-city/noida-sector-100 (89.9% similar); https://www.settleloans.in/loan-settlement-by-city/noida-sector-101 (89.9% similar); https://www.settleloans.in/loan-settlement-by-city/noida-sector-102 (89.9% similar) (+178 more)
https://www.settleloans.in/loan-settlement-by-city/noida-sector-83,warning,Duplication,Duplicate Content Detected,183 similar pages: https://www.settleloans.in/loan-settlement-by-city/noida-sector-1 (89.9% similar); https://www.settleloans.in/loan-settlement-by-city/noida-sector-10 (89.9% similar); https://www.settleloans.in/loan-settlement-by-city/noida-sector-100 (89.9% similar); https://www.settleloans.in/loan-settlement-by-city/noida-sector-101 (89.9% similar); https://www.settleloans.in/loan-settlement-by-city/noida-sector-102 (89.9% similar) (+178 more)
https://www.settleloans.in/loan-settlement-by-city/mamit,warning,Duplication,Duplicate Content Detected,682 similar pages: https://www.settleloans.in/loan-settlement-by-city/abupur (86.1% similar); https://www.settleloans.in/loan-settlement-by-city/agartala (86.1% similar); https://www.settleloans.in/loan-settlement-by-city/agra (86.1% similar); https://www.settleloans.in/loan-settlement-by-city/ahmedabad (86.1% similar); https://www.settleloans.in/loan-settlement-by-city/aiims (86.1% similar) (+677 more)
https://www.settleloans.in/loan-settlement-by-city/ecotech-4,warning,Duplication,Duplicate Content Detected,7 similar pages: https://www.settleloans.in/loan-settlement-by-city/ecotech-1 (88.3% similar); https://www.settleloans.in/loan-settlement-by-city/ecotech-2 (88.3% similar); https://www.settleloans.in/loan-settlement-by-city/ecotech-3 (88.3% similar); https://www.settleloans.in/loan-settlement-by-city/ecotech-5 (88.3% similar); https://www.settleloans.in/loan-settlement-by-city/ecotech-6 (88.3% similar) (+2 more)
https://www.settleloans.in/loan-settlement-by-city/mayur-vihar-phase-i,warning,Duplication,Duplicate Content Detected,2 similar pages: https://www.settleloans.in/loan-settlement-by-city/mayur-vihar-phase-ii (91.1% similar); https://www.settleloans.in/loan-settlement-by-city/mayur-vihar-phase-iii (91.1% similar)
https://www.settleloans.in/loan-settlement-by-city/satna,warning,Duplication,Duplicate Content Detected,682 similar pages: https://www.settleloans.in/loan-settlement-by-city/abupur (86.1% similar); https://www.settleloans.in/loan-settlement-by-city/agartala (86.1% similar); https://www.settleloans.in/loan-settlement-by-city/agra (86.1% similar); https://www.settleloans.in/loan-settlement-by-city/ahmedabad (86.1% similar); https://www.settleloans.in/loan-settlement-by-city/aiims (86.1% similar) (+677 more)
https://www.settleloans.in/loan-settlement-by-city/hisar,warning,Duplication,Duplicate Content Detected,682 similar pages: https://www.settleloans.in/loan-settlement-by-city/abupur (86.1% similar); https://www.settleloans.in/loan-settlement-by-city/agartala (86.1% similar); https://www.settleloans.in/loan-settlement-by-city/agra (86.1% similar); https://www.settleloans.in/loan-settlement-by-city/ahmedabad (86.1% similar); https://www.settleloans.in/loan-settlement-by-city/aiims (86.1% similar) (+677 more)
https://www.settleloans.in/loan-settlement-by-city/noida,warning,Duplication,Duplicate Content Detected,850 similar pages: https://www.settleloans.in/loan-settlement-by-city/noida-sector-1 (88.1% similar); https://www.settleloans.in/loan-settlement-by-city/noida-sector-10 (88.1% similar); https://www.settleloans.in/loan-settlement-by-city/noida-sector-100 (88.1% similar); https://www.settleloans.in/loan-settlement-by-city/noida-sector-101 (88.1% similar); https://www.settleloans.in/loan-settlement-by-city/noida-sector-102 (88.1% similar) (+845 more)
https://www.settleloans.in/loan-settlement-by-city/noida-sector-143,warning,Duplication,Duplicate Content Detected,183 similar pages: https://www.settleloans.in/loan-settlement-by-city/noida-sector-1 (89.9% similar); https://www.settleloans.in/loan-settlement-by-city/noida-sector-10 (89.9% similar); https://www.settleloans.in/loan-settlement-by-city/noida-sector-100 (89.9% similar); https://www.settleloans.in/loan-settlement-by-city/noida-sector-101 (89.9% similar); https://www.settleloans.in/loan-settlement-by-city/noida-sector-102 (89.9% similar) (+178 more)
https://www.settleloans.in/loan-settlement-by-city/tikri-kalan,warning,Duplication,Duplicate Content Detected,1 similar page: https://www.settleloans.in/loan-settlement-by-city/tikri-border (88.3% similar)
https://www.settleloans.in/loan-settlement-by-city/kirti-nagar,warning,Duplication,Duplicate Content Detected,30 similar pages: https://www.settleloans.in/loan-settlement-by-city/kirti-nagar-industrial-area (89.7% similar); https://www.settleloans.in/loan-settlement-by-city/adarsh-nagar (88.3% similar); https://www.settleloans.in/loan-settlement-by-city/ashok-nagar (88.3% similar); https://www.settleloans.in/loan-settlement-by-city/bharat-nagar (88.3% similar); https://www.settleloans.in/loan-settlement-by-city/chander-nagar (88.3% similar) (+25 more)
https://www.settleloans.in/loan-settlement-by-city/gurugram-sector-32,warning,Duplication,Duplicate Content Detected,50 similar pages: https://www.settleloans.in/loan-settlement-by-city/faridabad-sector-32 (89.9% similar); https://www.settleloans.in/loan-settlement-by-city/gurugram-sector-1 (89.9% similar); https://www.settleloans.in/loan-settlement-by-city/gurugram-sector-10 (89.9% similar); https://www.settleloans.in/loan-settlement-by-city/gurugram-sector-10a (89.9% similar); https://www.settleloans.in/loan-settlement-by-city/gurugram-sector-11 (89.9% similar) (+45 more)
https://www.settleloans.in/loan-settlement-by-city/porbandar,warning,Duplication,Duplicate Content Detected,682 similar pages: https://www.settleloans.in/loan-settlement-by-city/abupur (86.1% similar); https://www.settleloans.in/loan-settlement-by-city/agartala (86.1% similar); https://www.settleloans.in/loan-settlement-by-city/agra (86.1% similar); https://www.settleloans.in/loan-settlement-by-city/ahmedabad (86.1% similar); https://www.settleloans.in/loan-settlement-by-city/aiims (86.1% similar) (+677 more)
https://www.settleloans.in/loan-settlement-by-city/kargil,warning,Duplication,Duplicate Content Detected,682 similar pages: https://www.settleloans.in/loan-settlement-by-city/abupur (86.1% similar); https://www.settleloans.in/loan-settlement-by-city/agartala (86.1% similar); https://www.settleloans.in/loan-settlement-by-city/agra (86.1% similar); https://www.settleloans.in/loan-settlement-by-city/ahmedabad (86.1% similar); https://www.settleloans.in/loan-settlement-by-city/aiims (86.1% similar) (+677 more)
https://www.settleloans.in/loan-settlement-by-city/changlang,warning,Duplication,Duplicate Content Detected,682 similar pages: https://www.settleloans.in/loan-settlement-by-city/abupur (86.1% similar); https://www.settleloans.in/loan-settlement-by-city/agartala (86.1% similar); https://www.settleloans.in/loan-settlement-by-city/agra (86.1% similar); https://www.settleloans.in/loan-settlement-by-city/ahmedabad (86.1% similar); https://www.settleloans.in/loan-settlement-by-city/aiims (86.1% similar) (+677 more)
https://www.settleloans.in/loan-settlement-by-city/raj-nagar-sector-4,warning,Duplication,Duplicate Content Detected,19 similar pages: https://www.settleloans.in/loan-settlement-by-city/raj-nagar-sector-1 (91.1% similar); https://www.settleloans.in/loan-settlement-by-city/raj-nagar-sector-2 (91.1% similar); https://www.settleloans.in/loan-settlement-by-city/raj-nagar-sector-3 (91.1% similar); https://www.settleloans.in/loan-settlement-by-city/raj-nagar-sector-5 (91.1% similar); https://www.settleloans.in/loan-settlement-by-city/raj-nagar-sector-6 (91.1% similar) (+14 more)
https://www.settleloans.in/loan-settlement-by-city/khetlal,warning,Duplication,Duplicate Content Detected,682 similar pages: https://www.settleloans.in/loan-settlement-by-city/abupur (86.1% similar); https://www.settleloans.in/loan-settlement-by-city/agartala (86.1% similar); https://www.settleloans.in/loan-settlement-by-city/agra (86.1% similar); https://www.settleloans.in/loan-settlement-by-city/ahmedabad (86.1% similar); https://www.settleloans.in/loan-settlement-by-city/aiims (86.1% similar) (+677 more)
https://www.settleloans.in/loan-settlement-by-city/noida-sector-145,warning,Duplication,Duplicate Content Detected,183 similar pages: https://www.settleloans.in/loan-settlement-by-city/noida-sector-1 (89.9% similar); https://www.settleloans.in/loan-settlement-by-city/noida-sector-10 (89.9% similar); https://www.settleloans.in/loan-settlement-by-city/noida-sector-100 (89.9% similar); https://www.settleloans.in/loan-settlement-by-city/noida-sector-101 (89.9% similar); https://www.settleloans.in/loan-settlement-by-city/noida-sector-102 (89.9% similar) (+178 more)
https://www.settleloans.in/loan-settlement-by-city/bijwasan,warning,Duplication,Duplicate Content Detected,682 similar pages: https://www.settleloans.in/loan-settlement-by-city/abupur (86.1% similar); https://www.settleloans.in/loan-settlement-by-city/agartala (86.1% similar); https://www.settleloans.in/loan-settlement-by-city/agra (86.1% similar); https://www.settleloans.in/loan-settlement-by-city/ahmedabad (86.1% similar); https://www.settleloans.in/loan-settlement-by-city/aiims (86.1% similar) (+677 more)
https://www.settleloans.in/loan-settlement-by-city/east-jaintia-hills,warning,Duplication,Duplicate Content Detected,4 similar pages: https://www.settleloans.in/loan-settlement-by-city/jaintia-hills (94.5% similar); https://www.settleloans.in/loan-settlement-by-city/east-garo-hills (89.9% similar); https://www.settleloans.in/loan-settlement-by-city/east-khasi-hills (89.9% similar); https://www.settleloans.in/loan-settlement-by-city/west-jaintia-hills (89.9% similar)
https://www.settleloans.in/loan-settlement-by-city/faridabad-sector-12,warning,Duplication,Duplicate Content Detected,45 similar pages: https://www.settleloans.in/loan-settlement-by-city/faridabad-sector-1 (89.9% similar); https://www.settleloans.in/loan-settlement-by-city/faridabad-sector-10 (89.9% similar); https://www.settleloans.in/loan-settlement-by-city/faridabad-sector-11 (89.9% similar); https://www.settleloans.in/loan-settlement-by-city/faridabad-sector-13 (89.9% similar); https://www.settleloans.in/loan-settlement-by-city/faridabad-sector-14 (89.9% similar) (+40 more)
https://www.settleloans.in/loan-settlement-by-city/lunglei,warning,Duplication,Duplicate Content Detected,682 similar pages: https://www.settleloans.in/loan-settlement-by-city/abupur (86.1% similar); https://www.settleloans.in/loan-settlement-by-city/agartala (86.1% similar); https://www.settleloans.in/loan-settlement-by-city/agra (86.1% similar); https://www.settleloans.in/loan-settlement-by-city/ahmedabad (86.1% similar); https://www.settleloans.in/loan-settlement-by-city/aiims (86.1% similar) (+677 more)
https://www.settleloans.in/loan-settlement-by-city/farrukhabad,warning,Duplication,Duplicate Content Detected,682 similar pages: https://www.settleloans.in/loan-settlement-by-city/abupur (86.1% similar); https://www.settleloans.in/loan-settlement-by-city/agartala (86.1% similar); https://www.settleloans.in/loan-settlement-by-city/agra (86.1% similar); https://www.settleloans.in/loan-settlement-by-city/ahmedabad (86.1% similar); https://www.settleloans.in/loan-settlement-by-city/aiims (86.1% similar) (+677 more)
https://www.settleloans.in/loan-settlement-by-city/mansa,warning,Duplication,Duplicate Content Detected,682 similar pages: https://www.settleloans.in/loan-settlement-by-city/abupur (86.1% similar); https://www.settleloans.in/loan-settlement-by-city/agartala (86.1% similar); https://www.settleloans.in/loan-settlement-by-city/agra (86.1% similar); https://www.settleloans.in/loan-settlement-by-city/ahmedabad (86.1% similar); https://www.settleloans.in/loan-settlement-by-city/aiims (86.1% similar) (+677 more)
https://www.settleloans.in/loan-settlement-by-city/janakpuri-west-metro,warning,Duplication,Duplicate Content Detected,1 similar page: https://www.settleloans.in/loan-settlement-by-city/janakpuri (88.1% similar)
https://www.settleloans.in/loan-settlement-by-city/baran,warning,Duplication,Duplicate Content Detected,682 similar pages: https://www.settleloans.in/loan-settlement-by-city/abupur (86.1% similar); https://www.settleloans.in/loan-settlement-by-city/agartala (86.1% similar); https://www.settleloans.in/loan-settlement-by-city/agra (86.1% similar); https://www.settleloans.in/loan-settlement-by-city/ahmedabad (86.1% similar); https://www.settleloans.in/loan-settlement-by-city/aiims (86.1% similar) (+677 more)
https://www.settleloans.in/loan-settlement-by-city/ito-metro,warning,Duplication,Duplicate Content Detected,16 similar pages: https://www.settleloans.in/loan-settlement-by-city/ito (93.5% similar); https://www.settleloans.in/loan-settlement-by-city/aiims-metro (88.3% similar); https://www.settleloans.in/loan-settlement-by-city/badarpur-metro (88.3% similar); https://www.settleloans.in/loan-settlement-by-city/ghevra-metro (88.3% similar); https://www.settleloans.in/loan-settlement-by-city/kalyanpuri-metro (88.3% similar) (+11 more)
https://www.settleloans.in/loan-settlement-by-city/subhash-nagar-metro,warning,Duplication,Duplicate Content Detected,4 similar pages: https://www.settleloans.in/loan-settlement-by-city/subhash-nagar (94.5% similar); https://www.settleloans.in/loan-settlement-by-city/lajpat-nagar-metro (89.9% similar); https://www.settleloans.in/loan-settlement-by-city/lakshmi-nagar-metro (89.9% similar); https://www.settleloans.in/loan-settlement-by-city/vinod-nagar-metro (89.9% similar)
https://www.settleloans.in/loan-settlement-by-city/dindigul,warning,Duplication,Duplicate Content Detected,682 similar pages: https://www.settleloans.in/loan-settlement-by-city/abupur (86.1% similar); https://www.settleloans.in/loan-settlement-by-city/agartala (86.1% similar); https://www.settleloans.in/loan-settlement-by-city/agra (86.1% similar); https://www.settleloans.in/loan-settlement-by-city/ahmedabad (86.1% similar); https://www.settleloans.in/loan-settlement-by-city/aiims (86.1% similar) (+677 more)
https://www.settleloans.in/loan-settlement-by-city/nh-9-ghaziabad,warning,Duplication,Duplicate Content Detected,1 similar page: https://www.settleloans.in/loan-settlement-by-city/ghaziabad (88.1% similar)
https://www.settleloans.in/loan-settlement-by-city/dasna-jail-area,warning,Duplication,Duplicate Content Detected,1 similar page: https://www.settleloans.in/loan-settlement-by-city/dasna-industrial-area (89.9% similar)
https://www.settleloans.in/loan-settlement-by-city/patna,warning,Duplication,Duplicate Content Detected,682 similar pages: https://www.settleloans.in/loan-settlement-by-city/abupur (86.1% similar); https://www.settleloans.in/loan-settlement-by-city/agartala (86.1% similar); https://www.settleloans.in/loan-settlement-by-city/agra (86.1% similar); https://www.settleloans.in/loan-settlement-by-city/ahmedabad (86.1% similar); https://www.settleloans.in/loan-settlement-by-city/aiims (86.1% similar) (+677 more)
https://www.settleloans.in/loan-settlement-by-city/mehrauli,warning,Duplication,Duplicate Content Detected,683 similar pages: https://www.settleloans.in/loan-settlement-by-city/mehrauli-bus-depot (88.1% similar); https://www.settleloans.in/loan-settlement-by-city/abupur (86.1% similar); https://www.settleloans.in/loan-settlement-by-city/agartala (86.1% similar); https://www.settleloans.in/loan-settlement-by-city/agra (86.1% similar); https://www.settleloans.in/loan-settlement-by-city/ahmedabad (86.1% similar) (+678 more)
https://www.settleloans.in/loan-settlement-by-city/yamuna-expressway-sector-18,warning,Duplication,Duplicate Content Detected,10 similar pages: https://www.settleloans.in/loan-settlement-by-city/yamuna-expressway-sector-20 (91.1% similar); https://www.settleloans.in/loan-settlement-by-city/yamuna-expressway-sector-22 (91.1% similar); https://www.settleloans.in/loan-settlement-by-city/yamuna-expressway-sector-24 (91.1% similar); https://www.settleloans.in/loan-settlement-by-city/yamuna-expressway-sector-25 (91.1% similar); https://www.settleloans.in/loan-settlement-by-city/yamuna-expressway-sector-26 (91.1% similar) (+5 more)
https://www.settleloans.in/loan-settlement-by-city/bhind,warning,Duplication,Duplicate Content Detected,682 similar pages: https://www.settleloans.in/loan-settlement-by-city/abupur (86.1% similar); https://www.settleloans.in/loan-settlement-by-city/agartala (86.1% similar); https://www.settleloans.in/loan-settlement-by-city/agra (86.1% similar); https://www.settleloans.in/loan-settlement-by-city/ahmedabad (86.1% similar); https://www.settleloans.in/loan-settlement-by-city/aiims (86.1% similar) (+677 more)
https://www.settleloans.in/loan-settlement-by-city/bhilwara,warning,Duplication,Duplicate Content Detected,682 similar pages: https://www.settleloans.in/loan-settlement-by-city/abupur (86.1% similar); https://www.settleloans.in/loan-settlement-by-city/agartala (86.1% similar); https://www.settleloans.in/loan-settlement-by-city/agra (86.1% similar); https://www.settleloans.in/loan-settlement-by-city/ahmedabad (86.1% similar); https://www.settleloans.in/loan-settlement-by-city/aiims (86.1% similar) (+677 more)
https://www.settleloans.in/loan-settlement-by-city/lucknow,warning,Duplication,Duplicate Content Detected,682 similar pages: https://www.settleloans.in/loan-settlement-by-city/abupur (86.1% similar); https://www.settleloans.in/loan-settlement-by-city/agartala (86.1% similar); https://www.settleloans.in/loan-settlement-by-city/agra (86.1% similar); https://www.settleloans.in/loan-settlement-by-city/ahmedabad (86.1% similar); https://www.settleloans.in/loan-settlement-by-city/aiims (86.1% similar) (+677 more)
https://www.settleloans.in/loan-settlement-by-city/noida-sector-143b,warning,Duplication,Duplicate Content Detected,183 similar pages: https://www.settleloans.in/loan-settlement-by-city/noida-sector-1 (89.9% similar); https://www.settleloans.in/loan-settlement-by-city/noida-sector-10 (89.9% similar); https://www.settleloans.in/loan-settlement-by-city/noida-sector-100 (89.9% similar); https://www.settleloans.in/loan-settlement-by-city/noida-sector-101 (89.9% similar); https://www.settleloans.in/loan-settlement-by-city/noida-sector-102 (89.9% similar) (+178 more)
https://www.settleloans.in/loan-settlement-by-city/ernakulam,warning,Duplication,Duplicate Content Detected,682 similar pages: https://www.settleloans.in/loan-settlement-by-city/abupur (86.1% similar); https://www.settleloans.in/loan-settlement-by-city/agartala (86.1% similar); https://www.settleloans.in/loan-settlement-by-city/agra (86.1% similar); https://www.settleloans.in/loan-settlement-by-city/ahmedabad (86.1% similar); https://www.settleloans.in/loan-settlement-by-city/aiims (86.1% similar) (+677 more)
https://www.settleloans.in/loan-settlement-by-city/noida-sector-112,warning,Duplication,Duplicate Content Detected,183 similar pages: https://www.settleloans.in/loan-settlement-by-city/noida-sector-1 (89.9% similar); https://www.settleloans.in/loan-settlement-by-city/noida-sector-10 (89.9% similar); https://www.settleloans.in/loan-settlement-by-city/noida-sector-100 (89.9% similar); https://www.settleloans.in/loan-settlement-by-city/noida-sector-101 (89.9% similar); https://www.settleloans.in/loan-settlement-by-city/noida-sector-102 (89.9% similar) (+178 more)
https://www.settleloans.in/loan-settlement-by-city/lohit,warning,Duplication,Duplicate Content Detected,682 similar pages: https://www.settleloans.in/loan-settlement-by-city/abupur (86.1% similar); https://www.settleloans.in/loan-settlement-by-city/agartala (86.1% similar); https://www.settleloans.in/loan-settlement-by-city/agra (86.1% similar); https://www.settleloans.in/loan-settlement-by-city/ahmedabad (86.1% similar); https://www.settleloans.in/loan-settlement-by-city/aiims (86.1% similar) (+677 more)
https://www.settleloans.in/loan-settlement-by-city/etawah,warning,Duplication,Duplicate Content Detected,682 similar pages: https://www.settleloans.in/loan-settlement-by-city/abupur (86.1% similar); https://www.settleloans.in/loan-settlement-by-city/agartala (86.1% similar); https://www.settleloans.in/loan-settlement-by-city/agra (86.1% similar); https://www.settleloans.in/loan-settlement-by-city/ahmedabad (86.1% similar); https://www.settleloans.in/loan-settlement-by-city/aiims (86.1% similar) (+677 more)
https://www.settleloans.in/loan-settlement-by-city/valsad,warning,Duplication,Duplicate Content Detected,682 similar pages: https://www.settleloans.in/loan-settlement-by-city/abupur (86.1% similar); https://www.settleloans.in/loan-settlement-by-city/agartala (86.1% similar); https://www.settleloans.in/loan-settlement-by-city/agra (86.1% similar); https://www.settleloans.in/loan-settlement-by-city/ahmedabad (86.1% similar); https://www.settleloans.in/loan-settlement-by-city/aiims (86.1% similar) (+677 more)
https://www.settleloans.in/loan-settlement-by-city/govindpuram-sector-6,warning,Duplication,Duplicate Content Detected,17 similar pages: https://www.settleloans.in/loan-settlement-by-city/faridabad-sector-6 (89.9% similar); https://www.settleloans.in/loan-settlement-by-city/govindpuram-sector-1 (89.9% similar); https://www.settleloans.in/loan-settlement-by-city/govindpuram-sector-2 (89.9% similar); https://www.settleloans.in/loan-settlement-by-city/govindpuram-sector-3 (89.9% similar); https://www.settleloans.in/loan-settlement-by-city/govindpuram-sector-4 (89.9% similar) (+12 more)
https://www.settleloans.in/loan-settlement-by-city/mumbai-suburban,warning,Duplication,Duplicate Content Detected,2 similar pages: https://www.settleloans.in/loan-settlement-by-city/mumbai (93.5% similar); https://www.settleloans.in/loan-settlement-by-city/mumbai-city (88.3% similar)
https://www.settleloans.in/loan-settlement-by-city/loni-border,warning,Duplication,Duplicate Content Detected,5 similar pages: https://www.settleloans.in/loan-settlement-by-city/loni (93.5% similar); https://www.settleloans.in/loan-settlement-by-city/badarpur-border (88.3% similar); https://www.settleloans.in/loan-settlement-by-city/kapasheda-border (88.3% similar); https://www.settleloans.in/loan-settlement-by-city/loni-bhopura (88.3% similar); https://www.settleloans.in/loan-settlement-by-city/tikri-border (88.3% similar)
https://www.settleloans.in/loan-settlement-by-city/govindpuram-sector-9,warning,Duplication,Duplicate Content Detected,15 similar pages: https://www.settleloans.in/loan-settlement-by-city/dwarka-sector-9 (89.9% similar); https://www.settleloans.in/loan-settlement-by-city/faridabad-sector-9 (89.9% similar); https://www.settleloans.in/loan-settlement-by-city/govindpuram-sector-1 (89.9% similar); https://www.settleloans.in/loan-settlement-by-city/govindpuram-sector-2 (89.9% similar); https://www.settleloans.in/loan-settlement-by-city/govindpuram-sector-3 (89.9% similar) (+10 more)
https://www.settleloans.in/loan-settlement-by-city/bandipora,warning,Duplication,Duplicate Content Detected,682 similar pages: https://www.settleloans.in/loan-settlement-by-city/abupur (86.1% similar); https://www.settleloans.in/loan-settlement-by-city/agartala (86.1% similar); https://www.settleloans.in/loan-settlement-by-city/agra (86.1% similar); https://www.settleloans.in/loan-settlement-by-city/ahmedabad (86.1% similar); https://www.settleloans.in/loan-settlement-by-city/aiims (86.1% similar) (+677 more)
https://www.settleloans.in/loan-settlement-by-city/faridabad-sector-30,warning,Duplication,Duplicate Content Detected,43 similar pages: https://www.settleloans.in/loan-settlement-by-city/faridabad-sector-1 (89.9% similar); https://www.settleloans.in/loan-settlement-by-city/faridabad-sector-10 (89.9% similar); https://www.settleloans.in/loan-settlement-by-city/faridabad-sector-11 (89.9% similar); https://www.settleloans.in/loan-settlement-by-city/faridabad-sector-12 (89.9% similar); https://www.settleloans.in/loan-settlement-by-city/faridabad-sector-13 (89.9% similar) (+38 more)
https://www.settleloans.in/loan-settlement-by-city/itanagar,warning,Duplication,Duplicate Content Detected,682 similar pages: https://www.settleloans.in/loan-settlement-by-city/abupur (86.1% similar); https://www.settleloans.in/loan-settlement-by-city/agartala (86.1% similar); https://www.settleloans.in/loan-settlement-by-city/agra (86.1% similar); https://www.settleloans.in/loan-settlement-by-city/ahmedabad (86.1% similar); https://www.settleloans.in/loan-settlement-by-city/aiims (86.1% similar) (+677 more)
https://www.settleloans.in/loan-settlement-by-city/coimbatore,warning,Duplication,Duplicate Content Detected,682 similar pages: https://www.settleloans.in/loan-settlement-by-city/abupur (86.1% similar); https://www.settleloans.in/loan-settlement-by-city/agartala (86.1% similar); https://www.settleloans.in/loan-settlement-by-city/agra (86.1% similar); https://www.settleloans.in/loan-settlement-by-city/ahmedabad (86.1% similar); https://www.settleloans.in/loan-settlement-by-city/aiims (86.1% similar) (+677 more)
https://www.settleloans.in/loan-settlement-by-city/sector-6-vasundhara,warning,Duplication,Duplicate Content Detected,33 similar pages: https://www.settleloans.in/loan-settlement-by-city/vasundhara-sector-6 (100.0% similar); https://www.settleloans.in/loan-settlement-by-city/faridabad-sector-6 (89.9% similar); https://www.settleloans.in/loan-settlement-by-city/govindpuram-sector-6 (89.9% similar); https://www.settleloans.in/loan-settlement-by-city/gurugram-sector-6 (89.9% similar); https://www.settleloans.in/loan-settlement-by-city/noida-sector-6 (89.9% similar) (+28 more)
https://www.settleloans.in/loan-settlement-by-city/sagar,warning,Duplication,Duplicate Content Detected,682 similar pages: https://www.settleloans.in/loan-settlement-by-city/abupur (86.1% similar); https://www.settleloans.in/loan-settlement-by-city/agartala (86.1% similar); https://www.settleloans.in/loan-settlement-by-city/agra (86.1% similar); https://www.settleloans.in/loan-settlement-by-city/ahmedabad (86.1% similar); https://www.settleloans.in/loan-settlement-by-city/aiims (86.1% similar) (+677 more)
https://www.settleloans.in/loan-settlement-by-city/shastri-nagar-block-c,warning,Duplication,Duplicate Content Detected,4 similar pages: https://www.settleloans.in/loan-settlement-by-city/shastri-nagar-block-a (91.1% similar); https://www.settleloans.in/loan-settlement-by-city/shastri-nagar-block-b (91.1% similar); https://www.settleloans.in/loan-settlement-by-city/shastri-nagar-block-d (91.1% similar); https://www.settleloans.in/loan-settlement-by-city/shastri-nagar (89.7% similar)
https://www.settleloans.in/loan-settlement-by-city/noida-sector-157,warning,Duplication,Duplicate Content Detected,183 similar pages: https://www.settleloans.in/loan-settlement-by-city/noida-sector-1 (89.9% similar); https://www.settleloans.in/loan-settlement-by-city/noida-sector-10 (89.9% similar); https://www.settleloans.in/loan-settlement-by-city/noida-sector-100 (89.9% similar); https://www.settleloans.in/loan-settlement-by-city/noida-sector-101 (89.9% similar); https://www.settleloans.in/loan-settlement-by-city/noida-sector-102 (89.9% similar) (+178 more)
https://www.settleloans.in/loan-settlement-by-city/faridabad-sector-25,warning,Duplication,Duplicate Content Detected,44 similar pages: https://www.settleloans.in/loan-settlement-by-city/faridabad-sector-1 (89.9% similar); https://www.settleloans.in/loan-settlement-by-city/faridabad-sector-10 (89.9% similar); https://www.settleloans.in/loan-settlement-by-city/faridabad-sector-11 (89.9% similar); https://www.settleloans.in/loan-settlement-by-city/faridabad-sector-12 (89.9% similar); https://www.settleloans.in/loan-settlement-by-city/faridabad-sector-13 (89.9% similar) (+39 more)
https://www.settleloans.in/loan-settlement-by-city/mokokchung,warning,Duplication,Duplicate Content Detected,682 similar pages: https://www.settleloans.in/loan-settlement-by-city/abupur (86.1% similar); https://www.settleloans.in/loan-settlement-by-city/agartala (86.1% similar); https://www.settleloans.in/loan-settlement-by-city/agra (86.1% similar); https://www.settleloans.in/loan-settlement-by-city/ahmedabad (86.1% similar); https://www.settleloans.in/loan-settlement-by-city/aiims (86.1% similar) (+677 more)
https://www.settleloans.in/loan-settlement-by-city/noida-sector-44,warning,Duplication,Duplicate Content Detected,184 similar pages: https://www.settleloans.in/loan-settlement-by-city/gurugram-sector-44 (89.9% similar); https://www.settleloans.in/loan-settlement-by-city/noida-sector-1 (89.9% similar); https://www.settleloans.in/loan-settlement-by-city/noida-sector-10 (89.9% similar); https://www.settleloans.in/loan-settlement-by-city/noida-sector-100 (89.9% similar); https://www.settleloans.in/loan-settlement-by-city/noida-sector-101 (89.9% similar) (+179 more)
https://www.settleloans.in/loan-settlement-by-city/najafgarh-metro,warning,Duplication,Duplicate Content Detected,17 similar pages: https://www.settleloans.in/loan-settlement-by-city/najafgarh (93.5% similar); https://www.settleloans.in/loan-settlement-by-city/aiims-metro (88.3% similar); https://www.settleloans.in/loan-settlement-by-city/badarpur-metro (88.3% similar); https://www.settleloans.in/loan-settlement-by-city/ghevra-metro (88.3% similar); https://www.settleloans.in/loan-settlement-by-city/ito-metro (88.3% similar) (+12 more)
https://www.settleloans.in/loan-settlement-by-city/surya-nagar,warning,Duplication,Duplicate Content Detected,29 similar pages: https://www.settleloans.in/loan-settlement-by-city/adarsh-nagar (88.3% similar); https://www.settleloans.in/loan-settlement-by-city/ashok-nagar (88.3% similar); https://www.settleloans.in/loan-settlement-by-city/bharat-nagar (88.3% similar); https://www.settleloans.in/loan-settlement-by-city/chander-nagar (88.3% similar); https://www.settleloans.in/loan-settlement-by-city/gtb-nagar (88.3% similar) (+24 more)
https://www.settleloans.in/loan-settlement-by-city/noida-sector-89,warning,Duplication,Duplicate Content Detected,183 similar pages: https://www.settleloans.in/loan-settlement-by-city/noida-sector-1 (89.9% similar); https://www.settleloans.in/loan-settlement-by-city/noida-sector-10 (89.9% similar); https://www.settleloans.in/loan-settlement-by-city/noida-sector-100 (89.9% similar); https://www.settleloans.in/loan-settlement-by-city/noida-sector-101 (89.9% similar); https://www.settleloans.in/loan-settlement-by-city/noida-sector-102 (89.9% similar) (+178 more)
https://www.settleloans.in/loan-settlement-by-city/balrampur,warning,Duplication,Duplicate Content Detected,682 similar pages: https://www.settleloans.in/loan-settlement-by-city/abupur (86.1% similar); https://www.settleloans.in/loan-settlement-by-city/agartala (86.1% similar); https://www.settleloans.in/loan-settlement-by-city/agra (86.1% similar); https://www.settleloans.in/loan-settlement-by-city/ahmedabad (86.1% similar); https://www.settleloans.in/loan-settlement-by-city/aiims (86.1% similar) (+677 more)
https://www.settleloans.in/loan-settlement-by-city/dharamshala,warning,Duplication,Duplicate Content Detected,682 similar pages: https://www.settleloans.in/loan-settlement-by-city/abupur (86.1% similar); https://www.settleloans.in/loan-settlement-by-city/agartala (86.1% similar); https://www.settleloans.in/loan-settlement-by-city/agra (86.1% similar); https://www.settleloans.in/loan-settlement-by-city/ahmedabad (86.1% similar); https://www.settleloans.in/loan-settlement-by-city/aiims (86.1% similar) (+677 more)
https://www.settleloans.in/loan-settlement-by-city/solapur,warning,Duplication,Duplicate Content Detected,682 similar pages: https://www.settleloans.in/loan-settlement-by-city/abupur (86.1% similar); https://www.settleloans.in/loan-settlement-by-city/agartala (86.1% similar); https://www.settleloans.in/loan-settlement-by-city/agra (86.1% similar); https://www.settleloans.in/loan-settlement-by-city/ahmedabad (86.1% similar); https://www.settleloans.in/loan-settlement-by-city/aiims (86.1% similar) (+677 more)
https://www.settleloans.in/loan-settlement-by-city/wave-city-sector-2,warning,Duplication,Duplicate Content Detected,23 similar pages: https://www.settleloans.in/loan-settlement-by-city/wave-city-sector-1 (91.1% similar); https://www.settleloans.in/loan-settlement-by-city/wave-city-sector-3 (91.1% similar); https://www.settleloans.in/loan-settlement-by-city/wave-city-sector-4 (91.1% similar); https://www.settleloans.in/loan-settlement-by-city/wave-city-sector-5 (91.1% similar); https://www.settleloans.in/loan-settlement-by-city/wave-city-sector-6 (91.1% similar) (+18 more)
https://www.settleloans.in/loan-settlement-by-city/dilshad-garden,warning,Duplication,Duplicate Content Detected,5 similar pages: https://www.settleloans.in/loan-settlement-by-city/dilshad-garden-depot (94.5% similar); https://www.settleloans.in/loan-settlement-by-city/dilshad-garden-metro (94.5% similar); https://www.settleloans.in/loan-settlement-by-city/raja-garden (88.3% similar); https://www.settleloans.in/loan-settlement-by-city/rajouri-garden (88.3% similar); https://www.settleloans.in/loan-settlement-by-city/tagore-garden (88.3% similar)
https://www.settleloans.in/loan-settlement-by-city/chandrapur,warning,Duplication,Duplicate Content Detected,682 similar pages: https://www.settleloans.in/loan-settlement-by-city/abupur (86.1% similar); https://www.settleloans.in/loan-settlement-by-city/agartala (86.1% similar); https://www.settleloans.in/loan-settlement-by-city/agra (86.1% similar); https://www.settleloans.in/loan-settlement-by-city/ahmedabad (86.1% similar); https://www.settleloans.in/loan-settlement-by-city/aiims (86.1% similar) (+677 more)
https://www.settleloans.in/loan-settlement-by-city/noida-sector-9,warning,Duplication,Duplicate Content Detected,190 similar pages: https://www.settleloans.in/loan-settlement-by-city/dwarka-sector-9 (89.9% similar); https://www.settleloans.in/loan-settlement-by-city/faridabad-sector-9 (89.9% similar); https://www.settleloans.in/loan-settlement-by-city/govindpuram-sector-9 (89.9% similar); https://www.settleloans.in/loan-settlement-by-city/gurugram-sector-9 (89.9% similar); https://www.settleloans.in/loan-settlement-by-city/noida-sector-1 (89.9% similar) (+185 more)
https://www.settleloans.in/loan-settlement-by-city/lakhimpur,warning,Duplication,Duplicate Content Detected,683 similar pages: https://www.settleloans.in/loan-settlement-by-city/lakhimpur-kheri (93.5% similar); https://www.settleloans.in/loan-settlement-by-city/abupur (86.1% similar); https://www.settleloans.in/loan-settlement-by-city/agartala (86.1% similar); https://www.settleloans.in/loan-settlement-by-city/agra (86.1% similar); https://www.settleloans.in/loan-settlement-by-city/ahmedabad (86.1% similar) (+678 more)
https://www.settleloans.in/loan-settlement-by-city/vasundhara-sector-10,warning,Duplication,Duplicate Content Detected,31 similar pages: https://www.settleloans.in/loan-settlement-by-city/sector-10-vasundhara (100.0% similar); https://www.settleloans.in/loan-settlement-by-city/faridabad-sector-10 (89.9% similar); https://www.settleloans.in/loan-settlement-by-city/gurugram-sector-10 (89.9% similar); https://www.settleloans.in/loan-settlement-by-city/noida-sector-10 (89.9% similar); https://www.settleloans.in/loan-settlement-by-city/sector-1-vasundhara (89.9% similar) (+26 more)
https://www.settleloans.in/loan-settlement-by-city/sahibabad,warning,Duplication,Duplicate Content Detected,682 similar pages: https://www.settleloans.in/loan-settlement-by-city/abupur (86.1% similar); https://www.settleloans.in/loan-settlement-by-city/agartala (86.1% similar); https://www.settleloans.in/loan-settlement-by-city/agra (86.1% similar); https://www.settleloans.in/loan-settlement-by-city/ahmedabad (86.1% similar); https://www.settleloans.in/loan-settlement-by-city/aiims (86.1% similar) (+677 more)
https://www.settleloans.in/loan-settlement-by-city/nandurbar,warning,Duplication,Duplicate Content Detected,682 similar pages: https://www.settleloans.in/loan-settlement-by-city/abupur (86.1% similar); https://www.settleloans.in/loan-settlement-by-city/agartala (86.1% similar); https://www.settleloans.in/loan-settlement-by-city/agra (86.1% similar); https://www.settleloans.in/loan-settlement-by-city/ahmedabad (86.1% similar); https://www.settleloans.in/loan-settlement-by-city/aiims (86.1% similar) (+677 more)
https://www.settleloans.in/loan-settlement-by-city/gurugram-sector-1,warning,Duplication,Duplicate Content Detected,68 similar pages: https://www.settleloans.in/loan-settlement-by-city/faridabad-sector-1 (89.9% similar); https://www.settleloans.in/loan-settlement-by-city/govindpuram-sector-1 (89.9% similar); https://www.settleloans.in/loan-settlement-by-city/gurugram-sector-10 (89.9% similar); https://www.settleloans.in/loan-settlement-by-city/gurugram-sector-10a (89.9% similar); https://www.settleloans.in/loan-settlement-by-city/gurugram-sector-11 (89.9% similar) (+63 more)
https://www.settleloans.in/loan-settlement-by-city/sanjay-nagar-sector-4,warning,Duplication,Duplicate Content Detected,16 similar pages: https://www.settleloans.in/loan-settlement-by-city/raj-nagar-sector-4 (91.1% similar); https://www.settleloans.in/loan-settlement-by-city/sanjay-nagar-sector-1 (91.1% similar); https://www.settleloans.in/loan-settlement-by-city/sanjay-nagar-sector-2 (91.1% similar); https://www.settleloans.in/loan-settlement-by-city/sanjay-nagar-sector-3 (91.1% similar); https://www.settleloans.in/loan-settlement-by-city/sanjay-nagar-sector-5 (91.1% similar) (+11 more)
https://www.settleloans.in/loan-settlement-by-city/gurugram-sector-28,warning,Duplication,Duplicate Content Detected,50 similar pages: https://www.settleloans.in/loan-settlement-by-city/faridabad-sector-28 (89.9% similar); https://www.settleloans.in/loan-settlement-by-city/gurugram-sector-1 (89.9% similar); https://www.settleloans.in/loan-settlement-by-city/gurugram-sector-10 (89.9% similar); https://www.settleloans.in/loan-settlement-by-city/gurugram-sector-10a (89.9% similar); https://www.settleloans.in/loan-settlement-by-city/gurugram-sector-11 (89.9% similar) (+45 more)
https://www.settleloans.in/loan-settlement-by-city/malda,warning,Duplication,Duplicate Content Detected,682 similar pages: https://www.settleloans.in/loan-settlement-by-city/abupur (86.1% similar); https://www.settleloans.in/loan-settlement-by-city/agartala (86.1% similar); https://www.settleloans.in/loan-settlement-by-city/agra (86.1% similar); https://www.settleloans.in/loan-settlement-by-city/ahmedabad (86.1% similar); https://www.settleloans.in/loan-settlement-by-city/aiims (86.1% similar) (+677 more)
https://www.settleloans.in/loan-settlement-by-city/rajiv-chowk,warning,Duplication,Duplicate Content Detected,2 similar pages: https://www.settleloans.in/loan-settlement-by-city/pari-chowk (88.3% similar); https://www.settleloans.in/loan-settlement-by-city/patel-chowk (88.3% similar)
https://www.settleloans.in/loan-settlement-by-city/diu,warning,Duplication,Duplicate Content Detected,682 similar pages: https://www.settleloans.in/loan-settlement-by-city/abupur (86.1% similar); https://www.settleloans.in/loan-settlement-by-city/agartala (86.1% similar); https://www.settleloans.in/loan-settlement-by-city/agra (86.1% similar); https://www.settleloans.in/loan-settlement-by-city/ahmedabad (86.1% similar); https://www.settleloans.in/loan-settlement-by-city/aiims (86.1% similar) (+677 more)
https://www.settleloans.in/loan-settlement-by-city/noida-sector-93b,warning,Duplication,Duplicate Content Detected,183 similar pages: https://www.settleloans.in/loan-settlement-by-city/noida-sector-1 (89.9% similar); https://www.settleloans.in/loan-settlement-by-city/noida-sector-10 (89.9% similar); https://www.settleloans.in/loan-settlement-by-city/noida-sector-100 (89.9% similar); https://www.settleloans.in/loan-settlement-by-city/noida-sector-101 (89.9% similar); https://www.settleloans.in/loan-settlement-by-city/noida-sector-102 (89.9% similar) (+178 more)
https://www.settleloans.in/loan-settlement-by-city/vasundhara-sector-3,warning,Duplication,Duplicate Content Detected,43 similar pages: https://www.settleloans.in/loan-settlement-by-city/sector-3-vasundhara (100.0% similar); https://www.settleloans.in/loan-settlement-by-city/faridabad-sector-3 (89.9% similar); https://www.settleloans.in/loan-settlement-by-city/govindpuram-sector-3 (89.9% similar); https://www.settleloans.in/loan-settlement-by-city/gurugram-sector-3 (89.9% similar); https://www.settleloans.in/loan-settlement-by-city/nehrunagar-sector-3 (89.9% similar) (+38 more)
https://www.settleloans.in/loan-settlement-by-city/ratnagiri,warning,Duplication,Duplicate Content Detected,682 similar pages: https://www.settleloans.in/loan-settlement-by-city/abupur (86.1% similar); https://www.settleloans.in/loan-settlement-by-city/agartala (86.1% similar); https://www.settleloans.in/loan-settlement-by-city/agra (86.1% similar); https://www.settleloans.in/loan-settlement-by-city/ahmedabad (86.1% similar); https://www.settleloans.in/loan-settlement-by-city/aiims (86.1% similar) (+677 more)
https://www.settleloans.in/loan-settlement-by-city/abupur,warning,Duplication,Duplicate Content Detected,682 similar pages: https://www.settleloans.in/loan-settlement-by-city/agartala (86.1% similar); https://www.settleloans.in/loan-settlement-by-city/agra (86.1% similar); https://www.settleloans.in/loan-settlement-by-city/ahmedabad (86.1% similar); https://www.settleloans.in/loan-settlement-by-city/aiims (86.1% similar); https://www.settleloans.in/loan-settlement-by-city/aizawl (86.1% similar) (+677 more)
https://www.settleloans.in/loan-settlement-by-city/mysore,warning,Duplication,Duplicate Content Detected,682 similar pages: https://www.settleloans.in/loan-settlement-by-city/abupur (86.1% similar); https://www.settleloans.in/loan-settlement-by-city/agartala (86.1% similar); https://www.settleloans.in/loan-settlement-by-city/agra (86.1% similar); https://www.settleloans.in/loan-settlement-by-city/ahmedabad (86.1% similar); https://www.settleloans.in/loan-settlement-by-city/aiims (86.1% similar) (+677 more)
https://www.settleloans.in/loan-settlement-by-city/tumakuru,warning,Duplication,Duplicate Content Detected,682 similar pages: https://www.settleloans.in/loan-settlement-by-city/abupur (86.1% similar); https://www.settleloans.in/loan-settlement-by-city/agartala (86.1% similar); https://www.settleloans.in/loan-settlement-by-city/agra (86.1% similar); https://www.settleloans.in/loan-settlement-by-city/ahmedabad (86.1% similar); https://www.settleloans.in/loan-settlement-by-city/aiims (86.1% similar) (+677 more)
https://www.settleloans.in/loan-settlement-by-city/golaghat,warning,Duplication,Duplicate Content Detected,682 similar pages: https://www.settleloans.in/loan-settlement-by-city/abupur (86.1% similar); https://www.settleloans.in/loan-settlement-by-city/agartala (86.1% similar); https://www.settleloans.in/loan-settlement-by-city/agra (86.1% similar); https://www.settleloans.in/loan-settlement-by-city/ahmedabad (86.1% similar); https://www.settleloans.in/loan-settlement-by-city/aiims (86.1% similar) (+677 more)
https://www.settleloans.in/loan-settlement-by-city/sabarkantha,warning,Duplication,Duplicate Content Detected,682 similar pages: https://www.settleloans.in/loan-settlement-by-city/abupur (86.1% similar); https://www.settleloans.in/loan-settlement-by-city/agartala (86.1% similar); https://www.settleloans.in/loan-settlement-by-city/agra (86.1% similar); https://www.settleloans.in/loan-settlement-by-city/ahmedabad (86.1% similar); https://www.settleloans.in/loan-settlement-by-city/aiims (86.1% similar) (+677 more)
https://www.settleloans.in/loan-settlement-by-city/greater-noida-sector-gamma-2,warning,Duplication,Duplicate Content Detected,10 similar pages: https://www.settleloans.in/loan-settlement-by-city/greater-noida-sector-alpha-2 (91.5% similar); https://www.settleloans.in/loan-settlement-by-city/greater-noida-sector-delta-2 (91.5% similar); https://www.settleloans.in/loan-settlement-by-city/greater-noida-sector-gamma-1 (91.5% similar); https://www.settleloans.in/loan-settlement-by-city/greater-noida-sector-omicron-2 (91.5% similar); https://www.settleloans.in/loan-settlement-by-city/greater-noida-sector-sigma-2 (91.5% similar) (+5 more)
https://www.settleloans.in/loan-settlement-by-city/himachal-pradesh,warning,Duplication,Duplicate Content Detected,4 similar pages: https://www.settleloans.in/loan-settlement-by-city/andhra-pradesh (88.3% similar); https://www.settleloans.in/loan-settlement-by-city/arunachal-pradesh (88.3% similar); https://www.settleloans.in/loan-settlement-by-city/madhya-pradesh (88.3% similar); https://www.settleloans.in/loan-settlement-by-city/uttar-pradesh (88.3% similar)
https://www.settleloans.in/loan-settlement-by-city/kokrajhar,warning,Duplication,Duplicate Content Detected,682 similar pages: https://www.settleloans.in/loan-settlement-by-city/abupur (86.1% similar); https://www.settleloans.in/loan-settlement-by-city/agartala (86.1% similar); https://www.settleloans.in/loan-settlement-by-city/agra (86.1% similar); https://www.settleloans.in/loan-settlement-by-city/ahmedabad (86.1% similar); https://www.settleloans.in/loan-settlement-by-city/aiims (86.1% similar) (+677 more)
https://www.settleloans.in/loan-settlement-by-city/jalore,warning,Duplication,Duplicate Content Detected,682 similar pages: https://www.settleloans.in/loan-settlement-by-city/abupur (86.1% similar); https://www.settleloans.in/loan-settlement-by-city/agartala (86.1% similar); https://www.settleloans.in/loan-settlement-by-city/agra (86.1% similar); https://www.settleloans.in/loan-settlement-by-city/ahmedabad (86.1% similar); https://www.settleloans.in/loan-settlement-by-city/aiims (86.1% similar) (+677 more)
https://www.settleloans.in/loan-settlement-by-city/niti-khand-2,warning,Duplication,Duplicate Content Detected,9 similar pages: https://www.settleloans.in/loan-settlement-by-city/abhay-khand-2 (89.9% similar); https://www.settleloans.in/loan-settlement-by-city/gyan-khand-2 (89.9% similar); https://www.settleloans.in/loan-settlement-by-city/niti-khand-1 (89.9% similar); https://www.settleloans.in/loan-settlement-by-city/niti-khand-3 (89.9% similar); https://www.settleloans.in/loan-settlement-by-city/niti-khand-4 (89.9% similar) (+4 more)
https://www.settleloans.in/loan-settlement-by-city/sant-kabir-nagar,warning,Duplication,Duplicate Content Detected,2 similar pages: https://www.settleloans.in/loan-settlement-by-city/sant-nagar (94.5% similar); https://www.settleloans.in/loan-settlement-by-city/sant-ravidas-nagar (89.9% similar)
https://www.settleloans.in/loan-settlement-by-city/sundar-nagar,warning,Duplication,Duplicate Content Detected,29 similar pages: https://www.settleloans.in/loan-settlement-by-city/adarsh-nagar (88.3% similar); https://www.settleloans.in/loan-settlement-by-city/ashok-nagar (88.3% similar); https://www.settleloans.in/loan-settlement-by-city/bharat-nagar (88.3% similar); https://www.settleloans.in/loan-settlement-by-city/chander-nagar (88.3% similar); https://www.settleloans.in/loan-settlement-by-city/gtb-nagar (88.3% similar) (+24 more)
https://www.settleloans.in/loan-settlement-by-city/rajkot,warning,Duplication,Duplicate Content Detected,682 similar pages: https://www.settleloans.in/loan-settlement-by-city/abupur (86.1% similar); https://www.settleloans.in/loan-settlement-by-city/agartala (86.1% similar); https://www.settleloans.in/loan-settlement-by-city/agra (86.1% similar); https://www.settleloans.in/loan-settlement-by-city/ahmedabad (86.1% similar); https://www.settleloans.in/loan-settlement-by-city/aiims (86.1% similar) (+677 more)
https://www.settleloans.in/loan-settlement-by-city/shamli,warning,Duplication,Duplicate Content Detected,682 similar pages: https://www.settleloans.in/loan-settlement-by-city/abupur (86.1% similar); https://www.settleloans.in/loan-settlement-by-city/agartala (86.1% similar); https://www.settleloans.in/loan-settlement-by-city/agra (86.1% similar); https://www.settleloans.in/loan-settlement-by-city/ahmedabad (86.1% similar); https://www.settleloans.in/loan-settlement-by-city/aiims (86.1% similar) (+677 more)
https://www.settleloans.in/loan-settlement-by-city/noida-sector-107,warning,Duplication,Duplicate Content Detected,183 similar pages: https://www.settleloans.in/loan-settlement-by-city/noida-sector-1 (89.9% similar); https://www.settleloans.in/loan-settlement-by-city/noida-sector-10 (89.9% similar); https://www.settleloans.in/loan-settlement-by-city/noida-sector-100 (89.9% similar); https://www.settleloans.in/loan-settlement-by-city/noida-sector-101 (89.9% similar); https://www.settleloans.in/loan-settlement-by-city/noida-sector-102 (89.9% similar) (+178 more)
https://www.settleloans.in/loan-settlement-by-city/dibang-valley,warning,Duplication,Duplicate Content Detected,1 similar page: https://www.settleloans.in/loan-settlement-by-city/lower-dibang-valley (94.5% similar)
https://www.settleloans.in/loan-settlement-by-city/patel-chowk,warning,Duplication,Duplicate Content Detected,3 similar pages: https://www.settleloans.in/loan-settlement-by-city/pari-chowk (88.3% similar); https://www.settleloans.in/loan-settlement-by-city/patel-nagar (88.3% similar); https://www.settleloans.in/loan-settlement-by-city/rajiv-chowk (88.3% similar)
https://www.settleloans.in/loan-settlement-by-city/techzone-2,warning,Duplication,Duplicate Content Detected,4 similar pages: https://www.settleloans.in/loan-settlement-by-city/ecotech-2 (88.3% similar); https://www.settleloans.in/loan-settlement-by-city/techzone-1 (88.3% similar); https://www.settleloans.in/loan-settlement-by-city/techzone-iv (88.3% similar); https://www.settleloans.in/loan-settlement-by-city/techzone-v (88.3% similar)
https://www.settleloans.in/loan-settlement-by-city/greater-noida-sector-alpha-2,warning,Duplication,Duplicate Content Detected,10 similar pages: https://www.settleloans.in/loan-settlement-by-city/greater-noida-sector-alpha-1 (91.5% similar); https://www.settleloans.in/loan-settlement-by-city/greater-noida-sector-delta-2 (91.5% similar); https://www.settleloans.in/loan-settlement-by-city/greater-noida-sector-gamma-2 (91.5% similar); https://www.settleloans.in/loan-settlement-by-city/greater-noida-sector-omicron-2 (91.5% similar); https://www.settleloans.in/loan-settlement-by-city/greater-noida-sector-sigma-2 (91.5% similar) (+5 more)
https://www.settleloans.in/loan-settlement-by-city/cachar,warning,Duplication,Duplicate Content Detected,682 similar pages: https://www.settleloans.in/loan-settlement-by-city/abupur (86.1% similar); https://www.settleloans.in/loan-settlement-by-city/agartala (86.1% similar); https://www.settleloans.in/loan-settlement-by-city/agra (86.1% similar); https://www.settleloans.in/loan-settlement-by-city/ahmedabad (86.1% similar); https://www.settleloans.in/loan-settlement-by-city/aiims (86.1% similar) (+677 more)
https://www.settleloans.in/loan-settlement-by-city/dhenkanal,warning,Duplication,Duplicate Content Detected,682 similar pages: https://www.settleloans.in/loan-settlement-by-city/abupur (86.1% similar); https://www.settleloans.in/loan-settlement-by-city/agartala (86.1% similar); https://www.settleloans.in/loan-settlement-by-city/agra (86.1% similar); https://www.settleloans.in/loan-settlement-by-city/ahmedabad (86.1% similar); https://www.settleloans.in/loan-settlement-by-city/aiims (86.1% similar) (+677 more)
https://www.settleloans.in/loan-settlement-by-city/katni,warning,Duplication,Duplicate Content Detected,682 similar pages: https://www.settleloans.in/loan-settlement-by-city/abupur (86.1% similar); https://www.settleloans.in/loan-settlement-by-city/agartala (86.1% similar); https://www.settleloans.in/loan-settlement-by-city/agra (86.1% similar); https://www.settleloans.in/loan-settlement-by-city/ahmedabad (86.1% similar); https://www.settleloans.in/loan-settlement-by-city/aiims (86.1% similar) (+677 more)
https://www.settleloans.in/loan-settlement-by-city/gaur-city-2,warning,Duplication,Duplicate Content Detected,2 similar pages: https://www.settleloans.in/loan-settlement-by-city/gaur-city-1 (89.9% similar); https://www.settleloans.in/loan-settlement-by-city/wave-city-sector-2 (85.7% similar)
https://www.settleloans.in/loan-settlement-by-city/shalimar-garden-ext-1,warning,Duplication,Duplicate Content Detected,1 similar page: https://www.settleloans.in/loan-settlement-by-city/shalimar-garden-ext-2 (91.1% similar)
https://www.settleloans.in/loan-settlement-by-city/faridabad-bus-stand,warning,Duplication,Duplicate Content Detected,5 similar pages: https://www.settleloans.in/loan-settlement-by-city/ghaziabad-bus-stand (89.9% similar); https://www.settleloans.in/loan-settlement-by-city/najafgarh-bus-stand (89.9% similar); https://www.settleloans.in/loan-settlement-by-city/faridabad (88.1% similar); https://www.settleloans.in/loan-settlement-by-city/ghaziabad-old-bus-stand (85.7% similar); https://www.settleloans.in/loan-settlement-by-city/vasant-kunj-bus-stand (85.7% similar)
https://www.settleloans.in/loan-settlement-by-city/vivek-vihar,warning,Duplication,Duplicate Content Detected,16 similar pages: https://www.settleloans.in/loan-settlement-by-city/ashok-vihar (88.3% similar); https://www.settleloans.in/loan-settlement-by-city/brij-vihar (88.3% similar); https://www.settleloans.in/loan-settlement-by-city/jasola-vihar (88.3% similar); https://www.settleloans.in/loan-settlement-by-city/naraina-vihar (88.3% similar); https://www.settleloans.in/loan-settlement-by-city/narayana-vihar (88.3% similar) (+11 more)
https://www.settleloans.in/loan-settlement-by-city/gopalganj,warning,Duplication,Duplicate Content Detected,682 similar pages: https://www.settleloans.in/loan-settlement-by-city/abupur (86.1% similar); https://www.settleloans.in/loan-settlement-by-city/agartala (86.1% similar); https://www.settleloans.in/loan-settlement-by-city/agra (86.1% similar); https://www.settleloans.in/loan-settlement-by-city/ahmedabad (86.1% similar); https://www.settleloans.in/loan-settlement-by-city/aiims (86.1% similar) (+677 more)
https://www.settleloans.in/loan-settlement-by-city/south-goa,warning,Duplication,Duplicate Content Detected,5 similar pages: https://www.settleloans.in/loan-settlement-by-city/goa (93.5% similar); https://www.settleloans.in/loan-settlement-by-city/north-goa (88.3% similar); https://www.settleloans.in/loan-settlement-by-city/south-delhi (88.3% similar); https://www.settleloans.in/loan-settlement-by-city/south-extension (88.3% similar); https://www.settleloans.in/loan-settlement-by-city/south-tripura (88.3% similar)
https://www.settleloans.in/loan-settlement-by-city/subarnapur,warning,Duplication,Duplicate Content Detected,682 similar pages: https://www.settleloans.in/loan-settlement-by-city/abupur (86.1% similar); https://www.settleloans.in/loan-settlement-by-city/agartala (86.1% similar); https://www.settleloans.in/loan-settlement-by-city/agra (86.1% similar); https://www.settleloans.in/loan-settlement-by-city/ahmedabad (86.1% similar); https://www.settleloans.in/loan-settlement-by-city/aiims (86.1% similar) (+677 more)
https://www.settleloans.in/loan-settlement-by-city/gurugram-sector-23,warning,Duplication,Duplicate Content Detected,50 similar pages: https://www.settleloans.in/loan-settlement-by-city/faridabad-sector-23 (89.9% similar); https://www.settleloans.in/loan-settlement-by-city/gurugram-sector-1 (89.9% similar); https://www.settleloans.in/loan-settlement-by-city/gurugram-sector-10 (89.9% similar); https://www.settleloans.in/loan-settlement-by-city/gurugram-sector-10a (89.9% similar); https://www.settleloans.in/loan-settlement-by-city/gurugram-sector-11 (89.9% similar) (+45 more)
https://www.settleloans.in/loan-settlement-by-city/gurugram-sector-21,warning,Duplication,Duplicate Content Detected,51 similar pages: https://www.settleloans.in/loan-settlement-by-city/dwarka-sector-21 (89.9% similar); https://www.settleloans.in/loan-settlement-by-city/faridabad-sector-21 (89.9% similar); https://www.settleloans.in/loan-settlement-by-city/gurugram-sector-1 (89.9% similar); https://www.settleloans.in/loan-settlement-by-city/gurugram-sector-10 (89.9% similar); https://www.settleloans.in/loan-settlement-by-city/gurugram-sector-10a (89.9% similar) (+46 more)
https://www.settleloans.in/loan-settlement-by-city/bengaluru-urban,warning,Duplication,Duplicate Content Detected,3 similar pages: https://www.settleloans.in/loan-settlement-by-city/bangalore-urban (88.3% similar); https://www.settleloans.in/loan-settlement-by-city/bengaluru-rural (88.3% similar); https://www.settleloans.in/loan-settlement-by-city/warangal-urban (88.3% similar)
https://www.settleloans.in/loan-settlement-by-city/kulgam,warning,Duplication,Duplicate Content Detected,682 similar pages: https://www.settleloans.in/loan-settlement-by-city/abupur (86.1% similar); https://www.settleloans.in/loan-settlement-by-city/agartala (86.1% similar); https://www.settleloans.in/loan-settlement-by-city/agra (86.1% similar); https://www.settleloans.in/loan-settlement-by-city/ahmedabad (86.1% similar); https://www.settleloans.in/loan-settlement-by-city/aiims (86.1% similar) (+677 more)
https://www.settleloans.in/loan-settlement-by-city/virudhunagar,warning,Duplication,Duplicate Content Detected,682 similar pages: https://www.settleloans.in/loan-settlement-by-city/abupur (86.1% similar); https://www.settleloans.in/loan-settlement-by-city/agartala (86.1% similar); https://www.settleloans.in/loan-settlement-by-city/agra (86.1% similar); https://www.settleloans.in/loan-settlement-by-city/ahmedabad (86.1% similar); https://www.settleloans.in/loan-settlement-by-city/aiims (86.1% similar) (+677 more)
https://www.settleloans.in/loan-settlement-by-city/pithoragarh,warning,Duplication,Duplicate Content Detected,682 similar pages: https://www.settleloans.in/loan-settlement-by-city/abupur (86.1% similar); https://www.settleloans.in/loan-settlement-by-city/agartala (86.1% similar); https://www.settleloans.in/loan-settlement-by-city/agra (86.1% similar); https://www.settleloans.in/loan-settlement-by-city/ahmedabad (86.1% similar); https://www.settleloans.in/loan-settlement-by-city/aiims (86.1% similar) (+677 more)
https://www.settleloans.in/loan-settlement-by-city/anand-vihar-depot,warning,Duplication,Duplicate Content Detected,2 similar pages: https://www.settleloans.in/loan-settlement-by-city/anand-vihar-isbt (89.9% similar); https://www.settleloans.in/loan-settlement-by-city/yamuna-vihar-depot (89.9% similar)
https://www.settleloans.in/loan-settlement-by-city/badarpur-border,warning,Duplication,Duplicate Content Detected,5 similar pages: https://www.settleloans.in/loan-settlement-by-city/badarpur (93.5% similar); https://www.settleloans.in/loan-settlement-by-city/badarpur-metro (88.3% similar); https://www.settleloans.in/loan-settlement-by-city/kapasheda-border (88.3% similar); https://www.settleloans.in/loan-settlement-by-city/loni-border (88.3% similar); https://www.settleloans.in/loan-settlement-by-city/tikri-border (88.3% similar)
https://www.settleloans.in/loan-settlement-by-city/balangir,warning,Duplication,Duplicate Content Detected,682 similar pages: https://www.settleloans.in/loan-settlement-by-city/abupur (86.1% similar); https://www.settleloans.in/loan-settlement-by-city/agartala (86.1% similar); https://www.settleloans.in/loan-settlement-by-city/agra (86.1% similar); https://www.settleloans.in/loan-settlement-by-city/ahmedabad (86.1% similar); https://www.settleloans.in/loan-settlement-by-city/aiims (86.1% similar) (+677 more)
https://www.settleloans.in/loan-settlement-by-city/mohan-nagar,warning,Duplication,Duplicate Content Detected,32 similar pages: https://www.settleloans.in/loan-settlement-by-city/mohan-nagar-chowk (94.5% similar); https://www.settleloans.in/loan-settlement-by-city/mohan-nagar-industrial-area (89.7% similar); https://www.settleloans.in/loan-settlement-by-city/adarsh-nagar (88.3% similar); https://www.settleloans.in/loan-settlement-by-city/ashok-nagar (88.3% similar); https://www.settleloans.in/loan-settlement-by-city/bharat-nagar (88.3% similar) (+27 more)
https://www.settleloans.in/loan-settlement-by-city/albany,warning,Duplication,Duplicate Content Detected,682 similar pages: https://www.settleloans.in/loan-settlement-by-city/abupur (86.1% similar); https://www.settleloans.in/loan-settlement-by-city/agartala (86.1% similar); https://www.settleloans.in/loan-settlement-by-city/agra (86.1% similar); https://www.settleloans.in/loan-settlement-by-city/ahmedabad (86.1% similar); https://www.settleloans.in/loan-settlement-by-city/aiims (86.1% similar) (+677 more)
https://www.settleloans.in/loan-settlement-by-city/rajgarh,warning,Duplication,Duplicate Content Detected,682 similar pages: https://www.settleloans.in/loan-settlement-by-city/abupur (86.1% similar); https://www.settleloans.in/loan-settlement-by-city/agartala (86.1% similar); https://www.settleloans.in/loan-settlement-by-city/agra (86.1% similar); https://www.settleloans.in/loan-settlement-by-city/ahmedabad (86.1% similar); https://www.settleloans.in/loan-settlement-by-city/aiims (86.1% similar) (+677 more)
https://www.settleloans.in/loan-settlement-by-city/siddharth-vihar,warning,Duplication,Duplicate Content Detected,20 similar pages: https://www.settleloans.in/loan-settlement-by-city/siddharth-vihar-sector-1 (89.7% similar); https://www.settleloans.in/loan-settlement-by-city/siddharth-vihar-sector-2 (89.7% similar); https://www.settleloans.in/loan-settlement-by-city/siddharth-vihar-sector-3 (89.7% similar); https://www.settleloans.in/loan-settlement-by-city/siddharth-vihar-sector-4 (89.7% similar); https://www.settleloans.in/loan-settlement-by-city/ashok-vihar (88.3% similar) (+15 more)
https://www.settleloans.in/loan-settlement-by-city/sector-chi-4,warning,Duplication,Duplicate Content Detected,17 similar pages: https://www.settleloans.in/loan-settlement-by-city/faridabad-sector-4 (89.9% similar); https://www.settleloans.in/loan-settlement-by-city/govindpuram-sector-4 (89.9% similar); https://www.settleloans.in/loan-settlement-by-city/gurugram-sector-4 (89.9% similar); https://www.settleloans.in/loan-settlement-by-city/noida-sector-4 (89.9% similar); https://www.settleloans.in/loan-settlement-by-city/sector-4-vasundhara (89.9% similar) (+12 more)
https://www.settleloans.in/loan-settlement-by-city/jalgaon,warning,Duplication,Duplicate Content Detected,682 similar pages: https://www.settleloans.in/loan-settlement-by-city/abupur (86.1% similar); https://www.settleloans.in/loan-settlement-by-city/agartala (86.1% similar); https://www.settleloans.in/loan-settlement-by-city/agra (86.1% similar); https://www.settleloans.in/loan-settlement-by-city/ahmedabad (86.1% similar); https://www.settleloans.in/loan-settlement-by-city/aiims (86.1% similar) (+677 more)
https://www.settleloans.in/loan-settlement-by-city/nalanda,warning,Duplication,Duplicate Content Detected,682 similar pages: https://www.settleloans.in/loan-settlement-by-city/abupur (86.1% similar); https://www.settleloans.in/loan-settlement-by-city/agartala (86.1% similar); https://www.settleloans.in/loan-settlement-by-city/agra (86.1% similar); https://www.settleloans.in/loan-settlement-by-city/ahmedabad (86.1% similar); https://www.settleloans.in/loan-settlement-by-city/aiims (86.1% similar) (+677 more)
https://www.settleloans.in/loan-settlement-by-city/kishanganj,warning,Duplication,Duplicate Content Detected,682 similar pages: https://www.settleloans.in/loan-settlement-by-city/abupur (86.1% similar); https://www.settleloans.in/loan-settlement-by-city/agartala (86.1% similar); https://www.settleloans.in/loan-settlement-by-city/agra (86.1% similar); https://www.settleloans.in/loan-settlement-by-city/ahmedabad (86.1% similar); https://www.settleloans.in/loan-settlement-by-city/aiims (86.1% similar) (+677 more)
https://www.settleloans.in/loan-settlement-by-city/assam,warning,Duplication,Duplicate Content Detected,682 similar pages: https://www.settleloans.in/loan-settlement-by-city/abupur (86.1% similar); https://www.settleloans.in/loan-settlement-by-city/agartala (86.1% similar); https://www.settleloans.in/loan-settlement-by-city/agra (86.1% similar); https://www.settleloans.in/loan-settlement-by-city/ahmedabad (86.1% similar); https://www.settleloans.in/loan-settlement-by-city/aiims (86.1% similar) (+677 more)
https://www.settleloans.in/loan-settlement-by-city/kondagaon,warning,Duplication,Duplicate Content Detected,682 similar pages: https://www.settleloans.in/loan-settlement-by-city/abupur (86.1% similar); https://www.settleloans.in/loan-settlement-by-city/agartala (86.1% similar); https://www.settleloans.in/loan-settlement-by-city/agra (86.1% similar); https://www.settleloans.in/loan-settlement-by-city/ahmedabad (86.1% similar); https://www.settleloans.in/loan-settlement-by-city/aiims (86.1% similar) (+677 more)
https://www.settleloans.in/loan-settlement-by-city/purnia,warning,Duplication,Duplicate Content Detected,682 similar pages: https://www.settleloans.in/loan-settlement-by-city/abupur (86.1% similar); https://www.settleloans.in/loan-settlement-by-city/agartala (86.1% similar); https://www.settleloans.in/loan-settlement-by-city/agra (86.1% similar); https://www.settleloans.in/loan-settlement-by-city/ahmedabad (86.1% similar); https://www.settleloans.in/loan-settlement-by-city/aiims (86.1% similar) (+677 more)
https://www.settleloans.in/loan-settlement-by-city/badarpur-metro,warning,Duplication,Duplicate Content Detected,17 similar pages: https://www.settleloans.in/loan-settlement-by-city/badarpur (93.5% similar); https://www.settleloans.in/loan-settlement-by-city/aiims-metro (88.3% similar); https://www.settleloans.in/loan-settlement-by-city/badarpur-border (88.3% similar); https://www.settleloans.in/loan-settlement-by-city/ghevra-metro (88.3% similar); https://www.settleloans.in/loan-settlement-by-city/ito-metro (88.3% similar) (+12 more)
https://www.settleloans.in/loan-settlement-by-city/noida-sector-151,warning,Duplication,Duplicate Content Detected,183 similar pages: https://www.settleloans.in/loan-settlement-by-city/noida-sector-1 (89.9% similar); https://www.settleloans.in/loan-settlement-by-city/noida-sector-10 (89.9% similar); https://www.settleloans.in/loan-settlement-by-city/noida-sector-100 (89.9% similar); https://www.settleloans.in/loan-settlement-by-city/noida-sector-101 (89.9% similar); https://www.settleloans.in/loan-settlement-by-city/noida-sector-102 (89.9% similar) (+178 more)
https://www.settleloans.in/loan-settlement-by-city/rudraprayag,warning,Duplication,Duplicate Content Detected,682 similar pages: https://www.settleloans.in/loan-settlement-by-city/abupur (86.1% similar); https://www.settleloans.in/loan-settlement-by-city/agartala (86.1% similar); https://www.settleloans.in/loan-settlement-by-city/agra (86.1% similar); https://www.settleloans.in/loan-settlement-by-city/ahmedabad (86.1% similar); https://www.settleloans.in/loan-settlement-by-city/aiims (86.1% similar) (+677 more)
https://www.settleloans.in/loan-settlement-by-city/unnao,warning,Duplication,Duplicate Content Detected,682 similar pages: https://www.settleloans.in/loan-settlement-by-city/abupur (86.1% similar); https://www.settleloans.in/loan-settlement-by-city/agartala (86.1% similar); https://www.settleloans.in/loan-settlement-by-city/agra (86.1% similar); https://www.settleloans.in/loan-settlement-by-city/ahmedabad (86.1% similar); https://www.settleloans.in/loan-settlement-by-city/aiims (86.1% similar) (+677 more)
https://www.settleloans.in/loan-settlement-by-city/sector-chi-1,warning,Duplication,Duplicate Content Detected,23 similar pages: https://www.settleloans.in/loan-settlement-by-city/faridabad-sector-1 (89.9% similar); https://www.settleloans.in/loan-settlement-by-city/govindpuram-sector-1 (89.9% similar); https://www.settleloans.in/loan-settlement-by-city/gurugram-sector-1 (89.9% similar); https://www.settleloans.in/loan-settlement-by-city/nehrunagar-sector-1 (89.9% similar); https://www.settleloans.in/loan-settlement-by-city/noida-sector-1 (89.9% similar) (+18 more)
https://www.settleloans.in/loan-settlement-by-city/barnala,warning,Duplication,Duplicate Content Detected,682 similar pages: https://www.settleloans.in/loan-settlement-by-city/abupur (86.1% similar); https://www.settleloans.in/loan-settlement-by-city/agartala (86.1% similar); https://www.settleloans.in/loan-settlement-by-city/agra (86.1% similar); https://www.settleloans.in/loan-settlement-by-city/ahmedabad (86.1% similar); https://www.settleloans.in/loan-settlement-by-city/aiims (86.1% similar) (+677 more)
https://www.settleloans.in/loan-settlement-by-city/balkh,warning,Duplication,Duplicate Content Detected,682 similar pages: https://www.settleloans.in/loan-settlement-by-city/abupur (86.1% similar); https://www.settleloans.in/loan-settlement-by-city/agartala (86.1% similar); https://www.settleloans.in/loan-settlement-by-city/agra (86.1% similar); https://www.settleloans.in/loan-settlement-by-city/ahmedabad (86.1% similar); https://www.settleloans.in/loan-settlement-by-city/aiims (86.1% similar) (+677 more)
https://www.settleloans.in/loan-settlement-by-city/prakasam,warning,Duplication,Duplicate Content Detected,682 similar pages: https://www.settleloans.in/loan-settlement-by-city/abupur (86.1% similar); https://www.settleloans.in/loan-settlement-by-city/agartala (86.1% similar); https://www.settleloans.in/loan-settlement-by-city/agra (86.1% similar); https://www.settleloans.in/loan-settlement-by-city/ahmedabad (86.1% similar); https://www.settleloans.in/loan-settlement-by-city/aiims (86.1% similar) (+677 more)
https://www.settleloans.in/loan-settlement-by-city/kanshiram-nagar,warning,Duplication,Duplicate Content Detected,29 similar pages: https://www.settleloans.in/loan-settlement-by-city/adarsh-nagar (88.3% similar); https://www.settleloans.in/loan-settlement-by-city/ashok-nagar (88.3% similar); https://www.settleloans.in/loan-settlement-by-city/bharat-nagar (88.3% similar); https://www.settleloans.in/loan-settlement-by-city/chander-nagar (88.3% similar); https://www.settleloans.in/loan-settlement-by-city/gtb-nagar (88.3% similar) (+24 more)
https://www.settleloans.in/loan-settlement-by-city/faridabad-sector-21b,warning,Duplication,Duplicate Content Detected,40 similar pages: https://www.settleloans.in/loan-settlement-by-city/faridabad-sector-1 (89.9% similar); https://www.settleloans.in/loan-settlement-by-city/faridabad-sector-10 (89.9% similar); https://www.settleloans.in/loan-settlement-by-city/faridabad-sector-11 (89.9% similar); https://www.settleloans.in/loan-settlement-by-city/faridabad-sector-12 (89.9% similar); https://www.settleloans.in/loan-settlement-by-city/faridabad-sector-13 (89.9% similar) (+35 more)
https://www.settleloans.in/loan-settlement-by-city/faridabad-sector-32,warning,Duplication,Duplicate Content Detected,42 similar pages: https://www.settleloans.in/loan-settlement-by-city/faridabad-sector-1 (89.9% similar); https://www.settleloans.in/loan-settlement-by-city/faridabad-sector-10 (89.9% similar); https://www.settleloans.in/loan-settlement-by-city/faridabad-sector-11 (89.9% similar); https://www.settleloans.in/loan-settlement-by-city/faridabad-sector-12 (89.9% similar); https://www.settleloans.in/loan-settlement-by-city/faridabad-sector-13 (89.9% similar) (+37 more)
https://www.settleloans.in/loan-settlement-by-city/sonipat,warning,Duplication,Duplicate Content Detected,682 similar pages: https://www.settleloans.in/loan-settlement-by-city/abupur (86.1% similar); https://www.settleloans.in/loan-settlement-by-city/agartala (86.1% similar); https://www.settleloans.in/loan-settlement-by-city/agra (86.1% similar); https://www.settleloans.in/loan-settlement-by-city/ahmedabad (86.1% similar); https://www.settleloans.in/loan-settlement-by-city/aiims (86.1% similar) (+677 more)
https://www.settleloans.in/loan-settlement-by-city/gurugram-sector-18,warning,Duplication,Duplicate Content Detected,53 similar pages: https://www.settleloans.in/loan-settlement-by-city/faridabad-sector-18 (89.9% similar); https://www.settleloans.in/loan-settlement-by-city/gurugram-sector-1 (89.9% similar); https://www.settleloans.in/loan-settlement-by-city/gurugram-sector-10 (89.9% similar); https://www.settleloans.in/loan-settlement-by-city/gurugram-sector-10a (89.9% similar); https://www.settleloans.in/loan-settlement-by-city/gurugram-sector-11 (89.9% similar) (+48 more)
https://www.settleloans.in/loan-settlement-by-city/muzaffarpur,warning,Duplication,Duplicate Content Detected,682 similar pages: https://www.settleloans.in/loan-settlement-by-city/abupur (86.1% similar); https://www.settleloans.in/loan-settlement-by-city/agartala (86.1% similar); https://www.settleloans.in/loan-settlement-by-city/agra (86.1% similar); https://www.settleloans.in/loan-settlement-by-city/ahmedabad (86.1% similar); https://www.settleloans.in/loan-settlement-by-city/aiims (86.1% similar) (+677 more)
https://www.settleloans.in/loan-settlement-by-city/guwahati,warning,Duplication,Duplicate Content Detected,682 similar pages: https://www.settleloans.in/loan-settlement-by-city/abupur (86.1% similar); https://www.settleloans.in/loan-settlement-by-city/agartala (86.1% similar); https://www.settleloans.in/loan-settlement-by-city/agra (86.1% similar); https://www.settleloans.in/loan-settlement-by-city/ahmedabad (86.1% similar); https://www.settleloans.in/loan-settlement-by-city/aiims (86.1% similar) (+677 more)
https://www.settleloans.in/loan-settlement-by-city/noida-sector-102,warning,Duplication,Duplicate Content Detected,183 similar pages: https://www.settleloans.in/loan-settlement-by-city/noida-sector-1 (89.9% similar); https://www.settleloans.in/loan-settlement-by-city/noida-sector-10 (89.9% similar); https://www.settleloans.in/loan-settlement-by-city/noida-sector-100 (89.9% similar); https://www.settleloans.in/loan-settlement-by-city/noida-sector-101 (89.9% similar); https://www.settleloans.in/loan-settlement-by-city/noida-sector-103 (89.9% similar) (+178 more)
https://www.settleloans.in/loan-settlement-by-city/mewat,warning,Duplication,Duplicate Content Detected,682 similar pages: https://www.settleloans.in/loan-settlement-by-city/abupur (86.1% similar); https://www.settleloans.in/loan-settlement-by-city/agartala (86.1% similar); https://www.settleloans.in/loan-settlement-by-city/agra (86.1% similar); https://www.settleloans.in/loan-settlement-by-city/ahmedabad (86.1% similar); https://www.settleloans.in/loan-settlement-by-city/aiims (86.1% similar) (+677 more)
https://www.settleloans.in/loan-settlement-by-city/noida-sector-138,warning,Duplication,Duplicate Content Detected,183 similar pages: https://www.settleloans.in/loan-settlement-by-city/noida-sector-1 (89.9% similar); https://www.settleloans.in/loan-settlement-by-city/noida-sector-10 (89.9% similar); https://www.settleloans.in/loan-settlement-by-city/noida-sector-100 (89.9% similar); https://www.settleloans.in/loan-settlement-by-city/noida-sector-101 (89.9% similar); https://www.settleloans.in/loan-settlement-by-city/noida-sector-102 (89.9% similar) (+178 more)
https://www.settleloans.in/loan-settlement-by-city/visakhapatnam,warning,Duplication,Duplicate Content Detected,682 similar pages: https://www.settleloans.in/loan-settlement-by-city/abupur (86.1% similar); https://www.settleloans.in/loan-settlement-by-city/agartala (86.1% similar); https://www.settleloans.in/loan-settlement-by-city/agra (86.1% similar); https://www.settleloans.in/loan-settlement-by-city/ahmedabad (86.1% similar); https://www.settleloans.in/loan-settlement-by-city/aiims (86.1% similar) (+677 more)
https://www.settleloans.in/loan-settlement-by-city/noida-sector-16,warning,Duplication,Duplicate Content Detected,185 similar pages: https://www.settleloans.in/loan-settlement-by-city/noida-extension-sector-16 (95.2% similar); https://www.settleloans.in/loan-settlement-by-city/faridabad-sector-16 (89.9% similar); https://www.settleloans.in/loan-settlement-by-city/gurugram-sector-16 (89.9% similar); https://www.settleloans.in/loan-settlement-by-city/noida-sector-1 (89.9% similar); https://www.settleloans.in/loan-settlement-by-city/noida-sector-10 (89.9% similar) (+180 more)
https://www.settleloans.in/loan-settlement-by-city/panchmahal,warning,Duplication,Duplicate Content Detected,682 similar pages: https://www.settleloans.in/loan-settlement-by-city/abupur (86.1% similar); https://www.settleloans.in/loan-settlement-by-city/agartala (86.1% similar); https://www.settleloans.in/loan-settlement-by-city/agra (86.1% similar); https://www.settleloans.in/loan-settlement-by-city/ahmedabad (86.1% similar); https://www.settleloans.in/loan-settlement-by-city/aiims (86.1% similar) (+677 more)
https://www.settleloans.in/loan-settlement-by-city/gurugram-sector-36,warning,Duplication,Duplicate Content Detected,50 similar pages: https://www.settleloans.in/loan-settlement-by-city/faridabad-sector-36 (89.9% similar); https://www.settleloans.in/loan-settlement-by-city/gurugram-sector-1 (89.9% similar); https://www.settleloans.in/loan-settlement-by-city/gurugram-sector-10 (89.9% similar); https://www.settleloans.in/loan-settlement-by-city/gurugram-sector-10a (89.9% similar); https://www.settleloans.in/loan-settlement-by-city/gurugram-sector-11 (89.9% similar) (+45 more)
https://www.settleloans.in/loan-settlement-by-city/noida-sector-22,warning,Duplication,Duplicate Content Detected,186 similar pages: https://www.settleloans.in/loan-settlement-by-city/faridabad-sector-22 (89.9% similar); https://www.settleloans.in/loan-settlement-by-city/gurugram-sector-22 (89.9% similar); https://www.settleloans.in/loan-settlement-by-city/noida-sector-1 (89.9% similar); https://www.settleloans.in/loan-settlement-by-city/noida-sector-10 (89.9% similar); https://www.settleloans.in/loan-settlement-by-city/noida-sector-100 (89.9% similar) (+181 more)
https://www.settleloans.in/loan-settlement-by-city/sector-63-indirapuram,warning,Duplication,Duplicate Content Detected,4 similar pages: https://www.settleloans.in/loan-settlement-by-city/noida-sector-63 (89.9% similar); https://www.settleloans.in/loan-settlement-by-city/sector-62-indirapuram (89.9% similar); https://www.settleloans.in/loan-settlement-by-city/sector-64-indirapuram (89.9% similar); https://www.settleloans.in/loan-settlement-by-city/indirapuram (88.1% similar)
https://www.settleloans.in/loan-settlement-by-city/ladakh,warning,Duplication,Duplicate Content Detected,682 similar pages: https://www.settleloans.in/loan-settlement-by-city/abupur (86.1% similar); https://www.settleloans.in/loan-settlement-by-city/agartala (86.1% similar); https://www.settleloans.in/loan-settlement-by-city/agra (86.1% similar); https://www.settleloans.in/loan-settlement-by-city/ahmedabad (86.1% similar); https://www.settleloans.in/loan-settlement-by-city/aiims (86.1% similar) (+677 more)
https://www.settleloans.in/loan-settlement-by-city/ramanathapuram,warning,Duplication,Duplicate Content Detected,682 similar pages: https://www.settleloans.in/loan-settlement-by-city/abupur (86.1% similar); https://www.settleloans.in/loan-settlement-by-city/agartala (86.1% similar); https://www.settleloans.in/loan-settlement-by-city/agra (86.1% similar); https://www.settleloans.in/loan-settlement-by-city/ahmedabad (86.1% similar); https://www.settleloans.in/loan-settlement-by-city/aiims (86.1% similar) (+677 more)
https://www.settleloans.in/loan-settlement-by-city/ukhrul,warning,Duplication,Duplicate Content Detected,682 similar pages: https://www.settleloans.in/loan-settlement-by-city/abupur (86.1% similar); https://www.settleloans.in/loan-settlement-by-city/agartala (86.1% similar); https://www.settleloans.in/loan-settlement-by-city/agra (86.1% similar); https://www.settleloans.in/loan-settlement-by-city/ahmedabad (86.1% similar); https://www.settleloans.in/loan-settlement-by-city/aiims (86.1% similar) (+677 more)
https://www.settleloans.in/loan-settlement-by-city/korba,warning,Duplication,Duplicate Content Detected,682 similar pages: https://www.settleloans.in/loan-settlement-by-city/abupur (86.1% similar); https://www.settleloans.in/loan-settlement-by-city/agartala (86.1% similar); https://www.settleloans.in/loan-settlement-by-city/agra (86.1% similar); https://www.settleloans.in/loan-settlement-by-city/ahmedabad (86.1% similar); https://www.settleloans.in/loan-settlement-by-city/aiims (86.1% similar) (+677 more)
https://www.settleloans.in/loan-settlement-by-city/zunheboto,warning,Duplication,Duplicate Content Detected,682 similar pages: https://www.settleloans.in/loan-settlement-by-city/abupur (86.1% similar); https://www.settleloans.in/loan-settlement-by-city/agartala (86.1% similar); https://www.settleloans.in/loan-settlement-by-city/agra (86.1% similar); https://www.settleloans.in/loan-settlement-by-city/ahmedabad (86.1% similar); https://www.settleloans.in/loan-settlement-by-city/aiims (86.1% similar) (+677 more)
https://www.settleloans.in/loan-settlement-by-city/gurugram-sector-13,warning,Duplication,Duplicate Content Detected,53 similar pages: https://www.settleloans.in/loan-settlement-by-city/faridabad-sector-13 (89.9% similar); https://www.settleloans.in/loan-settlement-by-city/gurugram-sector-1 (89.9% similar); https://www.settleloans.in/loan-settlement-by-city/gurugram-sector-10 (89.9% similar); https://www.settleloans.in/loan-settlement-by-city/gurugram-sector-10a (89.9% similar); https://www.settleloans.in/loan-settlement-by-city/gurugram-sector-11 (89.9% similar) (+48 more)
https://www.settleloans.in/loan-settlement-by-city/west-jaintia-hills,warning,Duplication,Duplicate Content Detected,4 similar pages: https://www.settleloans.in/loan-settlement-by-city/jaintia-hills (94.5% similar); https://www.settleloans.in/loan-settlement-by-city/east-jaintia-hills (89.9% similar); https://www.settleloans.in/loan-settlement-by-city/west-garo-hills (89.9% similar); https://www.settleloans.in/loan-settlement-by-city/west-khasi-hills (89.9% similar)
https://www.settleloans.in/loan-settlement-by-city/east-kameng,warning,Duplication,Duplicate Content Detected,7 similar pages: https://www.settleloans.in/loan-settlement-by-city/east-champaran (88.3% similar); https://www.settleloans.in/loan-settlement-by-city/east-godavari (88.3% similar); https://www.settleloans.in/loan-settlement-by-city/east-siang (88.3% similar); https://www.settleloans.in/loan-settlement-by-city/east-singhbhum (88.3% similar); https://www.settleloans.in/loan-settlement-by-city/imphal-east (88.3% similar) (+2 more)
https://www.settleloans.in/loan-settlement-by-city/rohini-east,warning,Duplication,Duplicate Content Detected,7 similar pages: https://www.settleloans.in/loan-settlement-by-city/east-champaran (88.3% similar); https://www.settleloans.in/loan-settlement-by-city/east-godavari (88.3% similar); https://www.settleloans.in/loan-settlement-by-city/east-kameng (88.3% similar); https://www.settleloans.in/loan-settlement-by-city/east-siang (88.3% similar); https://www.settleloans.in/loan-settlement-by-city/east-singhbhum (88.3% similar) (+2 more)
https://www.settleloans.in/loan-settlement-by-city/noida-sector-113,warning,Duplication,Duplicate Content Detected,183 similar pages: https://www.settleloans.in/loan-settlement-by-city/noida-sector-1 (89.9% similar); https://www.settleloans.in/loan-settlement-by-city/noida-sector-10 (89.9% similar); https://www.settleloans.in/loan-settlement-by-city/noida-sector-100 (89.9% similar); https://www.settleloans.in/loan-settlement-by-city/noida-sector-101 (89.9% similar); https://www.settleloans.in/loan-settlement-by-city/noida-sector-102 (89.9% similar) (+178 more)
https://www.settleloans.in/loan-settlement-by-city/faridabad-sector-5,warning,Duplication,Duplicate Content Detected,50 similar pages: https://www.settleloans.in/loan-settlement-by-city/faridabad-sector-1 (89.9% similar); https://www.settleloans.in/loan-settlement-by-city/faridabad-sector-10 (89.9% similar); https://www.settleloans.in/loan-settlement-by-city/faridabad-sector-11 (89.9% similar); https://www.settleloans.in/loan-settlement-by-city/faridabad-sector-12 (89.9% similar); https://www.settleloans.in/loan-settlement-by-city/faridabad-sector-13 (89.9% similar) (+45 more)
https://www.settleloans.in/loan-settlement-by-city/nayagarh,warning,Duplication,Duplicate Content Detected,682 similar pages: https://www.settleloans.in/loan-settlement-by-city/abupur (86.1% similar); https://www.settleloans.in/loan-settlement-by-city/agartala (86.1% similar); https://www.settleloans.in/loan-settlement-by-city/agra (86.1% similar); https://www.settleloans.in/loan-settlement-by-city/ahmedabad (86.1% similar); https://www.settleloans.in/loan-settlement-by-city/aiims (86.1% similar) (+677 more)
https://www.settleloans.in/loan-settlement-by-city/bhadohi,warning,Duplication,Duplicate Content Detected,682 similar pages: https://www.settleloans.in/loan-settlement-by-city/abupur (86.1% similar); https://www.settleloans.in/loan-settlement-by-city/agartala (86.1% similar); https://www.settleloans.in/loan-settlement-by-city/agra (86.1% similar); https://www.settleloans.in/loan-settlement-by-city/ahmedabad (86.1% similar); https://www.settleloans.in/loan-settlement-by-city/aiims (86.1% similar) (+677 more)
https://www.settleloans.in/loan-settlement-by-city/muradabad,warning,Duplication,Duplicate Content Detected,682 similar pages: https://www.settleloans.in/loan-settlement-by-city/abupur (86.1% similar); https://www.settleloans.in/loan-settlement-by-city/agartala (86.1% similar); https://www.settleloans.in/loan-settlement-by-city/agra (86.1% similar); https://www.settleloans.in/loan-settlement-by-city/ahmedabad (86.1% similar); https://www.settleloans.in/loan-settlement-by-city/aiims (86.1% similar) (+677 more)
https://www.settleloans.in/loan-settlement-by-city/banswara,warning,Duplication,Duplicate Content Detected,682 similar pages: https://www.settleloans.in/loan-settlement-by-city/abupur (86.1% similar); https://www.settleloans.in/loan-settlement-by-city/agartala (86.1% similar); https://www.settleloans.in/loan-settlement-by-city/agra (86.1% similar); https://www.settleloans.in/loan-settlement-by-city/ahmedabad (86.1% similar); https://www.settleloans.in/loan-settlement-by-city/aiims (86.1% similar) (+677 more)
https://www.settleloans.in/loan-settlement-by-city/rajsamand,warning,Duplication,Duplicate Content Detected,682 similar pages: https://www.settleloans.in/loan-settlement-by-city/abupur (86.1% similar); https://www.settleloans.in/loan-settlement-by-city/agartala (86.1% similar); https://www.settleloans.in/loan-settlement-by-city/agra (86.1% similar); https://www.settleloans.in/loan-settlement-by-city/ahmedabad (86.1% similar); https://www.settleloans.in/loan-settlement-by-city/aiims (86.1% similar) (+677 more)
https://www.settleloans.in/loan-settlement-by-city/chennai,warning,Duplication,Duplicate Content Detected,682 similar pages: https://www.settleloans.in/loan-settlement-by-city/abupur (86.1% similar); https://www.settleloans.in/loan-settlement-by-city/agartala (86.1% similar); https://www.settleloans.in/loan-settlement-by-city/agra (86.1% similar); https://www.settleloans.in/loan-settlement-by-city/ahmedabad (86.1% similar); https://www.settleloans.in/loan-settlement-by-city/aiims (86.1% similar) (+677 more)
https://www.settleloans.in/loan-settlement-by-city/noida-sector-40,warning,Duplication,Duplicate Content Detected,184 similar pages: https://www.settleloans.in/loan-settlement-by-city/gurugram-sector-40 (89.9% similar); https://www.settleloans.in/loan-settlement-by-city/noida-sector-1 (89.9% similar); https://www.settleloans.in/loan-settlement-by-city/noida-sector-10 (89.9% similar); https://www.settleloans.in/loan-settlement-by-city/noida-sector-100 (89.9% similar); https://www.settleloans.in/loan-settlement-by-city/noida-sector-101 (89.9% similar) (+179 more)
https://www.settleloans.in/loan-settlement-by-city/rajasthan,warning,Duplication,Duplicate Content Detected,682 similar pages: https://www.settleloans.in/loan-settlement-by-city/abupur (86.1% similar); https://www.settleloans.in/loan-settlement-by-city/agartala (86.1% similar); https://www.settleloans.in/loan-settlement-by-city/agra (86.1% similar); https://www.settleloans.in/loan-settlement-by-city/ahmedabad (86.1% similar); https://www.settleloans.in/loan-settlement-by-city/aiims (86.1% similar) (+677 more)
https://www.settleloans.in/loan-settlement-by-city/jagatsinghpur,warning,Duplication,Duplicate Content Detected,682 similar pages: https://www.settleloans.in/loan-settlement-by-city/abupur (86.1% similar); https://www.settleloans.in/loan-settlement-by-city/agartala (86.1% similar); https://www.settleloans.in/loan-settlement-by-city/agra (86.1% similar); https://www.settleloans.in/loan-settlement-by-city/ahmedabad (86.1% similar); https://www.settleloans.in/loan-settlement-by-city/aiims (86.1% similar) (+677 more)
https://www.settleloans.in/loan-settlement-by-city/dilshad-garden-metro,warning,Duplication,Duplicate Content Detected,3 similar pages: https://www.settleloans.in/loan-settlement-by-city/dilshad-garden (94.5% similar); https://www.settleloans.in/loan-settlement-by-city/botanical-garden-metro (89.9% similar); https://www.settleloans.in/loan-settlement-by-city/dilshad-garden-depot (89.9% similar)
https://www.settleloans.in/loan-settlement-by-city/uttar-pradesh,warning,Duplication,Duplicate Content Detected,5 similar pages: https://www.settleloans.in/loan-settlement-by-city/andhra-pradesh (88.3% similar); https://www.settleloans.in/loan-settlement-by-city/arunachal-pradesh (88.3% similar); https://www.settleloans.in/loan-settlement-by-city/himachal-pradesh (88.3% similar); https://www.settleloans.in/loan-settlement-by-city/madhya-pradesh (88.3% similar); https://www.settleloans.in/loan-settlement-by-city/uttar-dinajpur (88.3% similar)
https://www.settleloans.in/loan-settlement-by-city/noida-sector-78,warning,Duplication,Duplicate Content Detected,183 similar pages: https://www.settleloans.in/loan-settlement-by-city/noida-sector-1 (89.9% similar); https://www.settleloans.in/loan-settlement-by-city/noida-sector-10 (89.9% similar); https://www.settleloans.in/loan-settlement-by-city/noida-sector-100 (89.9% similar); https://www.settleloans.in/loan-settlement-by-city/noida-sector-101 (89.9% similar); https://www.settleloans.in/loan-settlement-by-city/noida-sector-102 (89.9% similar) (+178 more)
https://www.settleloans.in/loan-settlement-by-city/dakshin-dinajpur,warning,Duplication,Duplicate Content Detected,1 similar page: https://www.settleloans.in/loan-settlement-by-city/uttar-dinajpur (88.3% similar)
https://www.settleloans.in/loan-settlement-by-city/faridabad-sector-8,warning,Duplication,Duplicate Content Detected,47 similar pages: https://www.settleloans.in/loan-settlement-by-city/faridabad-sector-1 (89.9% similar); https://www.settleloans.in/loan-settlement-by-city/faridabad-sector-10 (89.9% similar); https://www.settleloans.in/loan-settlement-by-city/faridabad-sector-11 (89.9% similar); https://www.settleloans.in/loan-settlement-by-city/faridabad-sector-12 (89.9% similar); https://www.settleloans.in/loan-settlement-by-city/faridabad-sector-13 (89.9% similar) (+42 more)
https://www.settleloans.in/loan-settlement-by-city/yamuna-expressway-sector-22,warning,Duplication,Duplicate Content Detected,9 similar pages: https://www.settleloans.in/loan-settlement-by-city/yamuna-expressway-sector-18 (91.1% similar); https://www.settleloans.in/loan-settlement-by-city/yamuna-expressway-sector-20 (91.1% similar); https://www.settleloans.in/loan-settlement-by-city/yamuna-expressway-sector-24 (91.1% similar); https://www.settleloans.in/loan-settlement-by-city/yamuna-expressway-sector-25 (91.1% similar); https://www.settleloans.in/loan-settlement-by-city/yamuna-expressway-sector-26 (91.1% similar) (+4 more)
https://www.settleloans.in/loan-settlement-by-city/bhandara,warning,Duplication,Duplicate Content Detected,682 similar pages: https://www.settleloans.in/loan-settlement-by-city/abupur (86.1% similar); https://www.settleloans.in/loan-settlement-by-city/agartala (86.1% similar); https://www.settleloans.in/loan-settlement-by-city/agra (86.1% similar); https://www.settleloans.in/loan-settlement-by-city/ahmedabad (86.1% similar); https://www.settleloans.in/loan-settlement-by-city/aiims (86.1% similar) (+677 more)
https://www.settleloans.in/loan-settlement-by-city/palwal-haryana,warning,Duplication,Duplicate Content Detected,2 similar pages: https://www.settleloans.in/loan-settlement-by-city/haryana (93.5% similar); https://www.settleloans.in/loan-settlement-by-city/palwal (93.5% similar)
https://www.settleloans.in/loan-settlement-by-city/dewas,warning,Duplication,Duplicate Content Detected,682 similar pages: https://www.settleloans.in/loan-settlement-by-city/abupur (86.1% similar); https://www.settleloans.in/loan-settlement-by-city/agartala (86.1% similar); https://www.settleloans.in/loan-settlement-by-city/agra (86.1% similar); https://www.settleloans.in/loan-settlement-by-city/ahmedabad (86.1% similar); https://www.settleloans.in/loan-settlement-by-city/aiims (86.1% similar) (+677 more)
https://www.settleloans.in/loan-settlement-by-city/noida-sector-127,warning,Duplication,Duplicate Content Detected,183 similar pages: https://www.settleloans.in/loan-settlement-by-city/noida-sector-1 (89.9% similar); https://www.settleloans.in/loan-settlement-by-city/noida-sector-10 (89.9% similar); https://www.settleloans.in/loan-settlement-by-city/noida-sector-100 (89.9% similar); https://www.settleloans.in/loan-settlement-by-city/noida-sector-101 (89.9% similar); https://www.settleloans.in/loan-settlement-by-city/noida-sector-102 (89.9% similar) (+178 more)
https://www.settleloans.in/loan-settlement-by-city/sector-3-vasundhara,warning,Duplication,Duplicate Content Detected,43 similar pages: https://www.settleloans.in/loan-settlement-by-city/vasundhara-sector-3 (100.0% similar); https://www.settleloans.in/loan-settlement-by-city/faridabad-sector-3 (89.9% similar); https://www.settleloans.in/loan-settlement-by-city/govindpuram-sector-3 (89.9% similar); https://www.settleloans.in/loan-settlement-by-city/gurugram-sector-3 (89.9% similar); https://www.settleloans.in/loan-settlement-by-city/nehrunagar-sector-3 (89.9% similar) (+38 more)
https://www.settleloans.in/loan-settlement-by-city/kavi-nagar-sector-14,warning,Duplication,Duplicate Content Detected,10 similar pages: https://www.settleloans.in/loan-settlement-by-city/kavi-nagar-sector-10 (91.1% similar); https://www.settleloans.in/loan-settlement-by-city/kavi-nagar-sector-11 (91.1% similar); https://www.settleloans.in/loan-settlement-by-city/kavi-nagar-sector-12 (91.1% similar); https://www.settleloans.in/loan-settlement-by-city/kavi-nagar-sector-13 (91.1% similar); https://www.settleloans.in/loan-settlement-by-city/kavi-nagar (89.7% similar) (+5 more)
https://www.settleloans.in/loan-settlement-by-city/dimapur,warning,Duplication,Duplicate Content Detected,682 similar pages: https://www.settleloans.in/loan-settlement-by-city/abupur (86.1% similar); https://www.settleloans.in/loan-settlement-by-city/agartala (86.1% similar); https://www.settleloans.in/loan-settlement-by-city/agra (86.1% similar); https://www.settleloans.in/loan-settlement-by-city/ahmedabad (86.1% similar); https://www.settleloans.in/loan-settlement-by-city/aiims (86.1% similar) (+677 more)
https://www.settleloans.in/loan-settlement-by-city/gaur-city-1,warning,Duplication,Duplicate Content Detected,2 similar pages: https://www.settleloans.in/loan-settlement-by-city/gaur-city-2 (89.9% similar); https://www.settleloans.in/loan-settlement-by-city/wave-city-sector-1 (85.7% similar)
https://www.settleloans.in/loan-settlement-by-city/noida-sector-68,warning,Duplication,Duplicate Content Detected,183 similar pages: https://www.settleloans.in/loan-settlement-by-city/noida-sector-1 (89.9% similar); https://www.settleloans.in/loan-settlement-by-city/noida-sector-10 (89.9% similar); https://www.settleloans.in/loan-settlement-by-city/noida-sector-100 (89.9% similar); https://www.settleloans.in/loan-settlement-by-city/noida-sector-101 (89.9% similar); https://www.settleloans.in/loan-settlement-by-city/noida-sector-102 (89.9% similar) (+178 more)
https://www.settleloans.in/loan-settlement-by-city/gonda,warning,Duplication,Duplicate Content Detected,682 similar pages: https://www.settleloans.in/loan-settlement-by-city/abupur (86.1% similar); https://www.settleloans.in/loan-settlement-by-city/agartala (86.1% similar); https://www.settleloans.in/loan-settlement-by-city/agra (86.1% similar); https://www.settleloans.in/loan-settlement-by-city/ahmedabad (86.1% similar); https://www.settleloans.in/loan-settlement-by-city/aiims (86.1% similar) (+677 more)
https://www.settleloans.in/loan-settlement-by-city/noida-sector-66,warning,Duplication,Duplicate Content Detected,183 similar pages: https://www.settleloans.in/loan-settlement-by-city/noida-sector-1 (89.9% similar); https://www.settleloans.in/loan-settlement-by-city/noida-sector-10 (89.9% similar); https://www.settleloans.in/loan-settlement-by-city/noida-sector-100 (89.9% similar); https://www.settleloans.in/loan-settlement-by-city/noida-sector-101 (89.9% similar); https://www.settleloans.in/loan-settlement-by-city/noida-sector-102 (89.9% similar) (+178 more)
https://www.settleloans.in/loan-settlement-by-city/mungeli,warning,Duplication,Duplicate Content Detected,682 similar pages: https://www.settleloans.in/loan-settlement-by-city/abupur (86.1% similar); https://www.settleloans.in/loan-settlement-by-city/agartala (86.1% similar); https://www.settleloans.in/loan-settlement-by-city/agra (86.1% similar); https://www.settleloans.in/loan-settlement-by-city/ahmedabad (86.1% similar); https://www.settleloans.in/loan-settlement-by-city/aiims (86.1% similar) (+677 more)
https://www.settleloans.in/loan-settlement-by-city/mayurbhanj,warning,Duplication,Duplicate Content Detected,682 similar pages: https://www.settleloans.in/loan-settlement-by-city/abupur (86.1% similar); https://www.settleloans.in/loan-settlement-by-city/agartala (86.1% similar); https://www.settleloans.in/loan-settlement-by-city/agra (86.1% similar); https://www.settleloans.in/loan-settlement-by-city/ahmedabad (86.1% similar); https://www.settleloans.in/loan-settlement-by-city/aiims (86.1% similar) (+677 more)
https://www.settleloans.in/loan-settlement-by-city/noida-sector-79,warning,Duplication,Duplicate Content Detected,183 similar pages: https://www.settleloans.in/loan-settlement-by-city/noida-sector-1 (89.9% similar); https://www.settleloans.in/loan-settlement-by-city/noida-sector-10 (89.9% similar); https://www.settleloans.in/loan-settlement-by-city/noida-sector-100 (89.9% similar); https://www.settleloans.in/loan-settlement-by-city/noida-sector-101 (89.9% similar); https://www.settleloans.in/loan-settlement-by-city/noida-sector-102 (89.9% similar) (+178 more)
https://www.settleloans.in/loan-settlement-by-city/bundi,warning,Duplication,Duplicate Content Detected,682 similar pages: https://www.settleloans.in/loan-settlement-by-city/abupur (86.1% similar); https://www.settleloans.in/loan-settlement-by-city/agartala (86.1% similar); https://www.settleloans.in/loan-settlement-by-city/agra (86.1% similar); https://www.settleloans.in/loan-settlement-by-city/ahmedabad (86.1% similar); https://www.settleloans.in/loan-settlement-by-city/aiims (86.1% similar) (+677 more)
https://www.settleloans.in/loan-settlement-by-city/supaul,warning,Duplication,Duplicate Content Detected,682 similar pages: https://www.settleloans.in/loan-settlement-by-city/abupur (86.1% similar); https://www.settleloans.in/loan-settlement-by-city/agartala (86.1% similar); https://www.settleloans.in/loan-settlement-by-city/agra (86.1% similar); https://www.settleloans.in/loan-settlement-by-city/ahmedabad (86.1% similar); https://www.settleloans.in/loan-settlement-by-city/aiims (86.1% similar) (+677 more)
https://www.settleloans.in/loan-settlement-by-city/bharuch,warning,Duplication,Duplicate Content Detected,682 similar pages: https://www.settleloans.in/loan-settlement-by-city/abupur (86.1% similar); https://www.settleloans.in/loan-settlement-by-city/agartala (86.1% similar); https://www.settleloans.in/loan-settlement-by-city/agra (86.1% similar); https://www.settleloans.in/loan-settlement-by-city/ahmedabad (86.1% similar); https://www.settleloans.in/loan-settlement-by-city/aiims (86.1% similar) (+677 more)
https://www.settleloans.in/loan-settlement-by-city/south-delhi,warning,Duplication,Duplicate Content Detected,12 similar pages: https://www.settleloans.in/loan-settlement-by-city/south-east-delhi (94.5% similar); https://www.settleloans.in/loan-settlement-by-city/south-west-delhi (94.5% similar); https://www.settleloans.in/loan-settlement-by-city/delhi (93.5% similar); https://www.settleloans.in/loan-settlement-by-city/central-delhi (88.3% similar); https://www.settleloans.in/loan-settlement-by-city/chirag-delhi (88.3% similar) (+7 more)
https://www.settleloans.in/loan-settlement-by-city/tughlakabad-metro,warning,Duplication,Duplicate Content Detected,15 similar pages: https://www.settleloans.in/loan-settlement-by-city/aiims-metro (88.3% similar); https://www.settleloans.in/loan-settlement-by-city/badarpur-metro (88.3% similar); https://www.settleloans.in/loan-settlement-by-city/ghevra-metro (88.3% similar); https://www.settleloans.in/loan-settlement-by-city/ito-metro (88.3% similar); https://www.settleloans.in/loan-settlement-by-city/kalyanpuri-metro (88.3% similar) (+10 more)
https://www.settleloans.in/loan-settlement-by-city/noida-sector-84,warning,Duplication,Duplicate Content Detected,183 similar pages: https://www.settleloans.in/loan-settlement-by-city/noida-sector-1 (89.9% similar); https://www.settleloans.in/loan-settlement-by-city/noida-sector-10 (89.9% similar); https://www.settleloans.in/loan-settlement-by-city/noida-sector-100 (89.9% similar); https://www.settleloans.in/loan-settlement-by-city/noida-sector-101 (89.9% similar); https://www.settleloans.in/loan-settlement-by-city/noida-sector-102 (89.9% similar) (+178 more)
https://www.settleloans.in/loan-settlement-by-city/damoh,warning,Duplication,Duplicate Content Detected,682 similar pages: https://www.settleloans.in/loan-settlement-by-city/abupur (86.1% similar); https://www.settleloans.in/loan-settlement-by-city/agartala (86.1% similar); https://www.settleloans.in/loan-settlement-by-city/agra (86.1% similar); https://www.settleloans.in/loan-settlement-by-city/ahmedabad (86.1% similar); https://www.settleloans.in/loan-settlement-by-city/aiims (86.1% similar) (+677 more)
https://www.settleloans.in/loan-settlement-by-city/nagapattinam,warning,Duplication,Duplicate Content Detected,682 similar pages: https://www.settleloans.in/loan-settlement-by-city/abupur (86.1% similar); https://www.settleloans.in/loan-settlement-by-city/agartala (86.1% similar); https://www.settleloans.in/loan-settlement-by-city/agra (86.1% similar); https://www.settleloans.in/loan-settlement-by-city/ahmedabad (86.1% similar); https://www.settleloans.in/loan-settlement-by-city/aiims (86.1% similar) (+677 more)
https://www.settleloans.in/loan-settlement-by-city/raja-garden,warning,Duplication,Duplicate Content Detected,3 similar pages: https://www.settleloans.in/loan-settlement-by-city/dilshad-garden (88.3% similar); https://www.settleloans.in/loan-settlement-by-city/rajouri-garden (88.3% similar); https://www.settleloans.in/loan-settlement-by-city/tagore-garden (88.3% similar)
https://www.settleloans.in/loan-settlement-by-city/indirapuram-vaibhav-khand,warning,Duplication,Duplicate Content Detected,12 similar pages: https://www.settleloans.in/loan-settlement-by-city/vaibhav-khand (94.5% similar); https://www.settleloans.in/loan-settlement-by-city/indirapuram (88.1% similar); https://www.settleloans.in/loan-settlement-by-city/indirapuram-abhay-khand-1 (85.7% similar); https://www.settleloans.in/loan-settlement-by-city/indirapuram-abhay-khand-2 (85.7% similar); https://www.settleloans.in/loan-settlement-by-city/indirapuram-abhay-khand-3 (85.7% similar) (+7 more)
https://www.settleloans.in/loan-settlement-by-city/noida-extension-sector-17,warning,Duplication,Duplicate Content Detected,184 similar pages: https://www.settleloans.in/loan-settlement-by-city/noida-sector-17 (95.2% similar); https://www.settleloans.in/loan-settlement-by-city/noida-extension-sector-1 (91.1% similar); https://www.settleloans.in/loan-settlement-by-city/noida-extension-sector-10 (91.1% similar); https://www.settleloans.in/loan-settlement-by-city/noida-extension-sector-12 (91.1% similar); https://www.settleloans.in/loan-settlement-by-city/noida-extension-sector-16 (91.1% similar) (+179 more)
https://www.settleloans.in/loan-settlement-by-city/haryana,warning,Duplication,Duplicate Content Detected,683 similar pages: https://www.settleloans.in/loan-settlement-by-city/palwal-haryana (93.5% similar); https://www.settleloans.in/loan-settlement-by-city/abupur (86.1% similar); https://www.settleloans.in/loan-settlement-by-city/agartala (86.1% similar); https://www.settleloans.in/loan-settlement-by-city/agra (86.1% similar); https://www.settleloans.in/loan-settlement-by-city/ahmedabad (86.1% similar) (+678 more)
https://www.settleloans.in/loan-settlement-by-city/ballia,warning,Duplication,Duplicate Content Detected,682 similar pages: https://www.settleloans.in/loan-settlement-by-city/abupur (86.1% similar); https://www.settleloans.in/loan-settlement-by-city/agartala (86.1% similar); https://www.settleloans.in/loan-settlement-by-city/agra (86.1% similar); https://www.settleloans.in/loan-settlement-by-city/ahmedabad (86.1% similar); https://www.settleloans.in/loan-settlement-by-city/aiims (86.1% similar) (+677 more)
https://www.settleloans.in/loan-settlement-by-city/nyay-khand-1,warning,Duplication,Duplicate Content Detected,10 similar pages: https://www.settleloans.in/loan-settlement-by-city/indirapuram-nyay-khand-1 (95.2% similar); https://www.settleloans.in/loan-settlement-by-city/abhay-khand-1 (89.9% similar); https://www.settleloans.in/loan-settlement-by-city/gyan-khand-1 (89.9% similar); https://www.settleloans.in/loan-settlement-by-city/niti-khand-1 (89.9% similar); https://www.settleloans.in/loan-settlement-by-city/nyay-khand-2 (89.9% similar) (+5 more)
https://www.settleloans.in/loan-settlement-by-city/noida-sector-61,warning,Duplication,Duplicate Content Detected,183 similar pages: https://www.settleloans.in/loan-settlement-by-city/noida-sector-1 (89.9% similar); https://www.settleloans.in/loan-settlement-by-city/noida-sector-10 (89.9% similar); https://www.settleloans.in/loan-settlement-by-city/noida-sector-100 (89.9% similar); https://www.settleloans.in/loan-settlement-by-city/noida-sector-101 (89.9% similar); https://www.settleloans.in/loan-settlement-by-city/noida-sector-102 (89.9% similar) (+178 more)
https://www.settleloans.in/loan-settlement-by-city/rohini-west,warning,Duplication,Duplicate Content Detected,10 similar pages: https://www.settleloans.in/loan-settlement-by-city/imphal-west (88.3% similar); https://www.settleloans.in/loan-settlement-by-city/rohini-east (88.3% similar); https://www.settleloans.in/loan-settlement-by-city/west-bengal (88.3% similar); https://www.settleloans.in/loan-settlement-by-city/west-champaran (88.3% similar); https://www.settleloans.in/loan-settlement-by-city/west-delhi (88.3% similar) (+5 more)
https://www.settleloans.in/loan-settlement-by-city/jaintia-hills,warning,Duplication,Duplicate Content Detected,2 similar pages: https://www.settleloans.in/loan-settlement-by-city/east-jaintia-hills (94.5% similar); https://www.settleloans.in/loan-settlement-by-city/west-jaintia-hills (94.5% similar)
https://www.settleloans.in/loan-settlement-by-city/noida-sector-132,warning,Duplication,Duplicate Content Detected,183 similar pages: https://www.settleloans.in/loan-settlement-by-city/noida-sector-1 (89.9% similar); https://www.settleloans.in/loan-settlement-by-city/noida-sector-10 (89.9% similar); https://www.settleloans.in/loan-settlement-by-city/noida-sector-100 (89.9% similar); https://www.settleloans.in/loan-settlement-by-city/noida-sector-101 (89.9% similar); https://www.settleloans.in/loan-settlement-by-city/noida-sector-102 (89.9% similar) (+178 more)
https://www.settleloans.in/loan-settlement-by-city/faridabad-sector-9,warning,Duplication,Duplicate Content Detected,47 similar pages: https://www.settleloans.in/loan-settlement-by-city/dwarka-sector-9 (89.9% similar); https://www.settleloans.in/loan-settlement-by-city/faridabad-sector-1 (89.9% similar); https://www.settleloans.in/loan-settlement-by-city/faridabad-sector-10 (89.9% similar); https://www.settleloans.in/loan-settlement-by-city/faridabad-sector-11 (89.9% similar); https://www.settleloans.in/loan-settlement-by-city/faridabad-sector-12 (89.9% similar) (+42 more)
https://www.settleloans.in/loan-settlement-by-city/ghazipur,warning,Duplication,Duplicate Content Detected,682 similar pages: https://www.settleloans.in/loan-settlement-by-city/abupur (86.1% similar); https://www.settleloans.in/loan-settlement-by-city/agartala (86.1% similar); https://www.settleloans.in/loan-settlement-by-city/agra (86.1% similar); https://www.settleloans.in/loan-settlement-by-city/ahmedabad (86.1% similar); https://www.settleloans.in/loan-settlement-by-city/aiims (86.1% similar) (+677 more)
https://www.settleloans.in/loan-settlement-by-city/sector-omicron-2a,warning,Duplication,Duplicate Content Detected,3 similar pages: https://www.settleloans.in/loan-settlement-by-city/sector-omicron-1a (89.9% similar); https://www.settleloans.in/loan-settlement-by-city/sector-omicron-3a (89.9% similar); https://www.settleloans.in/loan-settlement-by-city/sector-omicron-4 (89.9% similar)
https://www.settleloans.in/loan-settlement-by-city/mangolpuri,warning,Duplication,Duplicate Content Detected,682 similar pages: https://www.settleloans.in/loan-settlement-by-city/abupur (86.1% similar); https://www.settleloans.in/loan-settlement-by-city/agartala (86.1% similar); https://www.settleloans.in/loan-settlement-by-city/agra (86.1% similar); https://www.settleloans.in/loan-settlement-by-city/ahmedabad (86.1% similar); https://www.settleloans.in/loan-settlement-by-city/aiims (86.1% similar) (+677 more)
https://www.settleloans.in/loan-settlement-by-city/west-singhbhum,warning,Duplication,Duplicate Content Detected,10 similar pages: https://www.settleloans.in/loan-settlement-by-city/east-singhbhum (88.3% similar); https://www.settleloans.in/loan-settlement-by-city/imphal-west (88.3% similar); https://www.settleloans.in/loan-settlement-by-city/rohini-west (88.3% similar); https://www.settleloans.in/loan-settlement-by-city/west-bengal (88.3% similar); https://www.settleloans.in/loan-settlement-by-city/west-champaran (88.3% similar) (+5 more)
https://www.settleloans.in/loan-settlement-by-city/lakhisarai,warning,Duplication,Duplicate Content Detected,682 similar pages: https://www.settleloans.in/loan-settlement-by-city/abupur (86.1% similar); https://www.settleloans.in/loan-settlement-by-city/agartala (86.1% similar); https://www.settleloans.in/loan-settlement-by-city/agra (86.1% similar); https://www.settleloans.in/loan-settlement-by-city/ahmedabad (86.1% similar); https://www.settleloans.in/loan-settlement-by-city/aiims (86.1% similar) (+677 more)
https://www.settleloans.in/loan-settlement-by-city/noida-sector-154,warning,Duplication,Duplicate Content Detected,183 similar pages: https://www.settleloans.in/loan-settlement-by-city/noida-sector-1 (89.9% similar); https://www.settleloans.in/loan-settlement-by-city/noida-sector-10 (89.9% similar); https://www.settleloans.in/loan-settlement-by-city/noida-sector-100 (89.9% similar); https://www.settleloans.in/loan-settlement-by-city/noida-sector-101 (89.9% similar); https://www.settleloans.in/loan-settlement-by-city/noida-sector-102 (89.9% similar) (+178 more)
https://www.settleloans.in/loan-settlement-by-city/jhabua,warning,Duplication,Duplicate Content Detected,682 similar pages: https://www.settleloans.in/loan-settlement-by-city/abupur (86.1% similar); https://www.settleloans.in/loan-settlement-by-city/agartala (86.1% similar); https://www.settleloans.in/loan-settlement-by-city/agra (86.1% similar); https://www.settleloans.in/loan-settlement-by-city/ahmedabad (86.1% similar); https://www.settleloans.in/loan-settlement-by-city/aiims (86.1% similar) (+677 more)
https://www.settleloans.in/loan-settlement-by-city/vaishali-bus-depot,warning,Duplication,Duplicate Content Detected,4 similar pages: https://www.settleloans.in/loan-settlement-by-city/dwarka-bus-depot (89.9% similar); https://www.settleloans.in/loan-settlement-by-city/mehrauli-bus-depot (89.9% similar); https://www.settleloans.in/loan-settlement-by-city/vaishali (88.1% similar); https://www.settleloans.in/loan-settlement-by-city/laxmi-nagar-bus-depot (85.7% similar)
https://www.settleloans.in/loan-settlement-by-city/jamui,warning,Duplication,Duplicate Content Detected,682 similar pages: https://www.settleloans.in/loan-settlement-by-city/abupur (86.1% similar); https://www.settleloans.in/loan-settlement-by-city/agartala (86.1% similar); https://www.settleloans.in/loan-settlement-by-city/agra (86.1% similar); https://www.settleloans.in/loan-settlement-by-city/ahmedabad (86.1% similar); https://www.settleloans.in/loan-settlement-by-city/aiims (86.1% similar) (+677 more)
https://www.settleloans.in/loan-settlement-by-city/gurugram-sector-42,warning,Duplication,Duplicate Content Detected,49 similar pages: https://www.settleloans.in/loan-settlement-by-city/gurugram-sector-1 (89.9% similar); https://www.settleloans.in/loan-settlement-by-city/gurugram-sector-10 (89.9% similar); https://www.settleloans.in/loan-settlement-by-city/gurugram-sector-10a (89.9% similar); https://www.settleloans.in/loan-settlement-by-city/gurugram-sector-11 (89.9% similar); https://www.settleloans.in/loan-settlement-by-city/gurugram-sector-12 (89.9% similar) (+44 more)
https://www.settleloans.in/loan-settlement-by-city/noida-sector-33,warning,Duplication,Duplicate Content Detected,185 similar pages: https://www.settleloans.in/loan-settlement-by-city/faridabad-sector-33 (89.9% similar); https://www.settleloans.in/loan-settlement-by-city/gurugram-sector-33 (89.9% similar); https://www.settleloans.in/loan-settlement-by-city/noida-sector-1 (89.9% similar); https://www.settleloans.in/loan-settlement-by-city/noida-sector-10 (89.9% similar); https://www.settleloans.in/loan-settlement-by-city/noida-sector-100 (89.9% similar) (+180 more)
https://www.settleloans.in/loan-settlement-by-city/satara,warning,Duplication,Duplicate Content Detected,682 similar pages: https://www.settleloans.in/loan-settlement-by-city/abupur (86.1% similar); https://www.settleloans.in/loan-settlement-by-city/agartala (86.1% similar); https://www.settleloans.in/loan-settlement-by-city/agra (86.1% similar); https://www.settleloans.in/loan-settlement-by-city/ahmedabad (86.1% similar); https://www.settleloans.in/loan-settlement-by-city/aiims (86.1% similar) (+677 more)
https://www.settleloans.in/loan-settlement-by-city/nicobar,warning,Duplication,Duplicate Content Detected,682 similar pages: https://www.settleloans.in/loan-settlement-by-city/abupur (86.1% similar); https://www.settleloans.in/loan-settlement-by-city/agartala (86.1% similar); https://www.settleloans.in/loan-settlement-by-city/agra (86.1% similar); https://www.settleloans.in/loan-settlement-by-city/ahmedabad (86.1% similar); https://www.settleloans.in/loan-settlement-by-city/aiims (86.1% similar) (+677 more)
https://www.settleloans.in/loan-settlement-by-city/gurugram-sector-30,warning,Duplication,Duplicate Content Detected,51 similar pages: https://www.settleloans.in/loan-settlement-by-city/faridabad-sector-30 (89.9% similar); https://www.settleloans.in/loan-settlement-by-city/gurugram-sector-1 (89.9% similar); https://www.settleloans.in/loan-settlement-by-city/gurugram-sector-10 (89.9% similar); https://www.settleloans.in/loan-settlement-by-city/gurugram-sector-10a (89.9% similar); https://www.settleloans.in/loan-settlement-by-city/gurugram-sector-11 (89.9% similar) (+46 more)
https://www.settleloans.in/loan-settlement-by-city/sector-chi-2,warning,Duplication,Duplicate Content Detected,23 similar pages: https://www.settleloans.in/loan-settlement-by-city/faridabad-sector-2 (89.9% similar); https://www.settleloans.in/loan-settlement-by-city/govindpuram-sector-2 (89.9% similar); https://www.settleloans.in/loan-settlement-by-city/gurugram-sector-2 (89.9% similar); https://www.settleloans.in/loan-settlement-by-city/nehrunagar-sector-2 (89.9% similar); https://www.settleloans.in/loan-settlement-by-city/noida-sector-2 (89.9% similar) (+18 more)
https://www.settleloans.in/loan-settlement-by-city/gurugram-sector-16,warning,Duplication,Duplicate Content Detected,51 similar pages: https://www.settleloans.in/loan-settlement-by-city/faridabad-sector-16 (89.9% similar); https://www.settleloans.in/loan-settlement-by-city/gurugram-sector-1 (89.9% similar); https://www.settleloans.in/loan-settlement-by-city/gurugram-sector-10 (89.9% similar); https://www.settleloans.in/loan-settlement-by-city/gurugram-sector-10a (89.9% similar); https://www.settleloans.in/loan-settlement-by-city/gurugram-sector-11 (89.9% similar) (+46 more)
https://www.settleloans.in/loan-settlement-by-city/surajmal-vihar,warning,Duplication,Duplicate Content Detected,16 similar pages: https://www.settleloans.in/loan-settlement-by-city/ashok-vihar (88.3% similar); https://www.settleloans.in/loan-settlement-by-city/brij-vihar (88.3% similar); https://www.settleloans.in/loan-settlement-by-city/jasola-vihar (88.3% similar); https://www.settleloans.in/loan-settlement-by-city/naraina-vihar (88.3% similar); https://www.settleloans.in/loan-settlement-by-city/narayana-vihar (88.3% similar) (+11 more)
https://www.settleloans.in/loan-settlement-by-city/sector-1-vasundhara,warning,Duplication,Duplicate Content Detected,44 similar pages: https://www.settleloans.in/loan-settlement-by-city/vasundhara-sector-1 (100.0% similar); https://www.settleloans.in/loan-settlement-by-city/faridabad-sector-1 (89.9% similar); https://www.settleloans.in/loan-settlement-by-city/govindpuram-sector-1 (89.9% similar); https://www.settleloans.in/loan-settlement-by-city/gurugram-sector-1 (89.9% similar); https://www.settleloans.in/loan-settlement-by-city/nehrunagar-sector-1 (89.9% similar) (+39 more)
https://www.settleloans.in/loan-settlement-by-city/noida-sector-58,warning,Duplication,Duplicate Content Detected,183 similar pages: https://www.settleloans.in/loan-settlement-by-city/noida-sector-1 (89.9% similar); https://www.settleloans.in/loan-settlement-by-city/noida-sector-10 (89.9% similar); https://www.settleloans.in/loan-settlement-by-city/noida-sector-100 (89.9% similar); https://www.settleloans.in/loan-settlement-by-city/noida-sector-101 (89.9% similar); https://www.settleloans.in/loan-settlement-by-city/noida-sector-102 (89.9% similar) (+178 more)
https://www.settleloans.in/loan-settlement-by-city/nyay-khand-2,warning,Duplication,Duplicate Content Detected,10 similar pages: https://www.settleloans.in/loan-settlement-by-city/indirapuram-nyay-khand-2 (95.2% similar); https://www.settleloans.in/loan-settlement-by-city/abhay-khand-2 (89.9% similar); https://www.settleloans.in/loan-settlement-by-city/gyan-khand-2 (89.9% similar); https://www.settleloans.in/loan-settlement-by-city/niti-khand-2 (89.9% similar); https://www.settleloans.in/loan-settlement-by-city/nyay-khand-1 (89.9% similar) (+5 more)
https://www.settleloans.in/loan-settlement-by-city/duhai-metro-station,warning,Duplication,Duplicate Content Detected,1 similar page: https://www.settleloans.in/loan-settlement-by-city/welcome-metro-station (89.9% similar)
https://www.settleloans.in/loan-settlement-by-city/kohima,warning,Duplication,Duplicate Content Detected,682 similar pages: https://www.settleloans.in/loan-settlement-by-city/abupur (86.1% similar); https://www.settleloans.in/loan-settlement-by-city/agartala (86.1% similar); https://www.settleloans.in/loan-settlement-by-city/agra (86.1% similar); https://www.settleloans.in/loan-settlement-by-city/ahmedabad (86.1% similar); https://www.settleloans.in/loan-settlement-by-city/aiims (86.1% similar) (+677 more)
https://www.settleloans.in/loan-settlement-by-city/abhay-khand-3,warning,Duplication,Duplicate Content Detected,10 similar pages: https://www.settleloans.in/loan-settlement-by-city/indirapuram-abhay-khand-3 (95.2% similar); https://www.settleloans.in/loan-settlement-by-city/abhay-khand-1 (89.9% similar); https://www.settleloans.in/loan-settlement-by-city/abhay-khand-2 (89.9% similar); https://www.settleloans.in/loan-settlement-by-city/gyan-khand-3 (89.9% similar); https://www.settleloans.in/loan-settlement-by-city/niti-khand-3 (89.9% similar) (+5 more)
https://www.settleloans.in/loan-settlement-by-city/noida-sector-8,warning,Duplication,Duplicate Content Detected,190 similar pages: https://www.settleloans.in/loan-settlement-by-city/faridabad-sector-8 (89.9% similar); https://www.settleloans.in/loan-settlement-by-city/govindpuram-sector-8 (89.9% similar); https://www.settleloans.in/loan-settlement-by-city/gurugram-sector-8 (89.9% similar); https://www.settleloans.in/loan-settlement-by-city/noida-sector-1 (89.9% similar); https://www.settleloans.in/loan-settlement-by-city/noida-sector-10 (89.9% similar) (+185 more)
https://www.settleloans.in/loan-settlement-by-city/govindpuram-sector-3,warning,Duplication,Duplicate Content Detected,27 similar pages: https://www.settleloans.in/loan-settlement-by-city/faridabad-sector-3 (89.9% similar); https://www.settleloans.in/loan-settlement-by-city/govindpuram-sector-1 (89.9% similar); https://www.settleloans.in/loan-settlement-by-city/govindpuram-sector-2 (89.9% similar); https://www.settleloans.in/loan-settlement-by-city/govindpuram-sector-4 (89.9% similar); https://www.settleloans.in/loan-settlement-by-city/govindpuram-sector-5 (89.9% similar) (+22 more)
https://www.settleloans.in/loan-settlement-by-city/vellore,warning,Duplication,Duplicate Content Detected,682 similar pages: https://www.settleloans.in/loan-settlement-by-city/abupur (86.1% similar); https://www.settleloans.in/loan-settlement-by-city/agartala (86.1% similar); https://www.settleloans.in/loan-settlement-by-city/agra (86.1% similar); https://www.settleloans.in/loan-settlement-by-city/ahmedabad (86.1% similar); https://www.settleloans.in/loan-settlement-by-city/aiims (86.1% similar) (+677 more)
https://www.settleloans.in/loan-settlement-by-city/shopian,warning,Duplication,Duplicate Content Detected,682 similar pages: https://www.settleloans.in/loan-settlement-by-city/abupur (86.1% similar); https://www.settleloans.in/loan-settlement-by-city/agartala (86.1% similar); https://www.settleloans.in/loan-settlement-by-city/agra (86.1% similar); https://www.settleloans.in/loan-settlement-by-city/ahmedabad (86.1% similar); https://www.settleloans.in/loan-settlement-by-city/aiims (86.1% similar) (+677 more)
https://www.settleloans.in/loan-settlement-by-city/geraldton,warning,Duplication,Duplicate Content Detected,682 similar pages: https://www.settleloans.in/loan-settlement-by-city/abupur (86.1% similar); https://www.settleloans.in/loan-settlement-by-city/agartala (86.1% similar); https://www.settleloans.in/loan-settlement-by-city/agra (86.1% similar); https://www.settleloans.in/loan-settlement-by-city/ahmedabad (86.1% similar); https://www.settleloans.in/loan-settlement-by-city/aiims (86.1% similar) (+677 more)
https://www.settleloans.in/loan-settlement-by-city/faridabad-sector-11,warning,Duplication,Duplicate Content Detected,46 similar pages: https://www.settleloans.in/loan-settlement-by-city/faridabad-sector-1 (89.9% similar); https://www.settleloans.in/loan-settlement-by-city/faridabad-sector-10 (89.9% similar); https://www.settleloans.in/loan-settlement-by-city/faridabad-sector-12 (89.9% similar); https://www.settleloans.in/loan-settlement-by-city/faridabad-sector-13 (89.9% similar); https://www.settleloans.in/loan-settlement-by-city/faridabad-sector-14 (89.9% similar) (+41 more)
https://www.settleloans.in/loan-settlement-by-city/ito,warning,Duplication,Duplicate Content Detected,683 similar pages: https://www.settleloans.in/loan-settlement-by-city/ito-metro (93.5% similar); https://www.settleloans.in/loan-settlement-by-city/abupur (86.1% similar); https://www.settleloans.in/loan-settlement-by-city/agartala (86.1% similar); https://www.settleloans.in/loan-settlement-by-city/agra (86.1% similar); https://www.settleloans.in/loan-settlement-by-city/ahmedabad (86.1% similar) (+678 more)
https://www.settleloans.in/loan-settlement-by-city/inderlok,warning,Duplication,Duplicate Content Detected,682 similar pages: https://www.settleloans.in/loan-settlement-by-city/abupur (86.1% similar); https://www.settleloans.in/loan-settlement-by-city/agartala (86.1% similar); https://www.settleloans.in/loan-settlement-by-city/agra (86.1% similar); https://www.settleloans.in/loan-settlement-by-city/ahmedabad (86.1% similar); https://www.settleloans.in/loan-settlement-by-city/aiims (86.1% similar) (+677 more)
https://www.settleloans.in/loan-settlement-by-city/hyderabad,warning,Duplication,Duplicate Content Detected,682 similar pages: https://www.settleloans.in/loan-settlement-by-city/abupur (86.1% similar); https://www.settleloans.in/loan-settlement-by-city/agartala (86.1% similar); https://www.settleloans.in/loan-settlement-by-city/agra (86.1% similar); https://www.settleloans.in/loan-settlement-by-city/ahmedabad (86.1% similar); https://www.settleloans.in/loan-settlement-by-city/aiims (86.1% similar) (+677 more)
https://www.settleloans.in/loan-settlement-by-city/nuapada,warning,Duplication,Duplicate Content Detected,682 similar pages: https://www.settleloans.in/loan-settlement-by-city/abupur (86.1% similar); https://www.settleloans.in/loan-settlement-by-city/agartala (86.1% similar); https://www.settleloans.in/loan-settlement-by-city/agra (86.1% similar); https://www.settleloans.in/loan-settlement-by-city/ahmedabad (86.1% similar); https://www.settleloans.in/loan-settlement-by-city/aiims (86.1% similar) (+677 more)
https://www.settleloans.in/loan-settlement-by-city/thiruvananthapuram,warning,Duplication,Duplicate Content Detected,682 similar pages: https://www.settleloans.in/loan-settlement-by-city/abupur (86.1% similar); https://www.settleloans.in/loan-settlement-by-city/agartala (86.1% similar); https://www.settleloans.in/loan-settlement-by-city/agra (86.1% similar); https://www.settleloans.in/loan-settlement-by-city/ahmedabad (86.1% similar); https://www.settleloans.in/loan-settlement-by-city/aiims (86.1% similar) (+677 more)
https://www.settleloans.in/loan-settlement-by-city/senapati,warning,Duplication,Duplicate Content Detected,682 similar pages: https://www.settleloans.in/loan-settlement-by-city/abupur (86.1% similar); https://www.settleloans.in/loan-settlement-by-city/agartala (86.1% similar); https://www.settleloans.in/loan-settlement-by-city/agra (86.1% similar); https://www.settleloans.in/loan-settlement-by-city/ahmedabad (86.1% similar); https://www.settleloans.in/loan-settlement-by-city/aiims (86.1% similar) (+677 more)
https://www.settleloans.in/loan-settlement-by-city/burari,warning,Duplication,Duplicate Content Detected,682 similar pages: https://www.settleloans.in/loan-settlement-by-city/abupur (86.1% similar); https://www.settleloans.in/loan-settlement-by-city/agartala (86.1% similar); https://www.settleloans.in/loan-settlement-by-city/agra (86.1% similar); https://www.settleloans.in/loan-settlement-by-city/ahmedabad (86.1% similar); https://www.settleloans.in/loan-settlement-by-city/aiims (86.1% similar) (+677 more)
https://www.settleloans.in/loan-settlement-by-city/noida-sector-122,warning,Duplication,Duplicate Content Detected,183 similar pages: https://www.settleloans.in/loan-settlement-by-city/noida-sector-1 (89.9% similar); https://www.settleloans.in/loan-settlement-by-city/noida-sector-10 (89.9% similar); https://www.settleloans.in/loan-settlement-by-city/noida-sector-100 (89.9% similar); https://www.settleloans.in/loan-settlement-by-city/noida-sector-101 (89.9% similar); https://www.settleloans.in/loan-settlement-by-city/noida-sector-102 (89.9% similar) (+178 more)
https://www.settleloans.in/loan-settlement-by-city/brij-vihar,warning,Duplication,Duplicate Content Detected,16 similar pages: https://www.settleloans.in/loan-settlement-by-city/ashok-vihar (88.3% similar); https://www.settleloans.in/loan-settlement-by-city/jasola-vihar (88.3% similar); https://www.settleloans.in/loan-settlement-by-city/naraina-vihar (88.3% similar); https://www.settleloans.in/loan-settlement-by-city/narayana-vihar (88.3% similar); https://www.settleloans.in/loan-settlement-by-city/okhla-vihar (88.3% similar) (+11 more)
https://www.settleloans.in/loan-settlement-by-city/tilak-nagar,warning,Duplication,Duplicate Content Detected,29 similar pages: https://www.settleloans.in/loan-settlement-by-city/adarsh-nagar (88.3% similar); https://www.settleloans.in/loan-settlement-by-city/ashok-nagar (88.3% similar); https://www.settleloans.in/loan-settlement-by-city/bharat-nagar (88.3% similar); https://www.settleloans.in/loan-settlement-by-city/chander-nagar (88.3% similar); https://www.settleloans.in/loan-settlement-by-city/gtb-nagar (88.3% similar) (+24 more)
https://www.settleloans.in/loan-settlement-by-city/noida-sector-13,warning,Duplication,Duplicate Content Detected,188 similar pages: https://www.settleloans.in/loan-settlement-by-city/faridabad-sector-13 (89.9% similar); https://www.settleloans.in/loan-settlement-by-city/gurugram-sector-13 (89.9% similar); https://www.settleloans.in/loan-settlement-by-city/noida-sector-1 (89.9% similar); https://www.settleloans.in/loan-settlement-by-city/noida-sector-10 (89.9% similar); https://www.settleloans.in/loan-settlement-by-city/noida-sector-100 (89.9% similar) (+183 more)
https://www.settleloans.in/loan-settlement-by-city/jajpur,warning,Duplication,Duplicate Content Detected,682 similar pages: https://www.settleloans.in/loan-settlement-by-city/abupur (86.1% similar); https://www.settleloans.in/loan-settlement-by-city/agartala (86.1% similar); https://www.settleloans.in/loan-settlement-by-city/agra (86.1% similar); https://www.settleloans.in/loan-settlement-by-city/ahmedabad (86.1% similar); https://www.settleloans.in/loan-settlement-by-city/aiims (86.1% similar) (+677 more)
https://www.settleloans.in/loan-settlement-by-city/kolar,warning,Duplication,Duplicate Content Detected,682 similar pages: https://www.settleloans.in/loan-settlement-by-city/abupur (86.1% similar); https://www.settleloans.in/loan-settlement-by-city/agartala (86.1% similar); https://www.settleloans.in/loan-settlement-by-city/agra (86.1% similar); https://www.settleloans.in/loan-settlement-by-city/ahmedabad (86.1% similar); https://www.settleloans.in/loan-settlement-by-city/aiims (86.1% similar) (+677 more)
https://www.settleloans.in/loan-settlement-by-city/gurugram-sector-7,warning,Duplication,Duplicate Content Detected,57 similar pages: https://www.settleloans.in/loan-settlement-by-city/faridabad-sector-7 (89.9% similar); https://www.settleloans.in/loan-settlement-by-city/govindpuram-sector-7 (89.9% similar); https://www.settleloans.in/loan-settlement-by-city/gurugram-sector-1 (89.9% similar); https://www.settleloans.in/loan-settlement-by-city/gurugram-sector-10 (89.9% similar); https://www.settleloans.in/loan-settlement-by-city/gurugram-sector-10a (89.9% similar) (+52 more)
https://www.settleloans.in/loan-settlement-by-city/gurugram-sector-37,warning,Duplication,Duplicate Content Detected,50 similar pages: https://www.settleloans.in/loan-settlement-by-city/faridabad-sector-37 (89.9% similar); https://www.settleloans.in/loan-settlement-by-city/gurugram-sector-1 (89.9% similar); https://www.settleloans.in/loan-settlement-by-city/gurugram-sector-10 (89.9% similar); https://www.settleloans.in/loan-settlement-by-city/gurugram-sector-10a (89.9% similar); https://www.settleloans.in/loan-settlement-by-city/gurugram-sector-11 (89.9% similar) (+45 more)
https://www.settleloans.in/loan-settlement-by-city/alipurduar,warning,Duplication,Duplicate Content Detected,682 similar pages: https://www.settleloans.in/loan-settlement-by-city/abupur (86.1% similar); https://www.settleloans.in/loan-settlement-by-city/agartala (86.1% similar); https://www.settleloans.in/loan-settlement-by-city/agra (86.1% similar); https://www.settleloans.in/loan-settlement-by-city/ahmedabad (86.1% similar); https://www.settleloans.in/loan-settlement-by-city/aiims (86.1% similar) (+677 more)
https://www.settleloans.in/loan-settlement-by-city/banka,warning,Duplication,Duplicate Content Detected,682 similar pages: https://www.settleloans.in/loan-settlement-by-city/abupur (86.1% similar); https://www.settleloans.in/loan-settlement-by-city/agartala (86.1% similar); https://www.settleloans.in/loan-settlement-by-city/agra (86.1% similar); https://www.settleloans.in/loan-settlement-by-city/ahmedabad (86.1% similar); https://www.settleloans.in/loan-settlement-by-city/aiims (86.1% similar) (+677 more)
https://www.settleloans.in/loan-settlement-by-city/delhi-university-north-campus,warning,Duplication,Duplicate Content Detected,1 similar page: https://www.settleloans.in/loan-settlement-by-city/north-delhi (86.6% similar)
https://www.settleloans.in/loan-settlement-by-city/shastri-nagar-block-a,warning,Duplication,Duplicate Content Detected,4 similar pages: https://www.settleloans.in/loan-settlement-by-city/shastri-nagar-block-b (91.1% similar); https://www.settleloans.in/loan-settlement-by-city/shastri-nagar-block-c (91.1% similar); https://www.settleloans.in/loan-settlement-by-city/shastri-nagar-block-d (91.1% similar); https://www.settleloans.in/loan-settlement-by-city/shastri-nagar (89.7% similar)
https://www.settleloans.in/loan-settlement-by-city/chhattarpur-temple,warning,Duplication,Duplicate Content Detected,1 similar page: https://www.settleloans.in/loan-settlement-by-city/akshardham-temple (88.3% similar)
https://www.settleloans.in/loan-settlement-by-city/greater-noida-sector-omicron-1,warning,Duplication,Duplicate Content Detected,11 similar pages: https://www.settleloans.in/loan-settlement-by-city/greater-noida-sector-alpha-1 (91.5% similar); https://www.settleloans.in/loan-settlement-by-city/greater-noida-sector-delta-1 (91.5% similar); https://www.settleloans.in/loan-settlement-by-city/greater-noida-sector-gamma-1 (91.5% similar); https://www.settleloans.in/loan-settlement-by-city/greater-noida-sector-omicron-2 (91.5% similar); https://www.settleloans.in/loan-settlement-by-city/greater-noida-sector-omicron-3 (91.5% similar) (+6 more)
https://www.settleloans.in/loan-settlement-by-city/noida-sector-15,warning,Duplication,Duplicate Content Detected,185 similar pages: https://www.settleloans.in/loan-settlement-by-city/faridabad-sector-15 (89.9% similar); https://www.settleloans.in/loan-settlement-by-city/gurugram-sector-15 (89.9% similar); https://www.settleloans.in/loan-settlement-by-city/noida-sector-1 (89.9% similar); https://www.settleloans.in/loan-settlement-by-city/noida-sector-10 (89.9% similar); https://www.settleloans.in/loan-settlement-by-city/noida-sector-100 (89.9% similar) (+180 more)
https://www.settleloans.in/loan-settlement-by-city/kutch,warning,Duplication,Duplicate Content Detected,682 similar pages: https://www.settleloans.in/loan-settlement-by-city/abupur (86.1% similar); https://www.settleloans.in/loan-settlement-by-city/agartala (86.1% similar); https://www.settleloans.in/loan-settlement-by-city/agra (86.1% similar); https://www.settleloans.in/loan-settlement-by-city/ahmedabad (86.1% similar); https://www.settleloans.in/loan-settlement-by-city/aiims (86.1% similar) (+677 more)
https://www.settleloans.in/loan-settlement-by-city/greater-noida-sector-omicron-3,warning,Duplication,Duplicate Content Detected,5 similar pages: https://www.settleloans.in/loan-settlement-by-city/greater-noida-sector-delta-3 (91.5% similar); https://www.settleloans.in/loan-settlement-by-city/greater-noida-sector-omicron-1 (91.5% similar); https://www.settleloans.in/loan-settlement-by-city/greater-noida-sector-omicron-2 (91.5% similar); https://www.settleloans.in/loan-settlement-by-city/greater-noida-sector-sigma-3 (91.5% similar); https://www.settleloans.in/loan-settlement-by-city/noida-sector-3 (88.2% similar)
https://www.settleloans.in/loan-settlement-by-city/indirapuram-nyay-khand-3,warning,Duplication,Duplicate Content Detected,11 similar pages: https://www.settleloans.in/loan-settlement-by-city/nyay-khand-3 (95.2% similar); https://www.settleloans.in/loan-settlement-by-city/indirapuram-abhay-khand-3 (91.1% similar); https://www.settleloans.in/loan-settlement-by-city/indirapuram-nyay-khand-1 (91.1% similar); https://www.settleloans.in/loan-settlement-by-city/indirapuram-nyay-khand-2 (91.1% similar); https://www.settleloans.in/loan-settlement-by-city/indirapuram-shakti-khand-3 (91.1% similar) (+6 more)
https://www.settleloans.in/loan-settlement-by-city/sarita-vihar,warning,Duplication,Duplicate Content Detected,16 similar pages: https://www.settleloans.in/loan-settlement-by-city/ashok-vihar (88.3% similar); https://www.settleloans.in/loan-settlement-by-city/brij-vihar (88.3% similar); https://www.settleloans.in/loan-settlement-by-city/jasola-vihar (88.3% similar); https://www.settleloans.in/loan-settlement-by-city/naraina-vihar (88.3% similar); https://www.settleloans.in/loan-settlement-by-city/narayana-vihar (88.3% similar) (+11 more)
https://www.settleloans.in/loan-settlement-by-city/bagalkote,warning,Duplication,Duplicate Content Detected,682 similar pages: https://www.settleloans.in/loan-settlement-by-city/abupur (86.1% similar); https://www.settleloans.in/loan-settlement-by-city/agartala (86.1% similar); https://www.settleloans.in/loan-settlement-by-city/agra (86.1% similar); https://www.settleloans.in/loan-settlement-by-city/ahmedabad (86.1% similar); https://www.settleloans.in/loan-settlement-by-city/aiims (86.1% similar) (+677 more)
https://www.settleloans.in/loan-settlement-by-city/nehrunagar-sector-3,warning,Duplication,Duplicate Content Detected,21 similar pages: https://www.settleloans.in/loan-settlement-by-city/faridabad-sector-3 (89.9% similar); https://www.settleloans.in/loan-settlement-by-city/govindpuram-sector-3 (89.9% similar); https://www.settleloans.in/loan-settlement-by-city/gurugram-sector-3 (89.9% similar); https://www.settleloans.in/loan-settlement-by-city/nehrunagar-sector-1 (89.9% similar); https://www.settleloans.in/loan-settlement-by-city/nehrunagar-sector-2 (89.9% similar) (+16 more)
https://www.settleloans.in/loan-settlement-by-city/dungarpur,warning,Duplication,Duplicate Content Detected,682 similar pages: https://www.settleloans.in/loan-settlement-by-city/abupur (86.1% similar); https://www.settleloans.in/loan-settlement-by-city/agartala (86.1% similar); https://www.settleloans.in/loan-settlement-by-city/agra (86.1% similar); https://www.settleloans.in/loan-settlement-by-city/ahmedabad (86.1% similar); https://www.settleloans.in/loan-settlement-by-city/aiims (86.1% similar) (+677 more)
https://www.settleloans.in/loan-settlement-by-city/ram-vihar,warning,Duplication,Duplicate Content Detected,16 similar pages: https://www.settleloans.in/loan-settlement-by-city/ashok-vihar (88.3% similar); https://www.settleloans.in/loan-settlement-by-city/brij-vihar (88.3% similar); https://www.settleloans.in/loan-settlement-by-city/jasola-vihar (88.3% similar); https://www.settleloans.in/loan-settlement-by-city/naraina-vihar (88.3% similar); https://www.settleloans.in/loan-settlement-by-city/narayana-vihar (88.3% similar) (+11 more)
https://www.settleloans.in/loan-settlement-by-city/faridabad-sector-27,warning,Duplication,Duplicate Content Detected,43 similar pages: https://www.settleloans.in/loan-settlement-by-city/faridabad-sector-1 (89.9% similar); https://www.settleloans.in/loan-settlement-by-city/faridabad-sector-10 (89.9% similar); https://www.settleloans.in/loan-settlement-by-city/faridabad-sector-11 (89.9% similar); https://www.settleloans.in/loan-settlement-by-city/faridabad-sector-12 (89.9% similar); https://www.settleloans.in/loan-settlement-by-city/faridabad-sector-13 (89.9% similar) (+38 more)
https://www.settleloans.in/loan-settlement-by-city/shimoga,warning,Duplication,Duplicate Content Detected,682 similar pages: https://www.settleloans.in/loan-settlement-by-city/abupur (86.1% similar); https://www.settleloans.in/loan-settlement-by-city/agartala (86.1% similar); https://www.settleloans.in/loan-settlement-by-city/agra (86.1% similar); https://www.settleloans.in/loan-settlement-by-city/ahmedabad (86.1% similar); https://www.settleloans.in/loan-settlement-by-city/aiims (86.1% similar) (+677 more)
https://www.settleloans.in/loan-settlement-by-city/noida-sector-38,warning,Duplication,Duplicate Content Detected,184 similar pages: https://www.settleloans.in/loan-settlement-by-city/gurugram-sector-38 (89.9% similar); https://www.settleloans.in/loan-settlement-by-city/noida-sector-1 (89.9% similar); https://www.settleloans.in/loan-settlement-by-city/noida-sector-10 (89.9% similar); https://www.settleloans.in/loan-settlement-by-city/noida-sector-100 (89.9% similar); https://www.settleloans.in/loan-settlement-by-city/noida-sector-101 (89.9% similar) (+179 more)
https://www.settleloans.in/loan-settlement-by-city/karur,warning,Duplication,Duplicate Content Detected,682 similar pages: https://www.settleloans.in/loan-settlement-by-city/abupur (86.1% similar); https://www.settleloans.in/loan-settlement-by-city/agartala (86.1% similar); https://www.settleloans.in/loan-settlement-by-city/agra (86.1% similar); https://www.settleloans.in/loan-settlement-by-city/ahmedabad (86.1% similar); https://www.settleloans.in/loan-settlement-by-city/aiims (86.1% similar) (+677 more)
https://www.settleloans.in/loan-settlement-by-city/champhai,warning,Duplication,Duplicate Content Detected,682 similar pages: https://www.settleloans.in/loan-settlement-by-city/abupur (86.1% similar); https://www.settleloans.in/loan-settlement-by-city/agartala (86.1% similar); https://www.settleloans.in/loan-settlement-by-city/agra (86.1% similar); https://www.settleloans.in/loan-settlement-by-city/ahmedabad (86.1% similar); https://www.settleloans.in/loan-settlement-by-city/aiims (86.1% similar) (+677 more)
https://www.settleloans.in/loan-settlement-by-city/kavi-nagar-sector-13,warning,Duplication,Duplicate Content Detected,10 similar pages: https://www.settleloans.in/loan-settlement-by-city/kavi-nagar-sector-10 (91.1% similar); https://www.settleloans.in/loan-settlement-by-city/kavi-nagar-sector-11 (91.1% similar); https://www.settleloans.in/loan-settlement-by-city/kavi-nagar-sector-12 (91.1% similar); https://www.settleloans.in/loan-settlement-by-city/kavi-nagar-sector-14 (91.1% similar); https://www.settleloans.in/loan-settlement-by-city/kavi-nagar (89.7% similar) (+5 more)
https://www.settleloans.in/loan-settlement-by-city/north-tripura,warning,Duplication,Duplicate Content Detected,5 similar pages: https://www.settleloans.in/loan-settlement-by-city/tripura (93.5% similar); https://www.settleloans.in/loan-settlement-by-city/north-delhi (88.3% similar); https://www.settleloans.in/loan-settlement-by-city/north-goa (88.3% similar); https://www.settleloans.in/loan-settlement-by-city/south-tripura (88.3% similar); https://www.settleloans.in/loan-settlement-by-city/west-tripura (88.3% similar)
https://www.settleloans.in/loan-settlement-by-city/jaunpur,warning,Duplication,Duplicate Content Detected,682 similar pages: https://www.settleloans.in/loan-settlement-by-city/abupur (86.1% similar); https://www.settleloans.in/loan-settlement-by-city/agartala (86.1% similar); https://www.settleloans.in/loan-settlement-by-city/agra (86.1% similar); https://www.settleloans.in/loan-settlement-by-city/ahmedabad (86.1% similar); https://www.settleloans.in/loan-settlement-by-city/aiims (86.1% similar) (+677 more)
https://www.settleloans.in/loan-settlement-by-city/madhepura,warning,Duplication,Duplicate Content Detected,682 similar pages: https://www.settleloans.in/loan-settlement-by-city/abupur (86.1% similar); https://www.settleloans.in/loan-settlement-by-city/agartala (86.1% similar); https://www.settleloans.in/loan-settlement-by-city/agra (86.1% similar); https://www.settleloans.in/loan-settlement-by-city/ahmedabad (86.1% similar); https://www.settleloans.in/loan-settlement-by-city/aiims (86.1% similar) (+677 more)
https://www.settleloans.in/loan-settlement-by-city/vaishali-sector-6,warning,Duplication,Duplicate Content Detected,18 similar pages: https://www.settleloans.in/loan-settlement-by-city/faridabad-sector-6 (89.9% similar); https://www.settleloans.in/loan-settlement-by-city/govindpuram-sector-6 (89.9% similar); https://www.settleloans.in/loan-settlement-by-city/gurugram-sector-6 (89.9% similar); https://www.settleloans.in/loan-settlement-by-city/noida-sector-6 (89.9% similar); https://www.settleloans.in/loan-settlement-by-city/sector-6-vasundhara (89.9% similar) (+13 more)
https://www.settleloans.in/loan-settlement-by-city/jammu-and-kashmir,warning,Duplication,Duplicate Content Detected,1 similar page: https://www.settleloans.in/loan-settlement-by-city/jammu (89.0% similar)
https://www.settleloans.in/loan-settlement-by-city/tirunelveli,warning,Duplication,Duplicate Content Detected,682 similar pages: https://www.settleloans.in/loan-settlement-by-city/abupur (86.1% similar); https://www.settleloans.in/loan-settlement-by-city/agartala (86.1% similar); https://www.settleloans.in/loan-settlement-by-city/agra (86.1% similar); https://www.settleloans.in/loan-settlement-by-city/ahmedabad (86.1% similar); https://www.settleloans.in/loan-settlement-by-city/aiims (86.1% similar) (+677 more)
https://www.settleloans.in/loan-settlement-by-city/karimganj,warning,Duplication,Duplicate Content Detected,682 similar pages: https://www.settleloans.in/loan-settlement-by-city/abupur (86.1% similar); https://www.settleloans.in/loan-settlement-by-city/agartala (86.1% similar); https://www.settleloans.in/loan-settlement-by-city/agra (86.1% similar); https://www.settleloans.in/loan-settlement-by-city/ahmedabad (86.1% similar); https://www.settleloans.in/loan-settlement-by-city/aiims (86.1% similar) (+677 more)
https://www.settleloans.in/loan-settlement-by-city/wave-city-sector-3,warning,Duplication,Duplicate Content Detected,21 similar pages: https://www.settleloans.in/loan-settlement-by-city/wave-city-sector-1 (91.1% similar); https://www.settleloans.in/loan-settlement-by-city/wave-city-sector-2 (91.1% similar); https://www.settleloans.in/loan-settlement-by-city/wave-city-sector-4 (91.1% similar); https://www.settleloans.in/loan-settlement-by-city/wave-city-sector-5 (91.1% similar); https://www.settleloans.in/loan-settlement-by-city/wave-city-sector-6 (91.1% similar) (+16 more)
https://www.settleloans.in/loan-settlement-by-city/lower-subansiri,warning,Duplication,Duplicate Content Detected,1 similar page: https://www.settleloans.in/loan-settlement-by-city/upper-subansiri (88.3% similar)
https://www.settleloans.in/loan-settlement-by-city/anjaw,warning,Duplication,Duplicate Content Detected,682 similar pages: https://www.settleloans.in/loan-settlement-by-city/abupur (86.1% similar); https://www.settleloans.in/loan-settlement-by-city/agartala (86.1% similar); https://www.settleloans.in/loan-settlement-by-city/agra (86.1% similar); https://www.settleloans.in/loan-settlement-by-city/ahmedabad (86.1% similar); https://www.settleloans.in/loan-settlement-by-city/aiims (86.1% similar) (+677 more)
https://www.settleloans.in/loan-settlement-by-city/noida-sector-23,warning,Duplication,Duplicate Content Detected,185 similar pages: https://www.settleloans.in/loan-settlement-by-city/faridabad-sector-23 (89.9% similar); https://www.settleloans.in/loan-settlement-by-city/gurugram-sector-23 (89.9% similar); https://www.settleloans.in/loan-settlement-by-city/noida-sector-1 (89.9% similar); https://www.settleloans.in/loan-settlement-by-city/noida-sector-10 (89.9% similar); https://www.settleloans.in/loan-settlement-by-city/noida-sector-100 (89.9% similar) (+180 more)
https://www.settleloans.in/loan-settlement-by-city/gurugram-sector-25,warning,Duplication,Duplicate Content Detected,52 similar pages: https://www.settleloans.in/loan-settlement-by-city/faridabad-sector-25 (89.9% similar); https://www.settleloans.in/loan-settlement-by-city/gurugram-sector-1 (89.9% similar); https://www.settleloans.in/loan-settlement-by-city/gurugram-sector-10 (89.9% similar); https://www.settleloans.in/loan-settlement-by-city/gurugram-sector-10a (89.9% similar); https://www.settleloans.in/loan-settlement-by-city/gurugram-sector-11 (89.9% similar) (+47 more)
https://www.settleloans.in/loan-settlement-by-city/gurugram-sector-10,warning,Duplication,Duplicate Content Detected,55 similar pages: https://www.settleloans.in/loan-settlement-by-city/faridabad-sector-10 (89.9% similar); https://www.settleloans.in/loan-settlement-by-city/gurugram-sector-1 (89.9% similar); https://www.settleloans.in/loan-settlement-by-city/gurugram-sector-10a (89.9% similar); https://www.settleloans.in/loan-settlement-by-city/gurugram-sector-11 (89.9% similar); https://www.settleloans.in/loan-settlement-by-city/gurugram-sector-12 (89.9% similar) (+50 more)
https://www.settleloans.in/loan-settlement-by-city/noida-sector-59,warning,Duplication,Duplicate Content Detected,183 similar pages: https://www.settleloans.in/loan-settlement-by-city/noida-sector-1 (89.9% similar); https://www.settleloans.in/loan-settlement-by-city/noida-sector-10 (89.9% similar); https://www.settleloans.in/loan-settlement-by-city/noida-sector-100 (89.9% similar); https://www.settleloans.in/loan-settlement-by-city/noida-sector-101 (89.9% similar); https://www.settleloans.in/loan-settlement-by-city/noida-sector-102 (89.9% similar) (+178 more)
https://www.settleloans.in/loan-settlement-by-city/tawang,warning,Duplication,Duplicate Content Detected,682 similar pages: https://www.settleloans.in/loan-settlement-by-city/abupur (86.1% similar); https://www.settleloans.in/loan-settlement-by-city/agartala (86.1% similar); https://www.settleloans.in/loan-settlement-by-city/agra (86.1% similar); https://www.settleloans.in/loan-settlement-by-city/ahmedabad (86.1% similar); https://www.settleloans.in/loan-settlement-by-city/aiims (86.1% similar) (+677 more)
https://www.settleloans.in/loan-settlement-by-city/bargarh,warning,Duplication,Duplicate Content Detected,682 similar pages: https://www.settleloans.in/loan-settlement-by-city/abupur (86.1% similar); https://www.settleloans.in/loan-settlement-by-city/agartala (86.1% similar); https://www.settleloans.in/loan-settlement-by-city/agra (86.1% similar); https://www.settleloans.in/loan-settlement-by-city/ahmedabad (86.1% similar); https://www.settleloans.in/loan-settlement-by-city/aiims (86.1% similar) (+677 more)
https://www.settleloans.in/loan-settlement-by-city/sivaganga,warning,Duplication,Duplicate Content Detected,682 similar pages: https://www.settleloans.in/loan-settlement-by-city/abupur (86.1% similar); https://www.settleloans.in/loan-settlement-by-city/agartala (86.1% similar); https://www.settleloans.in/loan-settlement-by-city/agra (86.1% similar); https://www.settleloans.in/loan-settlement-by-city/ahmedabad (86.1% similar); https://www.settleloans.in/loan-settlement-by-city/aiims (86.1% similar) (+677 more)
https://www.settleloans.in/loan-settlement-by-city/chamba,warning,Duplication,Duplicate Content Detected,682 similar pages: https://www.settleloans.in/loan-settlement-by-city/abupur (86.1% similar); https://www.settleloans.in/loan-settlement-by-city/agartala (86.1% similar); https://www.settleloans.in/loan-settlement-by-city/agra (86.1% similar); https://www.settleloans.in/loan-settlement-by-city/ahmedabad (86.1% similar); https://www.settleloans.in/loan-settlement-by-city/aiims (86.1% similar) (+677 more)
https://www.settleloans.in/loan-settlement-by-city/faridabad-sector-36,warning,Duplication,Duplicate Content Detected,42 similar pages: https://www.settleloans.in/loan-settlement-by-city/faridabad-sector-1 (89.9% similar); https://www.settleloans.in/loan-settlement-by-city/faridabad-sector-10 (89.9% similar); https://www.settleloans.in/loan-settlement-by-city/faridabad-sector-11 (89.9% similar); https://www.settleloans.in/loan-settlement-by-city/faridabad-sector-12 (89.9% similar); https://www.settleloans.in/loan-settlement-by-city/faridabad-sector-13 (89.9% similar) (+37 more)
https://www.settleloans.in/loan-settlement-by-city/vaishali-sector-5,warning,Duplication,Duplicate Content Detected,19 similar pages: https://www.settleloans.in/loan-settlement-by-city/faridabad-sector-5 (89.9% similar); https://www.settleloans.in/loan-settlement-by-city/govindpuram-sector-5 (89.9% similar); https://www.settleloans.in/loan-settlement-by-city/gurugram-sector-5 (89.9% similar); https://www.settleloans.in/loan-settlement-by-city/noida-sector-5 (89.9% similar); https://www.settleloans.in/loan-settlement-by-city/sector-5-vasundhara (89.9% similar) (+14 more)
https://www.settleloans.in/loan-settlement-by-city/ramprastha-colony,warning,Duplication,Duplicate Content Detected,8 similar pages: https://www.settleloans.in/loan-settlement-by-city/ramprastha (93.5% similar); https://www.settleloans.in/loan-settlement-by-city/baba-colony (88.3% similar); https://www.settleloans.in/loan-settlement-by-city/defence-colony (88.3% similar); https://www.settleloans.in/loan-settlement-by-city/geeta-colony (88.3% similar); https://www.settleloans.in/loan-settlement-by-city/jhilmil-colony (88.3% similar) (+3 more)
https://www.settleloans.in/loan-settlement-by-city/gurugram-sector-40,warning,Duplication,Duplicate Content Detected,49 similar pages: https://www.settleloans.in/loan-settlement-by-city/gurugram-sector-1 (89.9% similar); https://www.settleloans.in/loan-settlement-by-city/gurugram-sector-10 (89.9% similar); https://www.settleloans.in/loan-settlement-by-city/gurugram-sector-10a (89.9% similar); https://www.settleloans.in/loan-settlement-by-city/gurugram-sector-11 (89.9% similar); https://www.settleloans.in/loan-settlement-by-city/gurugram-sector-12 (89.9% similar) (+44 more)
https://www.settleloans.in/loan-settlement-by-city/raj-nagar-sector-6,warning,Duplication,Duplicate Content Detected,16 similar pages: https://www.settleloans.in/loan-settlement-by-city/raj-nagar-sector-1 (91.1% similar); https://www.settleloans.in/loan-settlement-by-city/raj-nagar-sector-2 (91.1% similar); https://www.settleloans.in/loan-settlement-by-city/raj-nagar-sector-3 (91.1% similar); https://www.settleloans.in/loan-settlement-by-city/raj-nagar-sector-4 (91.1% similar); https://www.settleloans.in/loan-settlement-by-city/raj-nagar-sector-5 (91.1% similar) (+11 more)
https://www.settleloans.in/loan-settlement-by-city/gorakhpur,warning,Duplication,Duplicate Content Detected,682 similar pages: https://www.settleloans.in/loan-settlement-by-city/abupur (86.1% similar); https://www.settleloans.in/loan-settlement-by-city/agartala (86.1% similar); https://www.settleloans.in/loan-settlement-by-city/agra (86.1% similar); https://www.settleloans.in/loan-settlement-by-city/ahmedabad (86.1% similar); https://www.settleloans.in/loan-settlement-by-city/aiims (86.1% similar) (+677 more)
https://www.settleloans.in/loan-settlement-by-city/modinagar-railway-station,warning,Duplication,Duplicate Content Detected,3 similar pages: https://www.settleloans.in/loan-settlement-by-city/modinagar (88.1% similar); https://www.settleloans.in/loan-settlement-by-city/new-delhi-railway-station (85.7% similar); https://www.settleloans.in/loan-settlement-by-city/old-delhi-railway-station (85.7% similar)
https://www.settleloans.in/loan-settlement-by-city/mahipalpur,warning,Duplication,Duplicate Content Detected,682 similar pages: https://www.settleloans.in/loan-settlement-by-city/abupur (86.1% similar); https://www.settleloans.in/loan-settlement-by-city/agartala (86.1% similar); https://www.settleloans.in/loan-settlement-by-city/agra (86.1% similar); https://www.settleloans.in/loan-settlement-by-city/ahmedabad (86.1% similar); https://www.settleloans.in/loan-settlement-by-city/aiims (86.1% similar) (+677 more)
https://www.settleloans.in/loan-settlement-by-city/greater-noida-sector-tau-1,warning,Duplication,Duplicate Content Detected,11 similar pages: https://www.settleloans.in/loan-settlement-by-city/greater-noida-sector-beta-1 (92.0% similar); https://www.settleloans.in/loan-settlement-by-city/greater-noida-sector-pi-1 (92.0% similar); https://www.settleloans.in/loan-settlement-by-city/greater-noida-sector-tau-2 (92.0% similar); https://www.settleloans.in/loan-settlement-by-city/greater-noida-sector-zeta-1 (92.0% similar); https://www.settleloans.in/loan-settlement-by-city/noida-sector-1 (90.9% similar) (+6 more)
https://www.settleloans.in/loan-settlement-by-city/barabanki,warning,Duplication,Duplicate Content Detected,682 similar pages: https://www.settleloans.in/loan-settlement-by-city/abupur (86.1% similar); https://www.settleloans.in/loan-settlement-by-city/agartala (86.1% similar); https://www.settleloans.in/loan-settlement-by-city/agra (86.1% similar); https://www.settleloans.in/loan-settlement-by-city/ahmedabad (86.1% similar); https://www.settleloans.in/loan-settlement-by-city/aiims (86.1% similar) (+677 more)
https://www.settleloans.in/loan-settlement-by-city/kirbi-place,warning,Duplication,Duplicate Content Detected,3 similar pages: https://www.settleloans.in/loan-settlement-by-city/connaught-place (88.3% similar); https://www.settleloans.in/loan-settlement-by-city/nehru-place (88.3% similar); https://www.settleloans.in/loan-settlement-by-city/rajendra-place (88.3% similar)
https://www.settleloans.in/loan-settlement-by-city/nehru-enclave,warning,Duplication,Duplicate Content Detected,2 similar pages: https://www.settleloans.in/loan-settlement-by-city/nehru-place (88.3% similar); https://www.settleloans.in/loan-settlement-by-city/vasundhara-enclave (88.3% similar)
https://www.settleloans.in/loan-settlement-by-city/serchhip,warning,Duplication,Duplicate Content Detected,682 similar pages: https://www.settleloans.in/loan-settlement-by-city/abupur (86.1% similar); https://www.settleloans.in/loan-settlement-by-city/agartala (86.1% similar); https://www.settleloans.in/loan-settlement-by-city/agra (86.1% similar); https://www.settleloans.in/loan-settlement-by-city/ahmedabad (86.1% similar); https://www.settleloans.in/loan-settlement-by-city/aiims (86.1% similar) (+677 more)
https://www.settleloans.in/loan-settlement-by-city/perambalur,warning,Duplication,Duplicate Content Detected,682 similar pages: https://www.settleloans.in/loan-settlement-by-city/abupur (86.1% similar); https://www.settleloans.in/loan-settlement-by-city/agartala (86.1% similar); https://www.settleloans.in/loan-settlement-by-city/agra (86.1% similar); https://www.settleloans.in/loan-settlement-by-city/ahmedabad (86.1% similar); https://www.settleloans.in/loan-settlement-by-city/aiims (86.1% similar) (+677 more)
https://www.settleloans.in/loan-settlement-by-city/peren,warning,Duplication,Duplicate Content Detected,682 similar pages: https://www.settleloans.in/loan-settlement-by-city/abupur (86.1% similar); https://www.settleloans.in/loan-settlement-by-city/agartala (86.1% similar); https://www.settleloans.in/loan-settlement-by-city/agra (86.1% similar); https://www.settleloans.in/loan-settlement-by-city/ahmedabad (86.1% similar); https://www.settleloans.in/loan-settlement-by-city/aiims (86.1% similar) (+677 more)
https://www.settleloans.in/loan-settlement-by-city/kamareddy,warning,Duplication,Duplicate Content Detected,682 similar pages: https://www.settleloans.in/loan-settlement-by-city/abupur (86.1% similar); https://www.settleloans.in/loan-settlement-by-city/agartala (86.1% similar); https://www.settleloans.in/loan-settlement-by-city/agra (86.1% similar); https://www.settleloans.in/loan-settlement-by-city/ahmedabad (86.1% similar); https://www.settleloans.in/loan-settlement-by-city/aiims (86.1% similar) (+677 more)
https://www.settleloans.in/loan-settlement-by-city/namakkal,warning,Duplication,Duplicate Content Detected,682 similar pages: https://www.settleloans.in/loan-settlement-by-city/abupur (86.1% similar); https://www.settleloans.in/loan-settlement-by-city/agartala (86.1% similar); https://www.settleloans.in/loan-settlement-by-city/agra (86.1% similar); https://www.settleloans.in/loan-settlement-by-city/ahmedabad (86.1% similar); https://www.settleloans.in/loan-settlement-by-city/aiims (86.1% similar) (+677 more)
https://www.settleloans.in/loan-settlement-by-city/central-delhi,warning,Duplication,Duplicate Content Detected,8 similar pages: https://www.settleloans.in/loan-settlement-by-city/delhi (93.5% similar); https://www.settleloans.in/loan-settlement-by-city/central-coast (88.3% similar); https://www.settleloans.in/loan-settlement-by-city/chirag-delhi (88.3% similar); https://www.settleloans.in/loan-settlement-by-city/delhi-gate (88.3% similar); https://www.settleloans.in/loan-settlement-by-city/new-delhi (88.3% similar) (+3 more)
https://www.settleloans.in/loan-settlement-by-city/noida-sector-47,warning,Duplication,Duplicate Content Detected,183 similar pages: https://www.settleloans.in/loan-settlement-by-city/noida-sector-1 (89.9% similar); https://www.settleloans.in/loan-settlement-by-city/noida-sector-10 (89.9% similar); https://www.settleloans.in/loan-settlement-by-city/noida-sector-100 (89.9% similar); https://www.settleloans.in/loan-settlement-by-city/noida-sector-101 (89.9% similar); https://www.settleloans.in/loan-settlement-by-city/noida-sector-102 (89.9% similar) (+178 more)
https://www.settleloans.in/loan-settlement-by-city/sanjay-nagar-sector-5,warning,Duplication,Duplicate Content Detected,14 similar pages: https://www.settleloans.in/loan-settlement-by-city/raj-nagar-sector-5 (91.1% similar); https://www.settleloans.in/loan-settlement-by-city/sanjay-nagar-sector-1 (91.1% similar); https://www.settleloans.in/loan-settlement-by-city/sanjay-nagar-sector-2 (91.1% similar); https://www.settleloans.in/loan-settlement-by-city/sanjay-nagar-sector-3 (91.1% similar); https://www.settleloans.in/loan-settlement-by-city/sanjay-nagar-sector-4 (91.1% similar) (+9 more)
https://www.settleloans.in/loan-settlement-by-city/dhubri,warning,Duplication,Duplicate Content Detected,682 similar pages: https://www.settleloans.in/loan-settlement-by-city/abupur (86.1% similar); https://www.settleloans.in/loan-settlement-by-city/agartala (86.1% similar); https://www.settleloans.in/loan-settlement-by-city/agra (86.1% similar); https://www.settleloans.in/loan-settlement-by-city/ahmedabad (86.1% similar); https://www.settleloans.in/loan-settlement-by-city/aiims (86.1% similar) (+677 more)
https://www.settleloans.in/loan-settlement-by-city/fatehabad,warning,Duplication,Duplicate Content Detected,682 similar pages: https://www.settleloans.in/loan-settlement-by-city/abupur (86.1% similar); https://www.settleloans.in/loan-settlement-by-city/agartala (86.1% similar); https://www.settleloans.in/loan-settlement-by-city/agra (86.1% similar); https://www.settleloans.in/loan-settlement-by-city/ahmedabad (86.1% similar); https://www.settleloans.in/loan-settlement-by-city/aiims (86.1% similar) (+677 more)
https://www.settleloans.in/loan-settlement-by-city/sundargarh,warning,Duplication,Duplicate Content Detected,682 similar pages: https://www.settleloans.in/loan-settlement-by-city/abupur (86.1% similar); https://www.settleloans.in/loan-settlement-by-city/agartala (86.1% similar); https://www.settleloans.in/loan-settlement-by-city/agra (86.1% similar); https://www.settleloans.in/loan-settlement-by-city/ahmedabad (86.1% similar); https://www.settleloans.in/loan-settlement-by-city/aiims (86.1% similar) (+677 more)
https://www.settleloans.in/loan-settlement-by-city/deoria,warning,Duplication,Duplicate Content Detected,682 similar pages: https://www.settleloans.in/loan-settlement-by-city/abupur (86.1% similar); https://www.settleloans.in/loan-settlement-by-city/agartala (86.1% similar); https://www.settleloans.in/loan-settlement-by-city/agra (86.1% similar); https://www.settleloans.in/loan-settlement-by-city/ahmedabad (86.1% similar); https://www.settleloans.in/loan-settlement-by-city/aiims (86.1% similar) (+677 more)
https://www.settleloans.in/loan-settlement-by-city/munger,warning,Duplication,Duplicate Content Detected,682 similar pages: https://www.settleloans.in/loan-settlement-by-city/abupur (86.1% similar); https://www.settleloans.in/loan-settlement-by-city/agartala (86.1% similar); https://www.settleloans.in/loan-settlement-by-city/agra (86.1% similar); https://www.settleloans.in/loan-settlement-by-city/ahmedabad (86.1% similar); https://www.settleloans.in/loan-settlement-by-city/aiims (86.1% similar) (+677 more)
https://www.settleloans.in/loan-settlement-by-city/greater-noida-sector-gamma-1,warning,Duplication,Duplicate Content Detected,10 similar pages: https://www.settleloans.in/loan-settlement-by-city/greater-noida-sector-alpha-1 (91.5% similar); https://www.settleloans.in/loan-settlement-by-city/greater-noida-sector-delta-1 (91.5% similar); https://www.settleloans.in/loan-settlement-by-city/greater-noida-sector-gamma-2 (91.5% similar); https://www.settleloans.in/loan-settlement-by-city/greater-noida-sector-omicron-1 (91.5% similar); https://www.settleloans.in/loan-settlement-by-city/greater-noida-sector-sigma-1 (91.5% similar) (+5 more)
https://www.settleloans.in/loan-settlement-by-city/noida-sector-93,warning,Duplication,Duplicate Content Detected,183 similar pages: https://www.settleloans.in/loan-settlement-by-city/noida-sector-1 (89.9% similar); https://www.settleloans.in/loan-settlement-by-city/noida-sector-10 (89.9% similar); https://www.settleloans.in/loan-settlement-by-city/noida-sector-100 (89.9% similar); https://www.settleloans.in/loan-settlement-by-city/noida-sector-101 (89.9% similar); https://www.settleloans.in/loan-settlement-by-city/noida-sector-102 (89.9% similar) (+178 more)
https://www.settleloans.in/loan-settlement-by-city/tronica-city-sector-a,warning,Duplication,Duplicate Content Detected,5 similar pages: https://www.settleloans.in/loan-settlement-by-city/tronica-city-sector-b (91.1% similar); https://www.settleloans.in/loan-settlement-by-city/tronica-city-sector-c (91.1% similar); https://www.settleloans.in/loan-settlement-by-city/tronica-city-sector-d (91.1% similar); https://www.settleloans.in/loan-settlement-by-city/tronica-city-sector-e (91.1% similar); https://www.settleloans.in/loan-settlement-by-city/loni-tronica-city (85.7% similar)
https://www.settleloans.in/loan-settlement-by-city/laxmi-nagar-bus-depot,warning,Duplication,Duplicate Content Detected,5 similar pages: https://www.settleloans.in/loan-settlement-by-city/laxmi-nagar (89.7% similar); https://www.settleloans.in/loan-settlement-by-city/dwarka-bus-depot (85.7% similar); https://www.settleloans.in/loan-settlement-by-city/mehrauli-bus-depot (85.7% similar); https://www.settleloans.in/loan-settlement-by-city/moti-nagar-depot (85.7% similar); https://www.settleloans.in/loan-settlement-by-city/vaishali-bus-depot (85.7% similar)
https://www.settleloans.in/loan-settlement-by-city/bathinda,warning,Duplication,Duplicate Content Detected,682 similar pages: https://www.settleloans.in/loan-settlement-by-city/abupur (86.1% similar); https://www.settleloans.in/loan-settlement-by-city/agartala (86.1% similar); https://www.settleloans.in/loan-settlement-by-city/agra (86.1% similar); https://www.settleloans.in/loan-settlement-by-city/ahmedabad (86.1% similar); https://www.settleloans.in/loan-settlement-by-city/aiims (86.1% similar) (+677 more)
https://www.settleloans.in/loan-settlement-by-city/noida-sector-118,warning,Duplication,Duplicate Content Detected,183 similar pages: https://www.settleloans.in/loan-settlement-by-city/noida-sector-1 (89.9% similar); https://www.settleloans.in/loan-settlement-by-city/noida-sector-10 (89.9% similar); https://www.settleloans.in/loan-settlement-by-city/noida-sector-100 (89.9% similar); https://www.settleloans.in/loan-settlement-by-city/noida-sector-101 (89.9% similar); https://www.settleloans.in/loan-settlement-by-city/noida-sector-102 (89.9% similar) (+178 more)
https://www.settleloans.in/loan-settlement-by-city/osmanabad,warning,Duplication,Duplicate Content Detected,682 similar pages: https://www.settleloans.in/loan-settlement-by-city/abupur (86.1% similar); https://www.settleloans.in/loan-settlement-by-city/agartala (86.1% similar); https://www.settleloans.in/loan-settlement-by-city/agra (86.1% similar); https://www.settleloans.in/loan-settlement-by-city/ahmedabad (86.1% similar); https://www.settleloans.in/loan-settlement-by-city/aiims (86.1% similar) (+677 more)
https://www.settleloans.in/loan-settlement-by-city/greater-noida-sector-zeta-1,warning,Duplication,Duplicate Content Detected,11 similar pages: https://www.settleloans.in/loan-settlement-by-city/greater-noida-sector-beta-1 (92.0% similar); https://www.settleloans.in/loan-settlement-by-city/greater-noida-sector-pi-1 (92.0% similar); https://www.settleloans.in/loan-settlement-by-city/greater-noida-sector-tau-1 (92.0% similar); https://www.settleloans.in/loan-settlement-by-city/greater-noida-sector-zeta-2 (92.0% similar); https://www.settleloans.in/loan-settlement-by-city/noida-sector-1 (90.9% similar) (+6 more)
https://www.settleloans.in/loan-settlement-by-city/noida-sector-57,warning,Duplication,Duplicate Content Detected,183 similar pages: https://www.settleloans.in/loan-settlement-by-city/noida-sector-1 (89.9% similar); https://www.settleloans.in/loan-settlement-by-city/noida-sector-10 (89.9% similar); https://www.settleloans.in/loan-settlement-by-city/noida-sector-100 (89.9% similar); https://www.settleloans.in/loan-settlement-by-city/noida-sector-101 (89.9% similar); https://www.settleloans.in/loan-settlement-by-city/noida-sector-102 (89.9% similar) (+178 more)
https://www.settleloans.in/loan-settlement-by-city/noida-sector-139,warning,Duplication,Duplicate Content Detected,183 similar pages: https://www.settleloans.in/loan-settlement-by-city/noida-sector-1 (89.9% similar); https://www.settleloans.in/loan-settlement-by-city/noida-sector-10 (89.9% similar); https://www.settleloans.in/loan-settlement-by-city/noida-sector-100 (89.9% similar); https://www.settleloans.in/loan-settlement-by-city/noida-sector-101 (89.9% similar); https://www.settleloans.in/loan-settlement-by-city/noida-sector-102 (89.9% similar) (+178 more)
https://www.settleloans.in/loan-settlement-by-city/belgaum,warning,Duplication,Duplicate Content Detected,682 similar pages: https://www.settleloans.in/loan-settlement-by-city/abupur (86.1% similar); https://www.settleloans.in/loan-settlement-by-city/agartala (86.1% similar); https://www.settleloans.in/loan-settlement-by-city/agra (86.1% similar); https://www.settleloans.in/loan-settlement-by-city/ahmedabad (86.1% similar); https://www.settleloans.in/loan-settlement-by-city/aiims (86.1% similar) (+677 more)
https://www.settleloans.in/loan-settlement-by-city/gurugram-sector-22b,warning,Duplication,Duplicate Content Detected,48 similar pages: https://www.settleloans.in/loan-settlement-by-city/gurugram-sector-1 (89.9% similar); https://www.settleloans.in/loan-settlement-by-city/gurugram-sector-10 (89.9% similar); https://www.settleloans.in/loan-settlement-by-city/gurugram-sector-10a (89.9% similar); https://www.settleloans.in/loan-settlement-by-city/gurugram-sector-11 (89.9% similar); https://www.settleloans.in/loan-settlement-by-city/gurugram-sector-12 (89.9% similar) (+43 more)
https://www.settleloans.in/loan-settlement-by-city/north-east-delhi,warning,Duplication,Duplicate Content Detected,4 similar pages: https://www.settleloans.in/loan-settlement-by-city/north-delhi (94.5% similar); https://www.settleloans.in/loan-settlement-by-city/north-west-delhi (89.9% similar); https://www.settleloans.in/loan-settlement-by-city/south-east-delhi (89.9% similar); https://www.settleloans.in/loan-settlement-by-city/delhi (88.1% similar)
https://www.settleloans.in/loan-settlement-by-city/faridabad-sector-22,warning,Duplication,Duplicate Content Detected,43 similar pages: https://www.settleloans.in/loan-settlement-by-city/faridabad-sector-1 (89.9% similar); https://www.settleloans.in/loan-settlement-by-city/faridabad-sector-10 (89.9% similar); https://www.settleloans.in/loan-settlement-by-city/faridabad-sector-11 (89.9% similar); https://www.settleloans.in/loan-settlement-by-city/faridabad-sector-12 (89.9% similar); https://www.settleloans.in/loan-settlement-by-city/faridabad-sector-13 (89.9% similar) (+38 more)
https://www.settleloans.in/loan-settlement-by-city/noida-sector-4,warning,Duplication,Duplicate Content Detected,198 similar pages: https://www.settleloans.in/loan-settlement-by-city/noida-extension-sector-4 (95.2% similar); https://www.settleloans.in/loan-settlement-by-city/faridabad-sector-4 (89.9% similar); https://www.settleloans.in/loan-settlement-by-city/govindpuram-sector-4 (89.9% similar); https://www.settleloans.in/loan-settlement-by-city/gurugram-sector-4 (89.9% similar); https://www.settleloans.in/loan-settlement-by-city/noida-sector-1 (89.9% similar) (+193 more)
https://www.settleloans.in/loan-settlement-by-city/wave-city-sector-7,warning,Duplication,Duplicate Content Detected,15 similar pages: https://www.settleloans.in/loan-settlement-by-city/wave-city-sector-1 (91.1% similar); https://www.settleloans.in/loan-settlement-by-city/wave-city-sector-2 (91.1% similar); https://www.settleloans.in/loan-settlement-by-city/wave-city-sector-3 (91.1% similar); https://www.settleloans.in/loan-settlement-by-city/wave-city-sector-4 (91.1% similar); https://www.settleloans.in/loan-settlement-by-city/wave-city-sector-5 (91.1% similar) (+10 more)
https://www.settleloans.in/loan-settlement-by-city/lohardaga,warning,Duplication,Duplicate Content Detected,682 similar pages: https://www.settleloans.in/loan-settlement-by-city/abupur (86.1% similar); https://www.settleloans.in/loan-settlement-by-city/agartala (86.1% similar); https://www.settleloans.in/loan-settlement-by-city/agra (86.1% similar); https://www.settleloans.in/loan-settlement-by-city/ahmedabad (86.1% similar); https://www.settleloans.in/loan-settlement-by-city/aiims (86.1% similar) (+677 more)
https://www.settleloans.in/loan-settlement-by-city/vikaspuri,warning,Duplication,Duplicate Content Detected,682 similar pages: https://www.settleloans.in/loan-settlement-by-city/abupur (86.1% similar); https://www.settleloans.in/loan-settlement-by-city/agartala (86.1% similar); https://www.settleloans.in/loan-settlement-by-city/agra (86.1% similar); https://www.settleloans.in/loan-settlement-by-city/ahmedabad (86.1% similar); https://www.settleloans.in/loan-settlement-by-city/aiims (86.1% similar) (+677 more)
https://www.settleloans.in/loan-settlement-by-city/greater-noida-sector-alpha-1,warning,Duplication,Duplicate Content Detected,10 similar pages: https://www.settleloans.in/loan-settlement-by-city/greater-noida-sector-alpha-2 (91.5% similar); https://www.settleloans.in/loan-settlement-by-city/greater-noida-sector-delta-1 (91.5% similar); https://www.settleloans.in/loan-settlement-by-city/greater-noida-sector-gamma-1 (91.5% similar); https://www.settleloans.in/loan-settlement-by-city/greater-noida-sector-omicron-1 (91.5% similar); https://www.settleloans.in/loan-settlement-by-city/greater-noida-sector-sigma-1 (91.5% similar) (+5 more)
https://www.settleloans.in/loan-settlement-by-city/kamrup-metropolitan,warning,Duplication,Duplicate Content Detected,1 similar page: https://www.settleloans.in/loan-settlement-by-city/kamrup (93.5% similar)
https://www.settleloans.in/loan-settlement-by-city/greater-noida-sector-sigma-4,warning,Duplication,Duplicate Content Detected,5 similar pages: https://www.settleloans.in/loan-settlement-by-city/greater-noida-sector-delta-4 (91.5% similar); https://www.settleloans.in/loan-settlement-by-city/greater-noida-sector-sigma-1 (91.5% similar); https://www.settleloans.in/loan-settlement-by-city/greater-noida-sector-sigma-2 (91.5% similar); https://www.settleloans.in/loan-settlement-by-city/greater-noida-sector-sigma-3 (91.5% similar); https://www.settleloans.in/loan-settlement-by-city/noida-sector-4 (88.2% similar)
https://www.settleloans.in/loan-settlement-by-city/mumbai,warning,Duplication,Duplicate Content Detected,684 similar pages: https://www.settleloans.in/loan-settlement-by-city/mumbai-city (93.5% similar); https://www.settleloans.in/loan-settlement-by-city/mumbai-suburban (93.5% similar); https://www.settleloans.in/loan-settlement-by-city/abupur (86.1% similar); https://www.settleloans.in/loan-settlement-by-city/agartala (86.1% similar); https://www.settleloans.in/loan-settlement-by-city/agra (86.1% similar) (+679 more)
https://www.settleloans.in/loan-settlement-by-city/gurugram-sector-11,warning,Duplication,Duplicate Content Detected,54 similar pages: https://www.settleloans.in/loan-settlement-by-city/faridabad-sector-11 (89.9% similar); https://www.settleloans.in/loan-settlement-by-city/gurugram-sector-1 (89.9% similar); https://www.settleloans.in/loan-settlement-by-city/gurugram-sector-10 (89.9% similar); https://www.settleloans.in/loan-settlement-by-city/gurugram-sector-10a (89.9% similar); https://www.settleloans.in/loan-settlement-by-city/gurugram-sector-12 (89.9% similar) (+49 more)
https://www.settleloans.in/loan-settlement-by-city/sindhudurg,warning,Duplication,Duplicate Content Detected,682 similar pages: https://www.settleloans.in/loan-settlement-by-city/abupur (86.1% similar); https://www.settleloans.in/loan-settlement-by-city/agartala (86.1% similar); https://www.settleloans.in/loan-settlement-by-city/agra (86.1% similar); https://www.settleloans.in/loan-settlement-by-city/ahmedabad (86.1% similar); https://www.settleloans.in/loan-settlement-by-city/aiims (86.1% similar) (+677 more)
https://www.settleloans.in/loan-settlement-by-city/basti,warning,Duplication,Duplicate Content Detected,682 similar pages: https://www.settleloans.in/loan-settlement-by-city/abupur (86.1% similar); https://www.settleloans.in/loan-settlement-by-city/agartala (86.1% similar); https://www.settleloans.in/loan-settlement-by-city/agra (86.1% similar); https://www.settleloans.in/loan-settlement-by-city/ahmedabad (86.1% similar); https://www.settleloans.in/loan-settlement-by-city/aiims (86.1% similar) (+677 more)
https://www.settleloans.in/loan-settlement-by-city/morti-extension,warning,Duplication,Duplicate Content Detected,7 similar pages: https://www.settleloans.in/loan-settlement-by-city/bhopura-extension (88.3% similar); https://www.settleloans.in/loan-settlement-by-city/ecotech-extension (88.3% similar); https://www.settleloans.in/loan-settlement-by-city/govindpuram-extension (88.3% similar); https://www.settleloans.in/loan-settlement-by-city/ip-extension (88.3% similar); https://www.settleloans.in/loan-settlement-by-city/morti-village (88.3% similar) (+2 more)
https://www.settleloans.in/loan-settlement-by-city/morena,warning,Duplication,Duplicate Content Detected,682 similar pages: https://www.settleloans.in/loan-settlement-by-city/abupur (86.1% similar); https://www.settleloans.in/loan-settlement-by-city/agartala (86.1% similar); https://www.settleloans.in/loan-settlement-by-city/agra (86.1% similar); https://www.settleloans.in/loan-settlement-by-city/ahmedabad (86.1% similar); https://www.settleloans.in/loan-settlement-by-city/aiims (86.1% similar) (+677 more)
https://www.settleloans.in/loan-settlement-by-city/bilaspur,warning,Duplication,Duplicate Content Detected,682 similar pages: https://www.settleloans.in/loan-settlement-by-city/abupur (86.1% similar); https://www.settleloans.in/loan-settlement-by-city/agartala (86.1% similar); https://www.settleloans.in/loan-settlement-by-city/agra (86.1% similar); https://www.settleloans.in/loan-settlement-by-city/ahmedabad (86.1% similar); https://www.settleloans.in/loan-settlement-by-city/aiims (86.1% similar) (+677 more)
https://www.settleloans.in/loan-settlement-by-city/noida-extension-sector-10,warning,Duplication,Duplicate Content Detected,186 similar pages: https://www.settleloans.in/loan-settlement-by-city/noida-sector-10 (95.2% similar); https://www.settleloans.in/loan-settlement-by-city/noida-extension-sector-1 (91.1% similar); https://www.settleloans.in/loan-settlement-by-city/noida-extension-sector-12 (91.1% similar); https://www.settleloans.in/loan-settlement-by-city/noida-extension-sector-16 (91.1% similar); https://www.settleloans.in/loan-settlement-by-city/noida-extension-sector-16b (91.1% similar) (+181 more)
https://www.settleloans.in/loan-settlement-by-city/jaisalmer,warning,Duplication,Duplicate Content Detected,682 similar pages: https://www.settleloans.in/loan-settlement-by-city/abupur (86.1% similar); https://www.settleloans.in/loan-settlement-by-city/agartala (86.1% similar); https://www.settleloans.in/loan-settlement-by-city/agra (86.1% similar); https://www.settleloans.in/loan-settlement-by-city/ahmedabad (86.1% similar); https://www.settleloans.in/loan-settlement-by-city/aiims (86.1% similar) (+677 more)
https://www.settleloans.in/loan-settlement-by-city/gurugram-sector-38,warning,Duplication,Duplicate Content Detected,49 similar pages: https://www.settleloans.in/loan-settlement-by-city/gurugram-sector-1 (89.9% similar); https://www.settleloans.in/loan-settlement-by-city/gurugram-sector-10 (89.9% similar); https://www.settleloans.in/loan-settlement-by-city/gurugram-sector-10a (89.9% similar); https://www.settleloans.in/loan-settlement-by-city/gurugram-sector-11 (89.9% similar); https://www.settleloans.in/loan-settlement-by-city/gurugram-sector-12 (89.9% similar) (+44 more)
https://www.settleloans.in/loan-settlement-by-city/narayanpur,warning,Duplication,Duplicate Content Detected,682 similar pages: https://www.settleloans.in/loan-settlement-by-city/abupur (86.1% similar); https://www.settleloans.in/loan-settlement-by-city/agartala (86.1% similar); https://www.settleloans.in/loan-settlement-by-city/agra (86.1% similar); https://www.settleloans.in/loan-settlement-by-city/ahmedabad (86.1% similar); https://www.settleloans.in/loan-settlement-by-city/aiims (86.1% similar) (+677 more)
https://www.settleloans.in/loan-settlement-by-city/firozabad,warning,Duplication,Duplicate Content Detected,682 similar pages: https://www.settleloans.in/loan-settlement-by-city/abupur (86.1% similar); https://www.settleloans.in/loan-settlement-by-city/agartala (86.1% similar); https://www.settleloans.in/loan-settlement-by-city/agra (86.1% similar); https://www.settleloans.in/loan-settlement-by-city/ahmedabad (86.1% similar); https://www.settleloans.in/loan-settlement-by-city/aiims (86.1% similar) (+677 more)
https://www.settleloans.in/loan-settlement-by-city/jabalpur,warning,Duplication,Duplicate Content Detected,682 similar pages: https://www.settleloans.in/loan-settlement-by-city/abupur (86.1% similar); https://www.settleloans.in/loan-settlement-by-city/agartala (86.1% similar); https://www.settleloans.in/loan-settlement-by-city/agra (86.1% similar); https://www.settleloans.in/loan-settlement-by-city/ahmedabad (86.1% similar); https://www.settleloans.in/loan-settlement-by-city/aiims (86.1% similar) (+677 more)
https://www.settleloans.in/loan-settlement-by-city/bengaluru-rural,warning,Duplication,Duplicate Content Detected,3 similar pages: https://www.settleloans.in/loan-settlement-by-city/bangalore-rural (88.3% similar); https://www.settleloans.in/loan-settlement-by-city/bengaluru-urban (88.3% similar); https://www.settleloans.in/loan-settlement-by-city/warangal-rural (88.3% similar)
https://www.settleloans.in/loan-settlement-by-city/thrissur,warning,Duplication,Duplicate Content Detected,682 similar pages: https://www.settleloans.in/loan-settlement-by-city/abupur (86.1% similar); https://www.settleloans.in/loan-settlement-by-city/agartala (86.1% similar); https://www.settleloans.in/loan-settlement-by-city/agra (86.1% similar); https://www.settleloans.in/loan-settlement-by-city/ahmedabad (86.1% similar); https://www.settleloans.in/loan-settlement-by-city/aiims (86.1% similar) (+677 more)
https://www.settleloans.in/loan-settlement-by-city/kalahandi,warning,Duplication,Duplicate Content Detected,682 similar pages: https://www.settleloans.in/loan-settlement-by-city/abupur (86.1% similar); https://www.settleloans.in/loan-settlement-by-city/agartala (86.1% similar); https://www.settleloans.in/loan-settlement-by-city/agra (86.1% similar); https://www.settleloans.in/loan-settlement-by-city/ahmedabad (86.1% similar); https://www.settleloans.in/loan-settlement-by-city/aiims (86.1% similar) (+677 more)
https://www.settleloans.in/loan-settlement-by-city/chitradurga,warning,Duplication,Duplicate Content Detected,682 similar pages: https://www.settleloans.in/loan-settlement-by-city/abupur (86.1% similar); https://www.settleloans.in/loan-settlement-by-city/agartala (86.1% similar); https://www.settleloans.in/loan-settlement-by-city/agra (86.1% similar); https://www.settleloans.in/loan-settlement-by-city/ahmedabad (86.1% similar); https://www.settleloans.in/loan-settlement-by-city/aiims (86.1% similar) (+677 more)
https://www.settleloans.in/loan-settlement-by-city/bareilly,warning,Duplication,Duplicate Content Detected,682 similar pages: https://www.settleloans.in/loan-settlement-by-city/abupur (86.1% similar); https://www.settleloans.in/loan-settlement-by-city/agartala (86.1% similar); https://www.settleloans.in/loan-settlement-by-city/agra (86.1% similar); https://www.settleloans.in/loan-settlement-by-city/ahmedabad (86.1% similar); https://www.settleloans.in/loan-settlement-by-city/aiims (86.1% similar) (+677 more)
https://www.settleloans.in/loan-settlement-by-city/mahasamund,warning,Duplication,Duplicate Content Detected,682 similar pages: https://www.settleloans.in/loan-settlement-by-city/abupur (86.1% similar); https://www.settleloans.in/loan-settlement-by-city/agartala (86.1% similar); https://www.settleloans.in/loan-settlement-by-city/agra (86.1% similar); https://www.settleloans.in/loan-settlement-by-city/ahmedabad (86.1% similar); https://www.settleloans.in/loan-settlement-by-city/aiims (86.1% similar) (+677 more)
https://www.settleloans.in/loan-settlement-by-city/shadipur-metro,warning,Duplication,Duplicate Content Detected,16 similar pages: https://www.settleloans.in/loan-settlement-by-city/shadipur (93.5% similar); https://www.settleloans.in/loan-settlement-by-city/aiims-metro (88.3% similar); https://www.settleloans.in/loan-settlement-by-city/badarpur-metro (88.3% similar); https://www.settleloans.in/loan-settlement-by-city/ghevra-metro (88.3% similar); https://www.settleloans.in/loan-settlement-by-city/ito-metro (88.3% similar) (+11 more)
https://www.settleloans.in/loan-settlement-by-city/noida-sector-108,warning,Duplication,Duplicate Content Detected,183 similar pages: https://www.settleloans.in/loan-settlement-by-city/noida-sector-1 (89.9% similar); https://www.settleloans.in/loan-settlement-by-city/noida-sector-10 (89.9% similar); https://www.settleloans.in/loan-settlement-by-city/noida-sector-100 (89.9% similar); https://www.settleloans.in/loan-settlement-by-city/noida-sector-101 (89.9% similar); https://www.settleloans.in/loan-settlement-by-city/noida-sector-102 (89.9% similar) (+178 more)
https://www.settleloans.in/loan-settlement-by-city/kochi,warning,Duplication,Duplicate Content Detected,682 similar pages: https://www.settleloans.in/loan-settlement-by-city/abupur (86.1% similar); https://www.settleloans.in/loan-settlement-by-city/agartala (86.1% similar); https://www.settleloans.in/loan-settlement-by-city/agra (86.1% similar); https://www.settleloans.in/loan-settlement-by-city/ahmedabad (86.1% similar); https://www.settleloans.in/loan-settlement-by-city/aiims (86.1% similar) (+677 more)
https://www.settleloans.in/loan-settlement-by-city/noida-sector-101,warning,Duplication,Duplicate Content Detected,183 similar pages: https://www.settleloans.in/loan-settlement-by-city/noida-sector-1 (89.9% similar); https://www.settleloans.in/loan-settlement-by-city/noida-sector-10 (89.9% similar); https://www.settleloans.in/loan-settlement-by-city/noida-sector-100 (89.9% similar); https://www.settleloans.in/loan-settlement-by-city/noida-sector-102 (89.9% similar); https://www.settleloans.in/loan-settlement-by-city/noida-sector-103 (89.9% similar) (+178 more)
https://www.settleloans.in/loan-settlement-by-city/noida-sector-24,warning,Duplication,Duplicate Content Detected,187 similar pages: https://www.settleloans.in/loan-settlement-by-city/faridabad-sector-24 (89.9% similar); https://www.settleloans.in/loan-settlement-by-city/gurugram-sector-24 (89.9% similar); https://www.settleloans.in/loan-settlement-by-city/noida-sector-1 (89.9% similar); https://www.settleloans.in/loan-settlement-by-city/noida-sector-10 (89.9% similar); https://www.settleloans.in/loan-settlement-by-city/noida-sector-100 (89.9% similar) (+182 more)
https://www.settleloans.in/loan-settlement-by-city/kolasib,warning,Duplication,Duplicate Content Detected,682 similar pages: https://www.settleloans.in/loan-settlement-by-city/abupur (86.1% similar); https://www.settleloans.in/loan-settlement-by-city/agartala (86.1% similar); https://www.settleloans.in/loan-settlement-by-city/agra (86.1% similar); https://www.settleloans.in/loan-settlement-by-city/ahmedabad (86.1% similar); https://www.settleloans.in/loan-settlement-by-city/aiims (86.1% similar) (+677 more)
https://www.settleloans.in/loan-settlement-by-city/vasundhara-sector-2,warning,Duplication,Duplicate Content Detected,44 similar pages: https://www.settleloans.in/loan-settlement-by-city/sector-2-vasundhara (100.0% similar); https://www.settleloans.in/loan-settlement-by-city/faridabad-sector-2 (89.9% similar); https://www.settleloans.in/loan-settlement-by-city/govindpuram-sector-2 (89.9% similar); https://www.settleloans.in/loan-settlement-by-city/gurugram-sector-2 (89.9% similar); https://www.settleloans.in/loan-settlement-by-city/nehrunagar-sector-2 (89.9% similar) (+39 more)
https://www.settleloans.in/loan-settlement-by-city/shadipur,warning,Duplication,Duplicate Content Detected,683 similar pages: https://www.settleloans.in/loan-settlement-by-city/shadipur-metro (93.5% similar); https://www.settleloans.in/loan-settlement-by-city/abupur (86.1% similar); https://www.settleloans.in/loan-settlement-by-city/agartala (86.1% similar); https://www.settleloans.in/loan-settlement-by-city/agra (86.1% similar); https://www.settleloans.in/loan-settlement-by-city/ahmedabad (86.1% similar) (+678 more)
https://www.settleloans.in/loan-settlement-by-city/pulwama,warning,Duplication,Duplicate Content Detected,682 similar pages: https://www.settleloans.in/loan-settlement-by-city/abupur (86.1% similar); https://www.settleloans.in/loan-settlement-by-city/agartala (86.1% similar); https://www.settleloans.in/loan-settlement-by-city/agra (86.1% similar); https://www.settleloans.in/loan-settlement-by-city/ahmedabad (86.1% similar); https://www.settleloans.in/loan-settlement-by-city/aiims (86.1% similar) (+677 more)
https://www.settleloans.in/loan-settlement-by-city/noida-sector-94,warning,Duplication,Duplicate Content Detected,183 similar pages: https://www.settleloans.in/loan-settlement-by-city/noida-sector-1 (89.9% similar); https://www.settleloans.in/loan-settlement-by-city/noida-sector-10 (89.9% similar); https://www.settleloans.in/loan-settlement-by-city/noida-sector-100 (89.9% similar); https://www.settleloans.in/loan-settlement-by-city/noida-sector-101 (89.9% similar); https://www.settleloans.in/loan-settlement-by-city/noida-sector-102 (89.9% similar) (+178 more)
https://www.settleloans.in/loan-settlement-by-city/anand-vihar-isbt,warning,Duplication,Duplicate Content Detected,1 similar page: https://www.settleloans.in/loan-settlement-by-city/anand-vihar-depot (89.9% similar)
https://www.settleloans.in/loan-settlement-by-city/indirapuram-abhay-khand-1,warning,Duplication,Duplicate Content Detected,11 similar pages: https://www.settleloans.in/loan-settlement-by-city/abhay-khand-1 (95.2% similar); https://www.settleloans.in/loan-settlement-by-city/indirapuram-abhay-khand-2 (91.1% similar); https://www.settleloans.in/loan-settlement-by-city/indirapuram-abhay-khand-3 (91.1% similar); https://www.settleloans.in/loan-settlement-by-city/indirapuram-nyay-khand-1 (91.1% similar); https://www.settleloans.in/loan-settlement-by-city/indirapuram-shakti-khand-1 (91.1% similar) (+6 more)
https://www.settleloans.in/loan-settlement-by-city/yadgir,warning,Duplication,Duplicate Content Detected,682 similar pages: https://www.settleloans.in/loan-settlement-by-city/abupur (86.1% similar); https://www.settleloans.in/loan-settlement-by-city/agartala (86.1% similar); https://www.settleloans.in/loan-settlement-by-city/agra (86.1% similar); https://www.settleloans.in/loan-settlement-by-city/ahmedabad (86.1% similar); https://www.settleloans.in/loan-settlement-by-city/aiims (86.1% similar) (+677 more)
https://www.settleloans.in/loan-settlement-by-city/dhar,warning,Duplication,Duplicate Content Detected,682 similar pages: https://www.settleloans.in/loan-settlement-by-city/abupur (86.1% similar); https://www.settleloans.in/loan-settlement-by-city/agartala (86.1% similar); https://www.settleloans.in/loan-settlement-by-city/agra (86.1% similar); https://www.settleloans.in/loan-settlement-by-city/ahmedabad (86.1% similar); https://www.settleloans.in/loan-settlement-by-city/aiims (86.1% similar) (+677 more)
https://www.settleloans.in/loan-settlement-by-city/tengnoupal,warning,Duplication,Duplicate Content Detected,682 similar pages: https://www.settleloans.in/loan-settlement-by-city/abupur (86.1% similar); https://www.settleloans.in/loan-settlement-by-city/agartala (86.1% similar); https://www.settleloans.in/loan-settlement-by-city/agra (86.1% similar); https://www.settleloans.in/loan-settlement-by-city/ahmedabad (86.1% similar); https://www.settleloans.in/loan-settlement-by-city/aiims (86.1% similar) (+677 more)
https://www.settleloans.in/loan-settlement-by-city/khagaria,warning,Duplication,Duplicate Content Detected,682 similar pages: https://www.settleloans.in/loan-settlement-by-city/abupur (86.1% similar); https://www.settleloans.in/loan-settlement-by-city/agartala (86.1% similar); https://www.settleloans.in/loan-settlement-by-city/agra (86.1% similar); https://www.settleloans.in/loan-settlement-by-city/ahmedabad (86.1% similar); https://www.settleloans.in/loan-settlement-by-city/aiims (86.1% similar) (+677 more)
https://www.settleloans.in/loan-settlement-by-city/jalaun,warning,Duplication,Duplicate Content Detected,682 similar pages: https://www.settleloans.in/loan-settlement-by-city/abupur (86.1% similar); https://www.settleloans.in/loan-settlement-by-city/agartala (86.1% similar); https://www.settleloans.in/loan-settlement-by-city/agra (86.1% similar); https://www.settleloans.in/loan-settlement-by-city/ahmedabad (86.1% similar); https://www.settleloans.in/loan-settlement-by-city/aiims (86.1% similar) (+677 more)
https://www.settleloans.in/loan-settlement-by-city/shahdara,warning,Duplication,Duplicate Content Detected,683 similar pages: https://www.settleloans.in/loan-settlement-by-city/shahdara-depot (93.5% similar); https://www.settleloans.in/loan-settlement-by-city/abupur (86.1% similar); https://www.settleloans.in/loan-settlement-by-city/agartala (86.1% similar); https://www.settleloans.in/loan-settlement-by-city/agra (86.1% similar); https://www.settleloans.in/loan-settlement-by-city/ahmedabad (86.1% similar) (+678 more)
https://www.settleloans.in/loan-settlement-by-city/noida-sector-2,warning,Duplication,Duplicate Content Detected,211 similar pages: https://www.settleloans.in/loan-settlement-by-city/noida-extension-sector-2 (95.2% similar); https://www.settleloans.in/loan-settlement-by-city/greater-noida-sector-beta-2 (90.9% similar); https://www.settleloans.in/loan-settlement-by-city/greater-noida-sector-pi-2 (90.9% similar); https://www.settleloans.in/loan-settlement-by-city/greater-noida-sector-tau-2 (90.9% similar); https://www.settleloans.in/loan-settlement-by-city/greater-noida-sector-zeta-2 (90.9% similar) (+206 more)
https://www.settleloans.in/loan-settlement-by-city/gurugram-sector-2,warning,Duplication,Duplicate Content Detected,69 similar pages: https://www.settleloans.in/loan-settlement-by-city/gurugram-sector-15-part-2 (90.9% similar); https://www.settleloans.in/loan-settlement-by-city/faridabad-sector-2 (89.9% similar); https://www.settleloans.in/loan-settlement-by-city/govindpuram-sector-2 (89.9% similar); https://www.settleloans.in/loan-settlement-by-city/gurugram-sector-1 (89.9% similar); https://www.settleloans.in/loan-settlement-by-city/gurugram-sector-10 (89.9% similar) (+64 more)
https://www.settleloans.in/loan-settlement-by-city/kheri,warning,Duplication,Duplicate Content Detected,683 similar pages: https://www.settleloans.in/loan-settlement-by-city/lakhimpur-kheri (93.5% similar); https://www.settleloans.in/loan-settlement-by-city/abupur (86.1% similar); https://www.settleloans.in/loan-settlement-by-city/agartala (86.1% similar); https://www.settleloans.in/loan-settlement-by-city/agra (86.1% similar); https://www.settleloans.in/loan-settlement-by-city/ahmedabad (86.1% similar) (+678 more)
https://www.settleloans.in/loan-settlement-by-city/simdega,warning,Duplication,Duplicate Content Detected,682 similar pages: https://www.settleloans.in/loan-settlement-by-city/abupur (86.1% similar); https://www.settleloans.in/loan-settlement-by-city/agartala (86.1% similar); https://www.settleloans.in/loan-settlement-by-city/agra (86.1% similar); https://www.settleloans.in/loan-settlement-by-city/ahmedabad (86.1% similar); https://www.settleloans.in/loan-settlement-by-city/aiims (86.1% similar) (+677 more)
https://www.settleloans.in/loan-settlement-by-city/koriya,warning,Duplication,Duplicate Content Detected,682 similar pages: https://www.settleloans.in/loan-settlement-by-city/abupur (86.1% similar); https://www.settleloans.in/loan-settlement-by-city/agartala (86.1% similar); https://www.settleloans.in/loan-settlement-by-city/agra (86.1% similar); https://www.settleloans.in/loan-settlement-by-city/ahmedabad (86.1% similar); https://www.settleloans.in/loan-settlement-by-city/aiims (86.1% similar) (+677 more)
https://www.settleloans.in/loan-settlement-by-city/gurugram-sector-34,warning,Duplication,Duplicate Content Detected,50 similar pages: https://www.settleloans.in/loan-settlement-by-city/faridabad-sector-34 (89.9% similar); https://www.settleloans.in/loan-settlement-by-city/gurugram-sector-1 (89.9% similar); https://www.settleloans.in/loan-settlement-by-city/gurugram-sector-10 (89.9% similar); https://www.settleloans.in/loan-settlement-by-city/gurugram-sector-10a (89.9% similar); https://www.settleloans.in/loan-settlement-by-city/gurugram-sector-11 (89.9% similar) (+45 more)
https://www.settleloans.in/loan-settlement-by-city/okhla,warning,Duplication,Duplicate Content Detected,685 similar pages: https://www.settleloans.in/loan-settlement-by-city/okhla-nsic (93.5% similar); https://www.settleloans.in/loan-settlement-by-city/okhla-vihar (93.5% similar); https://www.settleloans.in/loan-settlement-by-city/okhla-bird-sanctuary (88.1% similar); https://www.settleloans.in/loan-settlement-by-city/abupur (86.1% similar); https://www.settleloans.in/loan-settlement-by-city/agartala (86.1% similar) (+680 more)
https://www.settleloans.in/loan-settlement-by-city/uttarakhand,warning,Duplication,Duplicate Content Detected,682 similar pages: https://www.settleloans.in/loan-settlement-by-city/abupur (86.1% similar); https://www.settleloans.in/loan-settlement-by-city/agartala (86.1% similar); https://www.settleloans.in/loan-settlement-by-city/agra (86.1% similar); https://www.settleloans.in/loan-settlement-by-city/ahmedabad (86.1% similar); https://www.settleloans.in/loan-settlement-by-city/aiims (86.1% similar) (+677 more)
https://www.settleloans.in/loan-settlement-by-city/mohan-nagar-industrial-area,warning,Duplication,Duplicate Content Detected,8 similar pages: https://www.settleloans.in/loan-settlement-by-city/kirti-nagar-industrial-area (91.1% similar); https://www.settleloans.in/loan-settlement-by-city/mohan-nagar (89.7% similar); https://www.settleloans.in/loan-settlement-by-city/dasna-industrial-area (85.7% similar); https://www.settleloans.in/loan-settlement-by-city/jhilmil-industrial-area (85.7% similar); https://www.settleloans.in/loan-settlement-by-city/karampura-industrial-area (85.7% similar) (+3 more)
https://www.settleloans.in/loan-settlement-by-city/kottayam,warning,Duplication,Duplicate Content Detected,682 similar pages: https://www.settleloans.in/loan-settlement-by-city/abupur (86.1% similar); https://www.settleloans.in/loan-settlement-by-city/agartala (86.1% similar); https://www.settleloans.in/loan-settlement-by-city/agra (86.1% similar); https://www.settleloans.in/loan-settlement-by-city/ahmedabad (86.1% similar); https://www.settleloans.in/loan-settlement-by-city/aiims (86.1% similar) (+677 more)
https://www.settleloans.in/loan-settlement-by-city/jalpaiguri,warning,Duplication,Duplicate Content Detected,682 similar pages: https://www.settleloans.in/loan-settlement-by-city/abupur (86.1% similar); https://www.settleloans.in/loan-settlement-by-city/agartala (86.1% similar); https://www.settleloans.in/loan-settlement-by-city/agra (86.1% similar); https://www.settleloans.in/loan-settlement-by-city/ahmedabad (86.1% similar); https://www.settleloans.in/loan-settlement-by-city/aiims (86.1% similar) (+677 more)
https://www.settleloans.in/loan-settlement-by-city/murshidabad,warning,Duplication,Duplicate Content Detected,682 similar pages: https://www.settleloans.in/loan-settlement-by-city/abupur (86.1% similar); https://www.settleloans.in/loan-settlement-by-city/agartala (86.1% similar); https://www.settleloans.in/loan-settlement-by-city/agra (86.1% similar); https://www.settleloans.in/loan-settlement-by-city/ahmedabad (86.1% similar); https://www.settleloans.in/loan-settlement-by-city/aiims (86.1% similar) (+677 more)
https://www.settleloans.in/loan-settlement-by-city/sector-theta-3,warning,Duplication,Duplicate Content Detected,21 similar pages: https://www.settleloans.in/loan-settlement-by-city/faridabad-sector-3 (89.9% similar); https://www.settleloans.in/loan-settlement-by-city/govindpuram-sector-3 (89.9% similar); https://www.settleloans.in/loan-settlement-by-city/gurugram-sector-3 (89.9% similar); https://www.settleloans.in/loan-settlement-by-city/nehrunagar-sector-3 (89.9% similar); https://www.settleloans.in/loan-settlement-by-city/noida-sector-3 (89.9% similar) (+16 more)
https://www.settleloans.in/loan-settlement-by-city/dausa,warning,Duplication,Duplicate Content Detected,682 similar pages: https://www.settleloans.in/loan-settlement-by-city/abupur (86.1% similar); https://www.settleloans.in/loan-settlement-by-city/agartala (86.1% similar); https://www.settleloans.in/loan-settlement-by-city/agra (86.1% similar); https://www.settleloans.in/loan-settlement-by-city/ahmedabad (86.1% similar); https://www.settleloans.in/loan-settlement-by-city/aiims (86.1% similar) (+677 more)
https://www.settleloans.in/loan-settlement-by-city/kanpur,warning,Duplication,Duplicate Content Detected,684 similar pages: https://www.settleloans.in/loan-settlement-by-city/kanpur-dehat (93.5% similar); https://www.settleloans.in/loan-settlement-by-city/kanpur-nagar (93.5% similar); https://www.settleloans.in/loan-settlement-by-city/abupur (86.1% similar); https://www.settleloans.in/loan-settlement-by-city/agartala (86.1% similar); https://www.settleloans.in/loan-settlement-by-city/agra (86.1% similar) (+679 more)
https://www.settleloans.in/loan-settlement-by-city/faridabad,warning,Duplication,Duplicate Content Detected,723 similar pages: https://www.settleloans.in/loan-settlement-by-city/faridabad-bus-stand (88.1% similar); https://www.settleloans.in/loan-settlement-by-city/faridabad-sector-1 (88.1% similar); https://www.settleloans.in/loan-settlement-by-city/faridabad-sector-10 (88.1% similar); https://www.settleloans.in/loan-settlement-by-city/faridabad-sector-11 (88.1% similar); https://www.settleloans.in/loan-settlement-by-city/faridabad-sector-12 (88.1% similar) (+718 more)
https://www.settleloans.in/loan-settlement-by-city/noida-sector-148,warning,Duplication,Duplicate Content Detected,183 similar pages: https://www.settleloans.in/loan-settlement-by-city/noida-sector-1 (89.9% similar); https://www.settleloans.in/loan-settlement-by-city/noida-sector-10 (89.9% similar); https://www.settleloans.in/loan-settlement-by-city/noida-sector-100 (89.9% similar); https://www.settleloans.in/loan-settlement-by-city/noida-sector-101 (89.9% similar); https://www.settleloans.in/loan-settlement-by-city/noida-sector-102 (89.9% similar) (+178 more)
https://www.settleloans.in/loan-settlement-by-city/howrah,warning,Duplication,Duplicate Content Detected,682 similar pages: https://www.settleloans.in/loan-settlement-by-city/abupur (86.1% similar); https://www.settleloans.in/loan-settlement-by-city/agartala (86.1% similar); https://www.settleloans.in/loan-settlement-by-city/agra (86.1% similar); https://www.settleloans.in/loan-settlement-by-city/ahmedabad (86.1% similar); https://www.settleloans.in/loan-settlement-by-city/aiims (86.1% similar) (+677 more)
https://www.settleloans.in/loan-settlement-by-city/kendujhar,warning,Duplication,Duplicate Content Detected,682 similar pages: https://www.settleloans.in/loan-settlement-by-city/abupur (86.1% similar); https://www.settleloans.in/loan-settlement-by-city/agartala (86.1% similar); https://www.settleloans.in/loan-settlement-by-city/agra (86.1% similar); https://www.settleloans.in/loan-settlement-by-city/ahmedabad (86.1% similar); https://www.settleloans.in/loan-settlement-by-city/aiims (86.1% similar) (+677 more)
https://www.settleloans.in/loan-settlement-by-city/malkangiri,warning,Duplication,Duplicate Content Detected,682 similar pages: https://www.settleloans.in/loan-settlement-by-city/abupur (86.1% similar); https://www.settleloans.in/loan-settlement-by-city/agartala (86.1% similar); https://www.settleloans.in/loan-settlement-by-city/agra (86.1% similar); https://www.settleloans.in/loan-settlement-by-city/ahmedabad (86.1% similar); https://www.settleloans.in/loan-settlement-by-city/aiims (86.1% similar) (+677 more)
https://www.settleloans.in/loan-settlement-by-city/siddipet,warning,Duplication,Duplicate Content Detected,682 similar pages: https://www.settleloans.in/loan-settlement-by-city/abupur (86.1% similar); https://www.settleloans.in/loan-settlement-by-city/agartala (86.1% similar); https://www.settleloans.in/loan-settlement-by-city/agra (86.1% similar); https://www.settleloans.in/loan-settlement-by-city/ahmedabad (86.1% similar); https://www.settleloans.in/loan-settlement-by-city/aiims (86.1% similar) (+677 more)
https://www.settleloans.in/loan-settlement-by-city/jorhat,warning,Duplication,Duplicate Content Detected,682 similar pages: https://www.settleloans.in/loan-settlement-by-city/abupur (86.1% similar); https://www.settleloans.in/loan-settlement-by-city/agartala (86.1% similar); https://www.settleloans.in/loan-settlement-by-city/agra (86.1% similar); https://www.settleloans.in/loan-settlement-by-city/ahmedabad (86.1% similar); https://www.settleloans.in/loan-settlement-by-city/aiims (86.1% similar) (+677 more)
https://www.settleloans.in/loan-settlement-by-city/shillong,warning,Duplication,Duplicate Content Detected,682 similar pages: https://www.settleloans.in/loan-settlement-by-city/abupur (86.1% similar); https://www.settleloans.in/loan-settlement-by-city/agartala (86.1% similar); https://www.settleloans.in/loan-settlement-by-city/agra (86.1% similar); https://www.settleloans.in/loan-settlement-by-city/ahmedabad (86.1% similar); https://www.settleloans.in/loan-settlement-by-city/aiims (86.1% similar) (+677 more)
https://www.settleloans.in/loan-settlement-by-city/gurugram-sector-9a,warning,Duplication,Duplicate Content Detected,48 similar pages: https://www.settleloans.in/loan-settlement-by-city/gurugram-sector-1 (89.9% similar); https://www.settleloans.in/loan-settlement-by-city/gurugram-sector-10 (89.9% similar); https://www.settleloans.in/loan-settlement-by-city/gurugram-sector-10a (89.9% similar); https://www.settleloans.in/loan-settlement-by-city/gurugram-sector-11 (89.9% similar); https://www.settleloans.in/loan-settlement-by-city/gurugram-sector-12 (89.9% similar) (+43 more)
https://www.settleloans.in/loan-settlement-by-city/raj-nagar-sector-3,warning,Duplication,Duplicate Content Detected,23 similar pages: https://www.settleloans.in/loan-settlement-by-city/raj-nagar-sector-1 (91.1% similar); https://www.settleloans.in/loan-settlement-by-city/raj-nagar-sector-2 (91.1% similar); https://www.settleloans.in/loan-settlement-by-city/raj-nagar-sector-4 (91.1% similar); https://www.settleloans.in/loan-settlement-by-city/raj-nagar-sector-5 (91.1% similar); https://www.settleloans.in/loan-settlement-by-city/raj-nagar-sector-6 (91.1% similar) (+18 more)
https://www.settleloans.in/loan-settlement-by-city/tiruvannamalai,warning,Duplication,Duplicate Content Detected,682 similar pages: https://www.settleloans.in/loan-settlement-by-city/abupur (86.1% similar); https://www.settleloans.in/loan-settlement-by-city/agartala (86.1% similar); https://www.settleloans.in/loan-settlement-by-city/agra (86.1% similar); https://www.settleloans.in/loan-settlement-by-city/ahmedabad (86.1% similar); https://www.settleloans.in/loan-settlement-by-city/aiims (86.1% similar) (+677 more)
https://www.settleloans.in/loan-settlement-by-city/naharlagun,warning,Duplication,Duplicate Content Detected,682 similar pages: https://www.settleloans.in/loan-settlement-by-city/abupur (86.1% similar); https://www.settleloans.in/loan-settlement-by-city/agartala (86.1% similar); https://www.settleloans.in/loan-settlement-by-city/agra (86.1% similar); https://www.settleloans.in/loan-settlement-by-city/ahmedabad (86.1% similar); https://www.settleloans.in/loan-settlement-by-city/aiims (86.1% similar) (+677 more)
https://www.settleloans.in/loan-settlement-by-city/gadchiroli,warning,Duplication,Duplicate Content Detected,682 similar pages: https://www.settleloans.in/loan-settlement-by-city/abupur (86.1% similar); https://www.settleloans.in/loan-settlement-by-city/agartala (86.1% similar); https://www.settleloans.in/loan-settlement-by-city/agra (86.1% similar); https://www.settleloans.in/loan-settlement-by-city/ahmedabad (86.1% similar); https://www.settleloans.in/loan-settlement-by-city/aiims (86.1% similar) (+677 more)
https://www.settleloans.in/loan-settlement-by-city/baramulla,warning,Duplication,Duplicate Content Detected,682 similar pages: https://www.settleloans.in/loan-settlement-by-city/abupur (86.1% similar); https://www.settleloans.in/loan-settlement-by-city/agartala (86.1% similar); https://www.settleloans.in/loan-settlement-by-city/agra (86.1% similar); https://www.settleloans.in/loan-settlement-by-city/ahmedabad (86.1% similar); https://www.settleloans.in/loan-settlement-by-city/aiims (86.1% similar) (+677 more)
https://www.settleloans.in/loan-settlement-by-city/patparganj,warning,Duplication,Duplicate Content Detected,683 similar pages: https://www.settleloans.in/loan-settlement-by-city/patparganj-metro (93.5% similar); https://www.settleloans.in/loan-settlement-by-city/abupur (86.1% similar); https://www.settleloans.in/loan-settlement-by-city/agartala (86.1% similar); https://www.settleloans.in/loan-settlement-by-city/agra (86.1% similar); https://www.settleloans.in/loan-settlement-by-city/ahmedabad (86.1% similar) (+678 more)
https://www.settleloans.in/loan-settlement-by-city/jasola-vihar,warning,Duplication,Duplicate Content Detected,16 similar pages: https://www.settleloans.in/loan-settlement-by-city/ashok-vihar (88.3% similar); https://www.settleloans.in/loan-settlement-by-city/brij-vihar (88.3% similar); https://www.settleloans.in/loan-settlement-by-city/naraina-vihar (88.3% similar); https://www.settleloans.in/loan-settlement-by-city/narayana-vihar (88.3% similar); https://www.settleloans.in/loan-settlement-by-city/okhla-vihar (88.3% similar) (+11 more)
https://www.settleloans.in/loan-settlement-by-city/sonitpur,warning,Duplication,Duplicate Content Detected,682 similar pages: https://www.settleloans.in/loan-settlement-by-city/abupur (86.1% similar); https://www.settleloans.in/loan-settlement-by-city/agartala (86.1% similar); https://www.settleloans.in/loan-settlement-by-city/agra (86.1% similar); https://www.settleloans.in/loan-settlement-by-city/ahmedabad (86.1% similar); https://www.settleloans.in/loan-settlement-by-city/aiims (86.1% similar) (+677 more)
https://www.settleloans.in/loan-settlement-by-city/ballarat,warning,Duplication,Duplicate Content Detected,682 similar pages: https://www.settleloans.in/loan-settlement-by-city/abupur (86.1% similar); https://www.settleloans.in/loan-settlement-by-city/agartala (86.1% similar); https://www.settleloans.in/loan-settlement-by-city/agra (86.1% similar); https://www.settleloans.in/loan-settlement-by-city/ahmedabad (86.1% similar); https://www.settleloans.in/loan-settlement-by-city/aiims (86.1% similar) (+677 more)
https://www.settleloans.in/loan-settlement-by-city/hazaribagh,warning,Duplication,Duplicate Content Detected,682 similar pages: https://www.settleloans.in/loan-settlement-by-city/abupur (86.1% similar); https://www.settleloans.in/loan-settlement-by-city/agartala (86.1% similar); https://www.settleloans.in/loan-settlement-by-city/agra (86.1% similar); https://www.settleloans.in/loan-settlement-by-city/ahmedabad (86.1% similar); https://www.settleloans.in/loan-settlement-by-city/aiims (86.1% similar) (+677 more)
https://www.settleloans.in/loan-settlement-by-city/north-garo-hills,warning,Duplication,Duplicate Content Detected,3 similar pages: https://www.settleloans.in/loan-settlement-by-city/east-garo-hills (89.9% similar); https://www.settleloans.in/loan-settlement-by-city/south-garo-hills (89.9% similar); https://www.settleloans.in/loan-settlement-by-city/west-garo-hills (89.9% similar)
https://www.settleloans.in/loan-settlement-by-city/mohan-estate,warning,Duplication,Duplicate Content Detected,1 similar page: https://www.settleloans.in/loan-settlement-by-city/mohan-nagar (88.3% similar)
https://www.settleloans.in/loan-settlement-by-city/central-coast,warning,Duplication,Duplicate Content Detected,1 similar page: https://www.settleloans.in/loan-settlement-by-city/central-delhi (88.3% similar)
https://www.settleloans.in/loan-settlement-by-city/sirmaur,warning,Duplication,Duplicate Content Detected,682 similar pages: https://www.settleloans.in/loan-settlement-by-city/abupur (86.1% similar); https://www.settleloans.in/loan-settlement-by-city/agartala (86.1% similar); https://www.settleloans.in/loan-settlement-by-city/agra (86.1% similar); https://www.settleloans.in/loan-settlement-by-city/ahmedabad (86.1% similar); https://www.settleloans.in/loan-settlement-by-city/aiims (86.1% similar) (+677 more)
https://www.settleloans.in/loan-settlement-by-city/kheda,warning,Duplication,Duplicate Content Detected,682 similar pages: https://www.settleloans.in/loan-settlement-by-city/abupur (86.1% similar); https://www.settleloans.in/loan-settlement-by-city/agartala (86.1% similar); https://www.settleloans.in/loan-settlement-by-city/agra (86.1% similar); https://www.settleloans.in/loan-settlement-by-city/ahmedabad (86.1% similar); https://www.settleloans.in/loan-settlement-by-city/aiims (86.1% similar) (+677 more)
https://www.settleloans.in/loan-settlement-by-city/barmer,warning,Duplication,Duplicate Content Detected,682 similar pages: https://www.settleloans.in/loan-settlement-by-city/abupur (86.1% similar); https://www.settleloans.in/loan-settlement-by-city/agartala (86.1% similar); https://www.settleloans.in/loan-settlement-by-city/agra (86.1% similar); https://www.settleloans.in/loan-settlement-by-city/ahmedabad (86.1% similar); https://www.settleloans.in/loan-settlement-by-city/aiims (86.1% similar) (+677 more)
https://www.settleloans.in/loan-settlement-by-city/guntur,warning,Duplication,Duplicate Content Detected,682 similar pages: https://www.settleloans.in/loan-settlement-by-city/abupur (86.1% similar); https://www.settleloans.in/loan-settlement-by-city/agartala (86.1% similar); https://www.settleloans.in/loan-settlement-by-city/agra (86.1% similar); https://www.settleloans.in/loan-settlement-by-city/ahmedabad (86.1% similar); https://www.settleloans.in/loan-settlement-by-city/aiims (86.1% similar) (+677 more)
https://www.settleloans.in/loan-settlement-by-city/sector-64-indirapuram,warning,Duplication,Duplicate Content Detected,4 similar pages: https://www.settleloans.in/loan-settlement-by-city/noida-sector-64 (89.9% similar); https://www.settleloans.in/loan-settlement-by-city/sector-62-indirapuram (89.9% similar); https://www.settleloans.in/loan-settlement-by-city/sector-63-indirapuram (89.9% similar); https://www.settleloans.in/loan-settlement-by-city/indirapuram (88.1% similar)
https://www.settleloans.in/loan-settlement-by-city/faridabad-sector-33,warning,Duplication,Duplicate Content Detected,42 similar pages: https://www.settleloans.in/loan-settlement-by-city/faridabad-sector-1 (89.9% similar); https://www.settleloans.in/loan-settlement-by-city/faridabad-sector-10 (89.9% similar); https://www.settleloans.in/loan-settlement-by-city/faridabad-sector-11 (89.9% similar); https://www.settleloans.in/loan-settlement-by-city/faridabad-sector-12 (89.9% similar); https://www.settleloans.in/loan-settlement-by-city/faridabad-sector-13 (89.9% similar) (+37 more)
https://www.settleloans.in/loan-settlement-by-city/krishna,warning,Duplication,Duplicate Content Detected,682 similar pages: https://www.settleloans.in/loan-settlement-by-city/abupur (86.1% similar); https://www.settleloans.in/loan-settlement-by-city/agartala (86.1% similar); https://www.settleloans.in/loan-settlement-by-city/agra (86.1% similar); https://www.settleloans.in/loan-settlement-by-city/ahmedabad (86.1% similar); https://www.settleloans.in/loan-settlement-by-city/aiims (86.1% similar) (+677 more)
https://www.settleloans.in/loan-settlement-by-city/hoshangabad,warning,Duplication,Duplicate Content Detected,682 similar pages: https://www.settleloans.in/loan-settlement-by-city/abupur (86.1% similar); https://www.settleloans.in/loan-settlement-by-city/agartala (86.1% similar); https://www.settleloans.in/loan-settlement-by-city/agra (86.1% similar); https://www.settleloans.in/loan-settlement-by-city/ahmedabad (86.1% similar); https://www.settleloans.in/loan-settlement-by-city/aiims (86.1% similar) (+677 more)
https://www.settleloans.in/loan-settlement-by-city/north-24-parganas,warning,Duplication,Duplicate Content Detected,1 similar page: https://www.settleloans.in/loan-settlement-by-city/south-24-parganas (89.9% similar)
https://www.settleloans.in/loan-settlement-by-city/cuttack,warning,Duplication,Duplicate Content Detected,682 similar pages: https://www.settleloans.in/loan-settlement-by-city/abupur (86.1% similar); https://www.settleloans.in/loan-settlement-by-city/agartala (86.1% similar); https://www.settleloans.in/loan-settlement-by-city/agra (86.1% similar); https://www.settleloans.in/loan-settlement-by-city/ahmedabad (86.1% similar); https://www.settleloans.in/loan-settlement-by-city/aiims (86.1% similar) (+677 more)
https://www.settleloans.in/loan-settlement-by-city/parliament,warning,Duplication,Duplicate Content Detected,682 similar pages: https://www.settleloans.in/loan-settlement-by-city/abupur (86.1% similar); https://www.settleloans.in/loan-settlement-by-city/agartala (86.1% similar); https://www.settleloans.in/loan-settlement-by-city/agra (86.1% similar); https://www.settleloans.in/loan-settlement-by-city/ahmedabad (86.1% similar); https://www.settleloans.in/loan-settlement-by-city/aiims (86.1% similar) (+677 more)
https://www.settleloans.in/loan-settlement-by-city/najafgarh,warning,Duplication,Duplicate Content Detected,685 similar pages: https://www.settleloans.in/loan-settlement-by-city/najafgarh-depot (93.5% similar); https://www.settleloans.in/loan-settlement-by-city/najafgarh-metro (93.5% similar); https://www.settleloans.in/loan-settlement-by-city/najafgarh-bus-stand (88.1% similar); https://www.settleloans.in/loan-settlement-by-city/abupur (86.1% similar); https://www.settleloans.in/loan-settlement-by-city/agartala (86.1% similar) (+680 more)
https://www.settleloans.in/loan-settlement-by-city/etah,warning,Duplication,Duplicate Content Detected,682 similar pages: https://www.settleloans.in/loan-settlement-by-city/abupur (86.1% similar); https://www.settleloans.in/loan-settlement-by-city/agartala (86.1% similar); https://www.settleloans.in/loan-settlement-by-city/agra (86.1% similar); https://www.settleloans.in/loan-settlement-by-city/ahmedabad (86.1% similar); https://www.settleloans.in/loan-settlement-by-city/aiims (86.1% similar) (+677 more)
https://www.settleloans.in/loan-settlement-by-city/indirapuram-shakti-khand-1,warning,Duplication,Duplicate Content Detected,10 similar pages: https://www.settleloans.in/loan-settlement-by-city/indirapuram-abhay-khand-1 (91.1% similar); https://www.settleloans.in/loan-settlement-by-city/indirapuram-nyay-khand-1 (91.1% similar); https://www.settleloans.in/loan-settlement-by-city/indirapuram-shakti-khand-2 (91.1% similar); https://www.settleloans.in/loan-settlement-by-city/indirapuram-shakti-khand-3 (91.1% similar); https://www.settleloans.in/loan-settlement-by-city/indirapuram-shakti-khand-4 (91.1% similar) (+5 more)
https://www.settleloans.in/loan-settlement-by-city/new-delhi,warning,Duplication,Duplicate Content Detected,8 similar pages: https://www.settleloans.in/loan-settlement-by-city/delhi (93.5% similar); https://www.settleloans.in/loan-settlement-by-city/new-delhi-railway-station (89.7% similar); https://www.settleloans.in/loan-settlement-by-city/central-delhi (88.3% similar); https://www.settleloans.in/loan-settlement-by-city/chirag-delhi (88.3% similar); https://www.settleloans.in/loan-settlement-by-city/delhi-gate (88.3% similar) (+3 more)
https://www.settleloans.in/loan-settlement-by-city/old-delhi-railway-station,warning,Duplication,Duplicate Content Detected,2 similar pages: https://www.settleloans.in/loan-settlement-by-city/new-delhi-railway-station (91.1% similar); https://www.settleloans.in/loan-settlement-by-city/modinagar-railway-station (85.7% similar)
https://www.settleloans.in/loan-settlement-by-city/mon,warning,Duplication,Duplicate Content Detected,682 similar pages: https://www.settleloans.in/loan-settlement-by-city/abupur (86.1% similar); https://www.settleloans.in/loan-settlement-by-city/agartala (86.1% similar); https://www.settleloans.in/loan-settlement-by-city/agra (86.1% similar); https://www.settleloans.in/loan-settlement-by-city/ahmedabad (86.1% similar); https://www.settleloans.in/loan-settlement-by-city/aiims (86.1% similar) (+677 more)
https://www.settleloans.in/loan-settlement-by-city/wollongong,warning,Duplication,Duplicate Content Detected,682 similar pages: https://www.settleloans.in/loan-settlement-by-city/abupur (86.1% similar); https://www.settleloans.in/loan-settlement-by-city/agartala (86.1% similar); https://www.settleloans.in/loan-settlement-by-city/agra (86.1% similar); https://www.settleloans.in/loan-settlement-by-city/ahmedabad (86.1% similar); https://www.settleloans.in/loan-settlement-by-city/aiims (86.1% similar) (+677 more)
https://www.settleloans.in/loan-settlement-by-city/ramprastha,warning,Duplication,Duplicate Content Detected,684 similar pages: https://www.settleloans.in/loan-settlement-by-city/ramprastha-colony (93.5% similar); https://www.settleloans.in/loan-settlement-by-city/ramprastha-greens (93.5% similar); https://www.settleloans.in/loan-settlement-by-city/abupur (86.1% similar); https://www.settleloans.in/loan-settlement-by-city/agartala (86.1% similar); https://www.settleloans.in/loan-settlement-by-city/agra (86.1% similar) (+679 more)
https://www.settleloans.in/loan-settlement-by-city/kaushambi,warning,Duplication,Duplicate Content Detected,684 similar pages: https://www.settleloans.in/loan-settlement-by-city/kaushambi-metro (93.5% similar); https://www.settleloans.in/loan-settlement-by-city/kaushambi-gda-flats (88.1% similar); https://www.settleloans.in/loan-settlement-by-city/abupur (86.1% similar); https://www.settleloans.in/loan-settlement-by-city/agartala (86.1% similar); https://www.settleloans.in/loan-settlement-by-city/agra (86.1% similar) (+679 more)
https://www.settleloans.in/loan-settlement-by-city/mancherial,warning,Duplication,Duplicate Content Detected,682 similar pages: https://www.settleloans.in/loan-settlement-by-city/abupur (86.1% similar); https://www.settleloans.in/loan-settlement-by-city/agartala (86.1% similar); https://www.settleloans.in/loan-settlement-by-city/agra (86.1% similar); https://www.settleloans.in/loan-settlement-by-city/ahmedabad (86.1% similar); https://www.settleloans.in/loan-settlement-by-city/aiims (86.1% similar) (+677 more)
https://www.settleloans.in/loan-settlement-by-city/dibrugarh,warning,Duplication,Duplicate Content Detected,682 similar pages: https://www.settleloans.in/loan-settlement-by-city/abupur (86.1% similar); https://www.settleloans.in/loan-settlement-by-city/agartala (86.1% similar); https://www.settleloans.in/loan-settlement-by-city/agra (86.1% similar); https://www.settleloans.in/loan-settlement-by-city/ahmedabad (86.1% similar); https://www.settleloans.in/loan-settlement-by-city/aiims (86.1% similar) (+677 more)
https://www.settleloans.in/loan-settlement-by-city/datia,warning,Duplication,Duplicate Content Detected,682 similar pages: https://www.settleloans.in/loan-settlement-by-city/abupur (86.1% similar); https://www.settleloans.in/loan-settlement-by-city/agartala (86.1% similar); https://www.settleloans.in/loan-settlement-by-city/agra (86.1% similar); https://www.settleloans.in/loan-settlement-by-city/ahmedabad (86.1% similar); https://www.settleloans.in/loan-settlement-by-city/aiims (86.1% similar) (+677 more)
https://www.settleloans.in/loan-settlement-by-city/gujarat,warning,Duplication,Duplicate Content Detected,682 similar pages: https://www.settleloans.in/loan-settlement-by-city/abupur (86.1% similar); https://www.settleloans.in/loan-settlement-by-city/agartala (86.1% similar); https://www.settleloans.in/loan-settlement-by-city/agra (86.1% similar); https://www.settleloans.in/loan-settlement-by-city/ahmedabad (86.1% similar); https://www.settleloans.in/loan-settlement-by-city/aiims (86.1% similar) (+677 more)
https://www.settleloans.in/loan-settlement-by-city/gurugram-sector-24,warning,Duplication,Duplicate Content Detected,52 similar pages: https://www.settleloans.in/loan-settlement-by-city/faridabad-sector-24 (89.9% similar); https://www.settleloans.in/loan-settlement-by-city/gurugram-sector-1 (89.9% similar); https://www.settleloans.in/loan-settlement-by-city/gurugram-sector-10 (89.9% similar); https://www.settleloans.in/loan-settlement-by-city/gurugram-sector-10a (89.9% similar); https://www.settleloans.in/loan-settlement-by-city/gurugram-sector-11 (89.9% similar) (+47 more)
https://www.settleloans.in/loan-settlement-by-city/sirohi,warning,Duplication,Duplicate Content Detected,682 similar pages: https://www.settleloans.in/loan-settlement-by-city/abupur (86.1% similar); https://www.settleloans.in/loan-settlement-by-city/agartala (86.1% similar); https://www.settleloans.in/loan-settlement-by-city/agra (86.1% similar); https://www.settleloans.in/loan-settlement-by-city/ahmedabad (86.1% similar); https://www.settleloans.in/loan-settlement-by-city/aiims (86.1% similar) (+677 more)
https://www.settleloans.in/loan-settlement-by-city/modinagar,warning,Duplication,Duplicate Content Detected,683 similar pages: https://www.settleloans.in/loan-settlement-by-city/modinagar-railway-station (88.1% similar); https://www.settleloans.in/loan-settlement-by-city/abupur (86.1% similar); https://www.settleloans.in/loan-settlement-by-city/agartala (86.1% similar); https://www.settleloans.in/loan-settlement-by-city/agra (86.1% similar); https://www.settleloans.in/loan-settlement-by-city/ahmedabad (86.1% similar) (+678 more)
https://www.settleloans.in/loan-settlement-by-city/raj-nagar,warning,Duplication,Duplicate Content Detected,38 similar pages: https://www.settleloans.in/loan-settlement-by-city/raj-nagar-extension (94.5% similar); https://www.settleloans.in/loan-settlement-by-city/raj-nagar-sector-1 (89.7% similar); https://www.settleloans.in/loan-settlement-by-city/raj-nagar-sector-2 (89.7% similar); https://www.settleloans.in/loan-settlement-by-city/raj-nagar-sector-3 (89.7% similar); https://www.settleloans.in/loan-settlement-by-city/raj-nagar-sector-4 (89.7% similar) (+33 more)
https://www.settleloans.in/loan-settlement-by-city/vasundhara-sector-9,warning,Duplication,Duplicate Content Detected,31 similar pages: https://www.settleloans.in/loan-settlement-by-city/sector-9-vasundhara (100.0% similar); https://www.settleloans.in/loan-settlement-by-city/dwarka-sector-9 (89.9% similar); https://www.settleloans.in/loan-settlement-by-city/faridabad-sector-9 (89.9% similar); https://www.settleloans.in/loan-settlement-by-city/govindpuram-sector-9 (89.9% similar); https://www.settleloans.in/loan-settlement-by-city/gurugram-sector-9 (89.9% similar) (+26 more)
https://www.settleloans.in/loan-settlement-by-city/arjangarh,warning,Duplication,Duplicate Content Detected,682 similar pages: https://www.settleloans.in/loan-settlement-by-city/abupur (86.1% similar); https://www.settleloans.in/loan-settlement-by-city/agartala (86.1% similar); https://www.settleloans.in/loan-settlement-by-city/agra (86.1% similar); https://www.settleloans.in/loan-settlement-by-city/ahmedabad (86.1% similar); https://www.settleloans.in/loan-settlement-by-city/aiims (86.1% similar) (+677 more)
https://www.settleloans.in/loan-settlement-by-city/noida-sector-45,warning,Duplication,Duplicate Content Detected,184 similar pages: https://www.settleloans.in/loan-settlement-by-city/gurugram-sector-45 (89.9% similar); https://www.settleloans.in/loan-settlement-by-city/noida-sector-1 (89.9% similar); https://www.settleloans.in/loan-settlement-by-city/noida-sector-10 (89.9% similar); https://www.settleloans.in/loan-settlement-by-city/noida-sector-100 (89.9% similar); https://www.settleloans.in/loan-settlement-by-city/noida-sector-101 (89.9% similar) (+179 more)
https://www.settleloans.in/loan-settlement-by-city/noida-sector-120,warning,Duplication,Duplicate Content Detected,183 similar pages: https://www.settleloans.in/loan-settlement-by-city/noida-sector-1 (89.9% similar); https://www.settleloans.in/loan-settlement-by-city/noida-sector-10 (89.9% similar); https://www.settleloans.in/loan-settlement-by-city/noida-sector-100 (89.9% similar); https://www.settleloans.in/loan-settlement-by-city/noida-sector-101 (89.9% similar); https://www.settleloans.in/loan-settlement-by-city/noida-sector-102 (89.9% similar) (+178 more)
https://www.settleloans.in/loan-settlement-by-city/noida-sector-85,warning,Duplication,Duplicate Content Detected,183 similar pages: https://www.settleloans.in/loan-settlement-by-city/noida-sector-1 (89.9% similar); https://www.settleloans.in/loan-settlement-by-city/noida-sector-10 (89.9% similar); https://www.settleloans.in/loan-settlement-by-city/noida-sector-100 (89.9% similar); https://www.settleloans.in/loan-settlement-by-city/noida-sector-101 (89.9% similar); https://www.settleloans.in/loan-settlement-by-city/noida-sector-102 (89.9% similar) (+178 more)
https://www.settleloans.in/loan-settlement-by-city/imphal-west,warning,Duplication,Duplicate Content Detected,11 similar pages: https://www.settleloans.in/loan-settlement-by-city/imphal (93.5% similar); https://www.settleloans.in/loan-settlement-by-city/imphal-east (88.3% similar); https://www.settleloans.in/loan-settlement-by-city/rohini-west (88.3% similar); https://www.settleloans.in/loan-settlement-by-city/west-bengal (88.3% similar); https://www.settleloans.in/loan-settlement-by-city/west-champaran (88.3% similar) (+6 more)
https://www.settleloans.in/loan-settlement-by-city/ballabhgarh,warning,Duplication,Duplicate Content Detected,682 similar pages: https://www.settleloans.in/loan-settlement-by-city/abupur (86.1% similar); https://www.settleloans.in/loan-settlement-by-city/agartala (86.1% similar); https://www.settleloans.in/loan-settlement-by-city/agra (86.1% similar); https://www.settleloans.in/loan-settlement-by-city/ahmedabad (86.1% similar); https://www.settleloans.in/loan-settlement-by-city/aiims (86.1% similar) (+677 more)
https://www.settleloans.in/loan-settlement-by-city/devbhoomi-dwarka,warning,Duplication,Duplicate Content Detected,1 similar page: https://www.settleloans.in/loan-settlement-by-city/dwarka-mor (88.3% similar)
https://www.settleloans.in/loan-settlement-by-city/sambalpur,warning,Duplication,Duplicate Content Detected,682 similar pages: https://www.settleloans.in/loan-settlement-by-city/abupur (86.1% similar); https://www.settleloans.in/loan-settlement-by-city/agartala (86.1% similar); https://www.settleloans.in/loan-settlement-by-city/agra (86.1% similar); https://www.settleloans.in/loan-settlement-by-city/ahmedabad (86.1% similar); https://www.settleloans.in/loan-settlement-by-city/aiims (86.1% similar) (+677 more)
https://www.settleloans.in/loan-settlement-by-city/bharat-nagar,warning,Duplication,Duplicate Content Detected,29 similar pages: https://www.settleloans.in/loan-settlement-by-city/adarsh-nagar (88.3% similar); https://www.settleloans.in/loan-settlement-by-city/ashok-nagar (88.3% similar); https://www.settleloans.in/loan-settlement-by-city/chander-nagar (88.3% similar); https://www.settleloans.in/loan-settlement-by-city/gtb-nagar (88.3% similar); https://www.settleloans.in/loan-settlement-by-city/hari-nagar (88.3% similar) (+24 more)
https://www.settleloans.in/loan-settlement-by-city/ghaziabad-old-bus-stand,warning,Duplication,Duplicate Content Detected,3 similar pages: https://www.settleloans.in/loan-settlement-by-city/ghaziabad-bus-stand (95.2% similar); https://www.settleloans.in/loan-settlement-by-city/faridabad-bus-stand (85.7% similar); https://www.settleloans.in/loan-settlement-by-city/najafgarh-bus-stand (85.7% similar)
https://www.settleloans.in/loan-settlement-by-city/shalimar-bagh,warning,Duplication,Duplicate Content Detected,5 similar pages: https://www.settleloans.in/loan-settlement-by-city/karol-bagh (88.3% similar); https://www.settleloans.in/loan-settlement-by-city/moti-bagh (88.3% similar); https://www.settleloans.in/loan-settlement-by-city/punjabi-bagh (88.3% similar); https://www.settleloans.in/loan-settlement-by-city/shaheen-bagh (88.3% similar); https://www.settleloans.in/loan-settlement-by-city/shalimar-city (88.3% similar)
https://www.settleloans.in/loan-settlement-by-city/gwalior,warning,Duplication,Duplicate Content Detected,682 similar pages: https://www.settleloans.in/loan-settlement-by-city/abupur (86.1% similar); https://www.settleloans.in/loan-settlement-by-city/agartala (86.1% similar); https://www.settleloans.in/loan-settlement-by-city/agra (86.1% similar); https://www.settleloans.in/loan-settlement-by-city/ahmedabad (86.1% similar); https://www.settleloans.in/loan-settlement-by-city/aiims (86.1% similar) (+677 more)
https://www.settleloans.in/loan-settlement-by-city/tiruppur,warning,Duplication,Duplicate Content Detected,682 similar pages: https://www.settleloans.in/loan-settlement-by-city/abupur (86.1% similar); https://www.settleloans.in/loan-settlement-by-city/agartala (86.1% similar); https://www.settleloans.in/loan-settlement-by-city/agra (86.1% similar); https://www.settleloans.in/loan-settlement-by-city/ahmedabad (86.1% similar); https://www.settleloans.in/loan-settlement-by-city/aiims (86.1% similar) (+677 more)
https://www.settleloans.in/loan-settlement-by-city/ecotech-7,warning,Duplication,Duplicate Content Detected,7 similar pages: https://www.settleloans.in/loan-settlement-by-city/ecotech-1 (88.3% similar); https://www.settleloans.in/loan-settlement-by-city/ecotech-2 (88.3% similar); https://www.settleloans.in/loan-settlement-by-city/ecotech-3 (88.3% similar); https://www.settleloans.in/loan-settlement-by-city/ecotech-4 (88.3% similar); https://www.settleloans.in/loan-settlement-by-city/ecotech-5 (88.3% similar) (+2 more)
https://www.settleloans.in/loan-settlement-by-city/noida-sector-135,warning,Duplication,Duplicate Content Detected,183 similar pages: https://www.settleloans.in/loan-settlement-by-city/noida-sector-1 (89.9% similar); https://www.settleloans.in/loan-settlement-by-city/noida-sector-10 (89.9% similar); https://www.settleloans.in/loan-settlement-by-city/noida-sector-100 (89.9% similar); https://www.settleloans.in/loan-settlement-by-city/noida-sector-101 (89.9% similar); https://www.settleloans.in/loan-settlement-by-city/noida-sector-102 (89.9% similar) (+178 more)
https://www.settleloans.in/loan-settlement-by-city/marigaon,warning,Duplication,Duplicate Content Detected,682 similar pages: https://www.settleloans.in/loan-settlement-by-city/abupur (86.1% similar); https://www.settleloans.in/loan-settlement-by-city/agartala (86.1% similar); https://www.settleloans.in/loan-settlement-by-city/agra (86.1% similar); https://www.settleloans.in/loan-settlement-by-city/ahmedabad (86.1% similar); https://www.settleloans.in/loan-settlement-by-city/aiims (86.1% similar) (+677 more)
https://www.settleloans.in/loan-settlement-by-city/sector-13-vasundhara,warning,Duplication,Duplicate Content Detected,30 similar pages: https://www.settleloans.in/loan-settlement-by-city/faridabad-sector-13 (89.9% similar); https://www.settleloans.in/loan-settlement-by-city/gurugram-sector-13 (89.9% similar); https://www.settleloans.in/loan-settlement-by-city/noida-sector-13 (89.9% similar); https://www.settleloans.in/loan-settlement-by-city/rohini-sector-13 (89.9% similar); https://www.settleloans.in/loan-settlement-by-city/sector-1-vasundhara (89.9% similar) (+25 more)
https://www.settleloans.in/loan-settlement-by-city/mehsana,warning,Duplication,Duplicate Content Detected,682 similar pages: https://www.settleloans.in/loan-settlement-by-city/abupur (86.1% similar); https://www.settleloans.in/loan-settlement-by-city/agartala (86.1% similar); https://www.settleloans.in/loan-settlement-by-city/agra (86.1% similar); https://www.settleloans.in/loan-settlement-by-city/ahmedabad (86.1% similar); https://www.settleloans.in/loan-settlement-by-city/aiims (86.1% similar) (+677 more)
https://www.settleloans.in/loan-settlement-by-city/najafgarh-depot,warning,Duplication,Duplicate Content Detected,3 similar pages: https://www.settleloans.in/loan-settlement-by-city/najafgarh (93.5% similar); https://www.settleloans.in/loan-settlement-by-city/najafgarh-metro (88.3% similar); https://www.settleloans.in/loan-settlement-by-city/shahdara-depot (88.3% similar)
https://www.settleloans.in/loan-settlement-by-city/faridabad-sector-20,warning,Duplication,Duplicate Content Detected,43 similar pages: https://www.settleloans.in/loan-settlement-by-city/faridabad-sector-1 (89.9% similar); https://www.settleloans.in/loan-settlement-by-city/faridabad-sector-10 (89.9% similar); https://www.settleloans.in/loan-settlement-by-city/faridabad-sector-11 (89.9% similar); https://www.settleloans.in/loan-settlement-by-city/faridabad-sector-12 (89.9% similar); https://www.settleloans.in/loan-settlement-by-city/faridabad-sector-13 (89.9% similar) (+38 more)
https://www.settleloans.in/loan-settlement-by-city/indirapuram,warning,Duplication,Duplicate Content Detected,686 similar pages: https://www.settleloans.in/loan-settlement-by-city/indirapuram-vaibhav-khand (88.1% similar); https://www.settleloans.in/loan-settlement-by-city/sector-62-indirapuram (88.1% similar); https://www.settleloans.in/loan-settlement-by-city/sector-63-indirapuram (88.1% similar); https://www.settleloans.in/loan-settlement-by-city/sector-64-indirapuram (88.1% similar); https://www.settleloans.in/loan-settlement-by-city/abupur (86.1% similar) (+681 more)
https://www.settleloans.in/loan-settlement-by-city/pali,warning,Duplication,Duplicate Content Detected,682 similar pages: https://www.settleloans.in/loan-settlement-by-city/abupur (86.1% similar); https://www.settleloans.in/loan-settlement-by-city/agartala (86.1% similar); https://www.settleloans.in/loan-settlement-by-city/agra (86.1% similar); https://www.settleloans.in/loan-settlement-by-city/ahmedabad (86.1% similar); https://www.settleloans.in/loan-settlement-by-city/aiims (86.1% similar) (+677 more)
https://www.settleloans.in/loan-settlement-by-city/balasore,warning,Duplication,Duplicate Content Detected,682 similar pages: https://www.settleloans.in/loan-settlement-by-city/abupur (86.1% similar); https://www.settleloans.in/loan-settlement-by-city/agartala (86.1% similar); https://www.settleloans.in/loan-settlement-by-city/agra (86.1% similar); https://www.settleloans.in/loan-settlement-by-city/ahmedabad (86.1% similar); https://www.settleloans.in/loan-settlement-by-city/aiims (86.1% similar) (+677 more)
https://www.settleloans.in/loan-settlement-by-city/noida-sector-76,warning,Duplication,Duplicate Content Detected,183 similar pages: https://www.settleloans.in/loan-settlement-by-city/noida-sector-1 (89.9% similar); https://www.settleloans.in/loan-settlement-by-city/noida-sector-10 (89.9% similar); https://www.settleloans.in/loan-settlement-by-city/noida-sector-100 (89.9% similar); https://www.settleloans.in/loan-settlement-by-city/noida-sector-101 (89.9% similar); https://www.settleloans.in/loan-settlement-by-city/noida-sector-102 (89.9% similar) (+178 more)
https://www.settleloans.in/loan-settlement-by-city/faridkot,warning,Duplication,Duplicate Content Detected,682 similar pages: https://www.settleloans.in/loan-settlement-by-city/abupur (86.1% similar); https://www.settleloans.in/loan-settlement-by-city/agartala (86.1% similar); https://www.settleloans.in/loan-settlement-by-city/agra (86.1% similar); https://www.settleloans.in/loan-settlement-by-city/ahmedabad (86.1% similar); https://www.settleloans.in/loan-settlement-by-city/aiims (86.1% similar) (+677 more)
https://www.settleloans.in/loan-settlement-by-city/kashmere-gate-isbt,warning,Duplication,Duplicate Content Detected,1 similar page: https://www.settleloans.in/loan-settlement-by-city/isbt-kashmere-gate (100.0% similar)
https://www.settleloans.in/loan-settlement-by-city/tirupati,warning,Duplication,Duplicate Content Detected,682 similar pages: https://www.settleloans.in/loan-settlement-by-city/abupur (86.1% similar); https://www.settleloans.in/loan-settlement-by-city/agartala (86.1% similar); https://www.settleloans.in/loan-settlement-by-city/agra (86.1% similar); https://www.settleloans.in/loan-settlement-by-city/ahmedabad (86.1% similar); https://www.settleloans.in/loan-settlement-by-city/aiims (86.1% similar) (+677 more)
https://www.settleloans.in/loan-settlement-by-city/moga,warning,Duplication,Duplicate Content Detected,682 similar pages: https://www.settleloans.in/loan-settlement-by-city/abupur (86.1% similar); https://www.settleloans.in/loan-settlement-by-city/agartala (86.1% similar); https://www.settleloans.in/loan-settlement-by-city/agra (86.1% similar); https://www.settleloans.in/loan-settlement-by-city/ahmedabad (86.1% similar); https://www.settleloans.in/loan-settlement-by-city/aiims (86.1% similar) (+677 more)
https://www.settleloans.in/loan-settlement-by-city/mayapuri,warning,Duplication,Duplicate Content Detected,682 similar pages: https://www.settleloans.in/loan-settlement-by-city/abupur (86.1% similar); https://www.settleloans.in/loan-settlement-by-city/agartala (86.1% similar); https://www.settleloans.in/loan-settlement-by-city/agra (86.1% similar); https://www.settleloans.in/loan-settlement-by-city/ahmedabad (86.1% similar); https://www.settleloans.in/loan-settlement-by-city/aiims (86.1% similar) (+677 more)
https://www.settleloans.in/loan-settlement-by-city/siddharth-vihar-sector-2,warning,Duplication,Duplicate Content Detected,20 similar pages: https://www.settleloans.in/loan-settlement-by-city/pratap-vihar-sector-2 (91.1% similar); https://www.settleloans.in/loan-settlement-by-city/siddharth-vihar-sector-1 (91.1% similar); https://www.settleloans.in/loan-settlement-by-city/siddharth-vihar-sector-3 (91.1% similar); https://www.settleloans.in/loan-settlement-by-city/siddharth-vihar-sector-4 (91.1% similar); https://www.settleloans.in/loan-settlement-by-city/siddharth-vihar (89.7% similar) (+15 more)
https://www.settleloans.in/loan-settlement-by-city/noida-sector-30,warning,Duplication,Duplicate Content Detected,185 similar pages: https://www.settleloans.in/loan-settlement-by-city/noida-extension-sector-30 (95.2% similar); https://www.settleloans.in/loan-settlement-by-city/faridabad-sector-30 (89.9% similar); https://www.settleloans.in/loan-settlement-by-city/gurugram-sector-30 (89.9% similar); https://www.settleloans.in/loan-settlement-by-city/noida-sector-1 (89.9% similar); https://www.settleloans.in/loan-settlement-by-city/noida-sector-10 (89.9% similar) (+180 more)
https://www.settleloans.in/loan-settlement-by-city/ghaziabad,warning,Duplication,Duplicate Content Detected,684 similar pages: https://www.settleloans.in/loan-settlement-by-city/ghaziabad-bus-stand (88.1% similar); https://www.settleloans.in/loan-settlement-by-city/nh-9-ghaziabad (88.1% similar); https://www.settleloans.in/loan-settlement-by-city/abupur (86.1% similar); https://www.settleloans.in/loan-settlement-by-city/agartala (86.1% similar); https://www.settleloans.in/loan-settlement-by-city/agra (86.1% similar) (+679 more)
https://www.settleloans.in/loan-settlement-by-city/raj-nagar-sector-5,warning,Duplication,Duplicate Content Detected,17 similar pages: https://www.settleloans.in/loan-settlement-by-city/raj-nagar-sector-1 (91.1% similar); https://www.settleloans.in/loan-settlement-by-city/raj-nagar-sector-2 (91.1% similar); https://www.settleloans.in/loan-settlement-by-city/raj-nagar-sector-3 (91.1% similar); https://www.settleloans.in/loan-settlement-by-city/raj-nagar-sector-4 (91.1% similar); https://www.settleloans.in/loan-settlement-by-city/raj-nagar-sector-6 (91.1% similar) (+12 more)
https://www.settleloans.in/loan-settlement-by-city/hingoli,warning,Duplication,Duplicate Content Detected,682 similar pages: https://www.settleloans.in/loan-settlement-by-city/abupur (86.1% similar); https://www.settleloans.in/loan-settlement-by-city/agartala (86.1% similar); https://www.settleloans.in/loan-settlement-by-city/agra (86.1% similar); https://www.settleloans.in/loan-settlement-by-city/ahmedabad (86.1% similar); https://www.settleloans.in/loan-settlement-by-city/aiims (86.1% similar) (+677 more)
https://www.settleloans.in/loan-settlement-by-city/balia,warning,Duplication,Duplicate Content Detected,682 similar pages: https://www.settleloans.in/loan-settlement-by-city/abupur (86.1% similar); https://www.settleloans.in/loan-settlement-by-city/agartala (86.1% similar); https://www.settleloans.in/loan-settlement-by-city/agra (86.1% similar); https://www.settleloans.in/loan-settlement-by-city/ahmedabad (86.1% similar); https://www.settleloans.in/loan-settlement-by-city/aiims (86.1% similar) (+677 more)
https://www.settleloans.in/loan-settlement-by-city/sheohar,warning,Duplication,Duplicate Content Detected,682 similar pages: https://www.settleloans.in/loan-settlement-by-city/abupur (86.1% similar); https://www.settleloans.in/loan-settlement-by-city/agartala (86.1% similar); https://www.settleloans.in/loan-settlement-by-city/agra (86.1% similar); https://www.settleloans.in/loan-settlement-by-city/ahmedabad (86.1% similar); https://www.settleloans.in/loan-settlement-by-city/aiims (86.1% similar) (+677 more)
https://www.settleloans.in/loan-settlement-by-city/kalkaji-mandir,warning,Duplication,Duplicate Content Detected,1 similar page: https://www.settleloans.in/loan-settlement-by-city/kalkaji-mandir-metro (94.5% similar)
https://www.settleloans.in/loan-settlement-by-city/kavi-nagar-sector-12,warning,Duplication,Duplicate Content Detected,9 similar pages: https://www.settleloans.in/loan-settlement-by-city/kavi-nagar-sector-10 (91.1% similar); https://www.settleloans.in/loan-settlement-by-city/kavi-nagar-sector-11 (91.1% similar); https://www.settleloans.in/loan-settlement-by-city/kavi-nagar-sector-13 (91.1% similar); https://www.settleloans.in/loan-settlement-by-city/kavi-nagar-sector-14 (91.1% similar); https://www.settleloans.in/loan-settlement-by-city/kavi-nagar (89.7% similar) (+4 more)
https://www.settleloans.in/loan-settlement-by-city/bhadrak,warning,Duplication,Duplicate Content Detected,682 similar pages: https://www.settleloans.in/loan-settlement-by-city/abupur (86.1% similar); https://www.settleloans.in/loan-settlement-by-city/agartala (86.1% similar); https://www.settleloans.in/loan-settlement-by-city/agra (86.1% similar); https://www.settleloans.in/loan-settlement-by-city/ahmedabad (86.1% similar); https://www.settleloans.in/loan-settlement-by-city/aiims (86.1% similar) (+677 more)
https://www.settleloans.in/loan-settlement-by-city/mysuru,warning,Duplication,Duplicate Content Detected,682 similar pages: https://www.settleloans.in/loan-settlement-by-city/abupur (86.1% similar); https://www.settleloans.in/loan-settlement-by-city/agartala (86.1% similar); https://www.settleloans.in/loan-settlement-by-city/agra (86.1% similar); https://www.settleloans.in/loan-settlement-by-city/ahmedabad (86.1% similar); https://www.settleloans.in/loan-settlement-by-city/aiims (86.1% similar) (+677 more)
https://www.settleloans.in/loan-settlement-by-city/rohtas,warning,Duplication,Duplicate Content Detected,682 similar pages: https://www.settleloans.in/loan-settlement-by-city/abupur (86.1% similar); https://www.settleloans.in/loan-settlement-by-city/agartala (86.1% similar); https://www.settleloans.in/loan-settlement-by-city/agra (86.1% similar); https://www.settleloans.in/loan-settlement-by-city/ahmedabad (86.1% similar); https://www.settleloans.in/loan-settlement-by-city/aiims (86.1% similar) (+677 more)
https://www.settleloans.in/loan-settlement-by-city/kangra,warning,Duplication,Duplicate Content Detected,682 similar pages: https://www.settleloans.in/loan-settlement-by-city/abupur (86.1% similar); https://www.settleloans.in/loan-settlement-by-city/agartala (86.1% similar); https://www.settleloans.in/loan-settlement-by-city/agra (86.1% similar); https://www.settleloans.in/loan-settlement-by-city/ahmedabad (86.1% similar); https://www.settleloans.in/loan-settlement-by-city/aiims (86.1% similar) (+677 more)
https://www.settleloans.in/loan-settlement-by-city/noida-sector-126,warning,Duplication,Duplicate Content Detected,183 similar pages: https://www.settleloans.in/loan-settlement-by-city/noida-sector-1 (89.9% similar); https://www.settleloans.in/loan-settlement-by-city/noida-sector-10 (89.9% similar); https://www.settleloans.in/loan-settlement-by-city/noida-sector-100 (89.9% similar); https://www.settleloans.in/loan-settlement-by-city/noida-sector-101 (89.9% similar); https://www.settleloans.in/loan-settlement-by-city/noida-sector-102 (89.9% similar) (+178 more)
https://www.settleloans.in/loan-settlement-by-city/noida-sector-136,warning,Duplication,Duplicate Content Detected,183 similar pages: https://www.settleloans.in/loan-settlement-by-city/noida-sector-1 (89.9% similar); https://www.settleloans.in/loan-settlement-by-city/noida-sector-10 (89.9% similar); https://www.settleloans.in/loan-settlement-by-city/noida-sector-100 (89.9% similar); https://www.settleloans.in/loan-settlement-by-city/noida-sector-101 (89.9% similar); https://www.settleloans.in/loan-settlement-by-city/noida-sector-102 (89.9% similar) (+178 more)
https://www.settleloans.in/loan-settlement-by-city/noida-extension-sector-22d,warning,Duplication,Duplicate Content Detected,182 similar pages: https://www.settleloans.in/loan-settlement-by-city/noida-extension-sector-1 (91.1% similar); https://www.settleloans.in/loan-settlement-by-city/noida-extension-sector-10 (91.1% similar); https://www.settleloans.in/loan-settlement-by-city/noida-extension-sector-12 (91.1% similar); https://www.settleloans.in/loan-settlement-by-city/noida-extension-sector-16 (91.1% similar); https://www.settleloans.in/loan-settlement-by-city/noida-extension-sector-16b (91.1% similar) (+177 more)
https://www.settleloans.in/loan-settlement-by-city/vasant-kunj,warning,Duplication,Duplicate Content Detected,3 similar pages: https://www.settleloans.in/loan-settlement-by-city/vasant-kunj-bus-stand (89.7% similar); https://www.settleloans.in/loan-settlement-by-city/kalindi-kunj (88.3% similar); https://www.settleloans.in/loan-settlement-by-city/vasant-vihar (88.3% similar)
https://www.settleloans.in/loan-settlement-by-city/faridabad-sector-16,warning,Duplication,Duplicate Content Detected,43 similar pages: https://www.settleloans.in/loan-settlement-by-city/faridabad-sector-1 (89.9% similar); https://www.settleloans.in/loan-settlement-by-city/faridabad-sector-10 (89.9% similar); https://www.settleloans.in/loan-settlement-by-city/faridabad-sector-11 (89.9% similar); https://www.settleloans.in/loan-settlement-by-city/faridabad-sector-12 (89.9% similar); https://www.settleloans.in/loan-settlement-by-city/faridabad-sector-13 (89.9% similar) (+38 more)
https://www.settleloans.in/loan-settlement-by-city/saran,warning,Duplication,Duplicate Content Detected,682 similar pages: https://www.settleloans.in/loan-settlement-by-city/abupur (86.1% similar); https://www.settleloans.in/loan-settlement-by-city/agartala (86.1% similar); https://www.settleloans.in/loan-settlement-by-city/agra (86.1% similar); https://www.settleloans.in/loan-settlement-by-city/ahmedabad (86.1% similar); https://www.settleloans.in/loan-settlement-by-city/aiims (86.1% similar) (+677 more)
https://www.settleloans.in/loan-settlement-by-city/bardhaman,warning,Duplication,Duplicate Content Detected,683 similar pages: https://www.settleloans.in/loan-settlement-by-city/purba-bardhaman (93.5% similar); https://www.settleloans.in/loan-settlement-by-city/abupur (86.1% similar); https://www.settleloans.in/loan-settlement-by-city/agartala (86.1% similar); https://www.settleloans.in/loan-settlement-by-city/agra (86.1% similar); https://www.settleloans.in/loan-settlement-by-city/ahmedabad (86.1% similar) (+678 more)
https://www.settleloans.in/loan-settlement-by-city/wave-city-sector-6,warning,Duplication,Duplicate Content Detected,14 similar pages: https://www.settleloans.in/loan-settlement-by-city/wave-city-sector-1 (91.1% similar); https://www.settleloans.in/loan-settlement-by-city/wave-city-sector-2 (91.1% similar); https://www.settleloans.in/loan-settlement-by-city/wave-city-sector-3 (91.1% similar); https://www.settleloans.in/loan-settlement-by-city/wave-city-sector-4 (91.1% similar); https://www.settleloans.in/loan-settlement-by-city/wave-city-sector-5 (91.1% similar) (+9 more)
https://www.settleloans.in/loan-settlement-by-city/moti-nagar,warning,Duplication,Duplicate Content Detected,31 similar pages: https://www.settleloans.in/loan-settlement-by-city/moti-nagar-depot (94.5% similar); https://www.settleloans.in/loan-settlement-by-city/adarsh-nagar (88.3% similar); https://www.settleloans.in/loan-settlement-by-city/ashok-nagar (88.3% similar); https://www.settleloans.in/loan-settlement-by-city/bharat-nagar (88.3% similar); https://www.settleloans.in/loan-settlement-by-city/chander-nagar (88.3% similar) (+26 more)
https://www.settleloans.in/loan-settlement-by-city/rohini-sector-7,warning,Duplication,Duplicate Content Detected,14 similar pages: https://www.settleloans.in/loan-settlement-by-city/faridabad-sector-7 (89.9% similar); https://www.settleloans.in/loan-settlement-by-city/govindpuram-sector-7 (89.9% similar); https://www.settleloans.in/loan-settlement-by-city/gurugram-sector-7 (89.9% similar); https://www.settleloans.in/loan-settlement-by-city/noida-sector-7 (89.9% similar); https://www.settleloans.in/loan-settlement-by-city/rohini-sector-11 (89.9% similar) (+9 more)
https://www.settleloans.in/loan-settlement-by-city/kanniyakumari,warning,Duplication,Duplicate Content Detected,682 similar pages: https://www.settleloans.in/loan-settlement-by-city/abupur (86.1% similar); https://www.settleloans.in/loan-settlement-by-city/agartala (86.1% similar); https://www.settleloans.in/loan-settlement-by-city/agra (86.1% similar); https://www.settleloans.in/loan-settlement-by-city/ahmedabad (86.1% similar); https://www.settleloans.in/loan-settlement-by-city/aiims (86.1% similar) (+677 more)
https://www.settleloans.in/loan-settlement-by-city/palam-metro,warning,Duplication,Duplicate Content Detected,16 similar pages: https://www.settleloans.in/loan-settlement-by-city/palam (93.5% similar); https://www.settleloans.in/loan-settlement-by-city/aiims-metro (88.3% similar); https://www.settleloans.in/loan-settlement-by-city/badarpur-metro (88.3% similar); https://www.settleloans.in/loan-settlement-by-city/ghevra-metro (88.3% similar); https://www.settleloans.in/loan-settlement-by-city/ito-metro (88.3% similar) (+11 more)
https://www.settleloans.in/loan-settlement-by-city/chhapraula,warning,Duplication,Duplicate Content Detected,682 similar pages: https://www.settleloans.in/loan-settlement-by-city/abupur (86.1% similar); https://www.settleloans.in/loan-settlement-by-city/agartala (86.1% similar); https://www.settleloans.in/loan-settlement-by-city/agra (86.1% similar); https://www.settleloans.in/loan-settlement-by-city/ahmedabad (86.1% similar); https://www.settleloans.in/loan-settlement-by-city/aiims (86.1% similar) (+677 more)
https://www.settleloans.in/loan-settlement-by-city/noida-sector-67,warning,Duplication,Duplicate Content Detected,183 similar pages: https://www.settleloans.in/loan-settlement-by-city/noida-sector-1 (89.9% similar); https://www.settleloans.in/loan-settlement-by-city/noida-sector-10 (89.9% similar); https://www.settleloans.in/loan-settlement-by-city/noida-sector-100 (89.9% similar); https://www.settleloans.in/loan-settlement-by-city/noida-sector-101 (89.9% similar); https://www.settleloans.in/loan-settlement-by-city/noida-sector-102 (89.9% similar) (+178 more)
https://www.settleloans.in/loan-settlement-by-city/ramanagara,warning,Duplication,Duplicate Content Detected,682 similar pages: https://www.settleloans.in/loan-settlement-by-city/abupur (86.1% similar); https://www.settleloans.in/loan-settlement-by-city/agartala (86.1% similar); https://www.settleloans.in/loan-settlement-by-city/agra (86.1% similar); https://www.settleloans.in/loan-settlement-by-city/ahmedabad (86.1% similar); https://www.settleloans.in/loan-settlement-by-city/aiims (86.1% similar) (+677 more)
https://www.settleloans.in/loan-settlement-by-city/kinnaur,warning,Duplication,Duplicate Content Detected,682 similar pages: https://www.settleloans.in/loan-settlement-by-city/abupur (86.1% similar); https://www.settleloans.in/loan-settlement-by-city/agartala (86.1% similar); https://www.settleloans.in/loan-settlement-by-city/agra (86.1% similar); https://www.settleloans.in/loan-settlement-by-city/ahmedabad (86.1% similar); https://www.settleloans.in/loan-settlement-by-city/aiims (86.1% similar) (+677 more)
https://www.settleloans.in/loan-settlement-by-city/aurangabad,warning,Duplication,Duplicate Content Detected,682 similar pages: https://www.settleloans.in/loan-settlement-by-city/abupur (86.1% similar); https://www.settleloans.in/loan-settlement-by-city/agartala (86.1% similar); https://www.settleloans.in/loan-settlement-by-city/agra (86.1% similar); https://www.settleloans.in/loan-settlement-by-city/ahmedabad (86.1% similar); https://www.settleloans.in/loan-settlement-by-city/aiims (86.1% similar) (+677 more)
https://www.settleloans.in/loan-settlement-by-city/dwarka-sector-21,warning,Duplication,Duplicate Content Detected,6 similar pages: https://www.settleloans.in/loan-settlement-by-city/dwarka-sector-14 (89.9% similar); https://www.settleloans.in/loan-settlement-by-city/dwarka-sector-9 (89.9% similar); https://www.settleloans.in/loan-settlement-by-city/faridabad-sector-21 (89.9% similar); https://www.settleloans.in/loan-settlement-by-city/gurugram-sector-21 (89.9% similar); https://www.settleloans.in/loan-settlement-by-city/noida-sector-21 (89.9% similar) (+1 more)
https://www.settleloans.in/loan-settlement-by-city/ecotech-6,warning,Duplication,Duplicate Content Detected,7 similar pages: https://www.settleloans.in/loan-settlement-by-city/ecotech-1 (88.3% similar); https://www.settleloans.in/loan-settlement-by-city/ecotech-2 (88.3% similar); https://www.settleloans.in/loan-settlement-by-city/ecotech-3 (88.3% similar); https://www.settleloans.in/loan-settlement-by-city/ecotech-4 (88.3% similar); https://www.settleloans.in/loan-settlement-by-city/ecotech-5 (88.3% similar) (+2 more)
https://www.settleloans.in/loan-settlement-by-city/vasundhara-sector-6,warning,Duplication,Duplicate Content Detected,33 similar pages: https://www.settleloans.in/loan-settlement-by-city/sector-6-vasundhara (100.0% similar); https://www.settleloans.in/loan-settlement-by-city/faridabad-sector-6 (89.9% similar); https://www.settleloans.in/loan-settlement-by-city/govindpuram-sector-6 (89.9% similar); https://www.settleloans.in/loan-settlement-by-city/gurugram-sector-6 (89.9% similar); https://www.settleloans.in/loan-settlement-by-city/noida-sector-6 (89.9% similar) (+28 more)
https://www.settleloans.in/loan-settlement-by-city/morti-village,warning,Duplication,Duplicate Content Detected,2 similar pages: https://www.settleloans.in/loan-settlement-by-city/dasna-village (88.3% similar); https://www.settleloans.in/loan-settlement-by-city/morti-extension (88.3% similar)
https://www.settleloans.in/loan-settlement-by-city/geeta-colony,warning,Duplication,Duplicate Content Detected,6 similar pages: https://www.settleloans.in/loan-settlement-by-city/baba-colony (88.3% similar); https://www.settleloans.in/loan-settlement-by-city/defence-colony (88.3% similar); https://www.settleloans.in/loan-settlement-by-city/jhilmil-colony (88.3% similar); https://www.settleloans.in/loan-settlement-by-city/railway-colony (88.3% similar); https://www.settleloans.in/loan-settlement-by-city/ramprastha-colony (88.3% similar) (+1 more)
https://www.settleloans.in/loan-settlement-by-city/faizabad,warning,Duplication,Duplicate Content Detected,682 similar pages: https://www.settleloans.in/loan-settlement-by-city/abupur (86.1% similar); https://www.settleloans.in/loan-settlement-by-city/agartala (86.1% similar); https://www.settleloans.in/loan-settlement-by-city/agra (86.1% similar); https://www.settleloans.in/loan-settlement-by-city/ahmedabad (86.1% similar); https://www.settleloans.in/loan-settlement-by-city/aiims (86.1% similar) (+677 more)
https://www.settleloans.in/loan-settlement-by-city/noida-sector-5,warning,Duplication,Duplicate Content Detected,193 similar pages: https://www.settleloans.in/loan-settlement-by-city/faridabad-sector-5 (89.9% similar); https://www.settleloans.in/loan-settlement-by-city/govindpuram-sector-5 (89.9% similar); https://www.settleloans.in/loan-settlement-by-city/gurugram-sector-5 (89.9% similar); https://www.settleloans.in/loan-settlement-by-city/noida-sector-1 (89.9% similar); https://www.settleloans.in/loan-settlement-by-city/noida-sector-10 (89.9% similar) (+188 more)
https://www.settleloans.in/loan-settlement-by-city/sultanpur,warning,Duplication,Duplicate Content Detected,682 similar pages: https://www.settleloans.in/loan-settlement-by-city/abupur (86.1% similar); https://www.settleloans.in/loan-settlement-by-city/agartala (86.1% similar); https://www.settleloans.in/loan-settlement-by-city/agra (86.1% similar); https://www.settleloans.in/loan-settlement-by-city/ahmedabad (86.1% similar); https://www.settleloans.in/loan-settlement-by-city/aiims (86.1% similar) (+677 more)
https://www.settleloans.in/loan-settlement-by-city/gokalpuri,warning,Duplication,Duplicate Content Detected,682 similar pages: https://www.settleloans.in/loan-settlement-by-city/abupur (86.1% similar); https://www.settleloans.in/loan-settlement-by-city/agartala (86.1% similar); https://www.settleloans.in/loan-settlement-by-city/agra (86.1% similar); https://www.settleloans.in/loan-settlement-by-city/ahmedabad (86.1% similar); https://www.settleloans.in/loan-settlement-by-city/aiims (86.1% similar) (+677 more)
https://www.settleloans.in/loan-settlement-by-city/greater-noida-sector-tau-2,warning,Duplication,Duplicate Content Detected,11 similar pages: https://www.settleloans.in/loan-settlement-by-city/greater-noida-sector-beta-2 (92.0% similar); https://www.settleloans.in/loan-settlement-by-city/greater-noida-sector-pi-2 (92.0% similar); https://www.settleloans.in/loan-settlement-by-city/greater-noida-sector-tau-1 (92.0% similar); https://www.settleloans.in/loan-settlement-by-city/greater-noida-sector-zeta-2 (92.0% similar); https://www.settleloans.in/loan-settlement-by-city/noida-sector-2 (90.9% similar) (+6 more)
https://www.settleloans.in/loan-settlement-by-city/maharajganj,warning,Duplication,Duplicate Content Detected,682 similar pages: https://www.settleloans.in/loan-settlement-by-city/abupur (86.1% similar); https://www.settleloans.in/loan-settlement-by-city/agartala (86.1% similar); https://www.settleloans.in/loan-settlement-by-city/agra (86.1% similar); https://www.settleloans.in/loan-settlement-by-city/ahmedabad (86.1% similar); https://www.settleloans.in/loan-settlement-by-city/aiims (86.1% similar) (+677 more)
https://www.settleloans.in/loan-settlement-by-city/mohan-nagar-chowk,warning,Duplication,Duplicate Content Detected,2 similar pages: https://www.settleloans.in/loan-settlement-by-city/mohan-nagar (94.5% similar); https://www.settleloans.in/loan-settlement-by-city/mohan-nagar-industrial-area (85.7% similar)
https://www.settleloans.in/loan-settlement-by-city/nagaland,warning,Duplication,Duplicate Content Detected,682 similar pages: https://www.settleloans.in/loan-settlement-by-city/abupur (86.1% similar); https://www.settleloans.in/loan-settlement-by-city/agartala (86.1% similar); https://www.settleloans.in/loan-settlement-by-city/agra (86.1% similar); https://www.settleloans.in/loan-settlement-by-city/ahmedabad (86.1% similar); https://www.settleloans.in/loan-settlement-by-city/aiims (86.1% similar) (+677 more)
https://www.settleloans.in/loan-settlement-by-city/fatehpur,warning,Duplication,Duplicate Content Detected,682 similar pages: https://www.settleloans.in/loan-settlement-by-city/abupur (86.1% similar); https://www.settleloans.in/loan-settlement-by-city/agartala (86.1% similar); https://www.settleloans.in/loan-settlement-by-city/agra (86.1% similar); https://www.settleloans.in/loan-settlement-by-city/ahmedabad (86.1% similar); https://www.settleloans.in/loan-settlement-by-city/aiims (86.1% similar) (+677 more)
https://www.settleloans.in/loan-settlement-by-city/crossings-republic-flora,warning,Duplication,Duplicate Content Detected,2 similar pages: https://www.settleloans.in/loan-settlement-by-city/crossings-republic-amrapali (89.9% similar); https://www.settleloans.in/loan-settlement-by-city/crossings-republic-supertech (86.8% similar)
https://www.settleloans.in/loan-settlement-by-city/dholpur,warning,Duplication,Duplicate Content Detected,682 similar pages: https://www.settleloans.in/loan-settlement-by-city/abupur (86.1% similar); https://www.settleloans.in/loan-settlement-by-city/agartala (86.1% similar); https://www.settleloans.in/loan-settlement-by-city/agra (86.1% similar); https://www.settleloans.in/loan-settlement-by-city/ahmedabad (86.1% similar); https://www.settleloans.in/loan-settlement-by-city/aiims (86.1% similar) (+677 more)
https://www.settleloans.in/loan-settlement-by-city/faridabad-sector-24,warning,Duplication,Duplicate Content Detected,44 similar pages: https://www.settleloans.in/loan-settlement-by-city/faridabad-sector-1 (89.9% similar); https://www.settleloans.in/loan-settlement-by-city/faridabad-sector-10 (89.9% similar); https://www.settleloans.in/loan-settlement-by-city/faridabad-sector-11 (89.9% similar); https://www.settleloans.in/loan-settlement-by-city/faridabad-sector-12 (89.9% similar); https://www.settleloans.in/loan-settlement-by-city/faridabad-sector-13 (89.9% similar) (+39 more)
https://www.settleloans.in/loan-settlement-by-city/noida-sector-130,warning,Duplication,Duplicate Content Detected,183 similar pages: https://www.settleloans.in/loan-settlement-by-city/noida-sector-1 (89.9% similar); https://www.settleloans.in/loan-settlement-by-city/noida-sector-10 (89.9% similar); https://www.settleloans.in/loan-settlement-by-city/noida-sector-100 (89.9% similar); https://www.settleloans.in/loan-settlement-by-city/noida-sector-101 (89.9% similar); https://www.settleloans.in/loan-settlement-by-city/noida-sector-102 (89.9% similar) (+178 more)
https://www.settleloans.in/loan-settlement-by-city/kamrup,warning,Duplication,Duplicate Content Detected,683 similar pages: https://www.settleloans.in/loan-settlement-by-city/kamrup-metropolitan (93.5% similar); https://www.settleloans.in/loan-settlement-by-city/abupur (86.1% similar); https://www.settleloans.in/loan-settlement-by-city/agartala (86.1% similar); https://www.settleloans.in/loan-settlement-by-city/agra (86.1% similar); https://www.settleloans.in/loan-settlement-by-city/ahmedabad (86.1% similar) (+678 more)
https://www.settleloans.in/loan-settlement-by-city/ahmedabad,warning,Duplication,Duplicate Content Detected,682 similar pages: https://www.settleloans.in/loan-settlement-by-city/abupur (86.1% similar); https://www.settleloans.in/loan-settlement-by-city/agartala (86.1% similar); https://www.settleloans.in/loan-settlement-by-city/agra (86.1% similar); https://www.settleloans.in/loan-settlement-by-city/aiims (86.1% similar); https://www.settleloans.in/loan-settlement-by-city/aizawl (86.1% similar) (+677 more)
https://www.settleloans.in/loan-settlement-by-city/noida-sector-52,warning,Duplication,Duplicate Content Detected,183 similar pages: https://www.settleloans.in/loan-settlement-by-city/noida-sector-1 (89.9% similar); https://www.settleloans.in/loan-settlement-by-city/noida-sector-10 (89.9% similar); https://www.settleloans.in/loan-settlement-by-city/noida-sector-100 (89.9% similar); https://www.settleloans.in/loan-settlement-by-city/noida-sector-101 (89.9% similar); https://www.settleloans.in/loan-settlement-by-city/noida-sector-102 (89.9% similar) (+178 more)
https://www.settleloans.in/loan-settlement-by-city/yamuna-expressway-sector-27,warning,Duplication,Duplicate Content Detected,9 similar pages: https://www.settleloans.in/loan-settlement-by-city/yamuna-expressway-sector-18 (91.1% similar); https://www.settleloans.in/loan-settlement-by-city/yamuna-expressway-sector-20 (91.1% similar); https://www.settleloans.in/loan-settlement-by-city/yamuna-expressway-sector-22 (91.1% similar); https://www.settleloans.in/loan-settlement-by-city/yamuna-expressway-sector-24 (91.1% similar); https://www.settleloans.in/loan-settlement-by-city/yamuna-expressway-sector-25 (91.1% similar) (+4 more)
https://www.settleloans.in/loan-settlement-by-city/gangtok,warning,Duplication,Duplicate Content Detected,682 similar pages: https://www.settleloans.in/loan-settlement-by-city/abupur (86.1% similar); https://www.settleloans.in/loan-settlement-by-city/agartala (86.1% similar); https://www.settleloans.in/loan-settlement-by-city/agra (86.1% similar); https://www.settleloans.in/loan-settlement-by-city/ahmedabad (86.1% similar); https://www.settleloans.in/loan-settlement-by-city/aiims (86.1% similar) (+677 more)
https://www.settleloans.in/loan-settlement-by-city/noida-extension-sector-16b,warning,Duplication,Duplicate Content Detected,182 similar pages: https://www.settleloans.in/loan-settlement-by-city/noida-extension-sector-1 (91.1% similar); https://www.settleloans.in/loan-settlement-by-city/noida-extension-sector-10 (91.1% similar); https://www.settleloans.in/loan-settlement-by-city/noida-extension-sector-12 (91.1% similar); https://www.settleloans.in/loan-settlement-by-city/noida-extension-sector-16 (91.1% similar); https://www.settleloans.in/loan-settlement-by-city/noida-extension-sector-16c (91.1% similar) (+177 more)
https://www.settleloans.in/loan-settlement-by-city/noida-sector-53,warning,Duplication,Duplicate Content Detected,183 similar pages: https://www.settleloans.in/loan-settlement-by-city/noida-sector-1 (89.9% similar); https://www.settleloans.in/loan-settlement-by-city/noida-sector-10 (89.9% similar); https://www.settleloans.in/loan-settlement-by-city/noida-sector-100 (89.9% similar); https://www.settleloans.in/loan-settlement-by-city/noida-sector-101 (89.9% similar); https://www.settleloans.in/loan-settlement-by-city/noida-sector-102 (89.9% similar) (+178 more)
https://www.settleloans.in/loan-settlement-by-city/indirapuram-nyay-khand-1,warning,Duplication,Duplicate Content Detected,11 similar pages: https://www.settleloans.in/loan-settlement-by-city/nyay-khand-1 (95.2% similar); https://www.settleloans.in/loan-settlement-by-city/indirapuram-abhay-khand-1 (91.1% similar); https://www.settleloans.in/loan-settlement-by-city/indirapuram-nyay-khand-2 (91.1% similar); https://www.settleloans.in/loan-settlement-by-city/indirapuram-nyay-khand-3 (91.1% similar); https://www.settleloans.in/loan-settlement-by-city/indirapuram-shakti-khand-1 (91.1% similar) (+6 more)
https://www.settleloans.in/loan-settlement-by-city/defence-colony,warning,Duplication,Duplicate Content Detected,6 similar pages: https://www.settleloans.in/loan-settlement-by-city/baba-colony (88.3% similar); https://www.settleloans.in/loan-settlement-by-city/geeta-colony (88.3% similar); https://www.settleloans.in/loan-settlement-by-city/jhilmil-colony (88.3% similar); https://www.settleloans.in/loan-settlement-by-city/railway-colony (88.3% similar); https://www.settleloans.in/loan-settlement-by-city/ramprastha-colony (88.3% similar) (+1 more)
https://www.settleloans.in/loan-settlement-by-city/thanjavur,warning,Duplication,Duplicate Content Detected,682 similar pages: https://www.settleloans.in/loan-settlement-by-city/abupur (86.1% similar); https://www.settleloans.in/loan-settlement-by-city/agartala (86.1% similar); https://www.settleloans.in/loan-settlement-by-city/agra (86.1% similar); https://www.settleloans.in/loan-settlement-by-city/ahmedabad (86.1% similar); https://www.settleloans.in/loan-settlement-by-city/aiims (86.1% similar) (+677 more)
https://www.settleloans.in/loan-settlement-by-city/ganderbal,warning,Duplication,Duplicate Content Detected,682 similar pages: https://www.settleloans.in/loan-settlement-by-city/abupur (86.1% similar); https://www.settleloans.in/loan-settlement-by-city/agartala (86.1% similar); https://www.settleloans.in/loan-settlement-by-city/agra (86.1% similar); https://www.settleloans.in/loan-settlement-by-city/ahmedabad (86.1% similar); https://www.settleloans.in/loan-settlement-by-city/aiims (86.1% similar) (+677 more)
https://www.settleloans.in/loan-settlement-by-city/pratap-vihar-sector-1,warning,Duplication,Duplicate Content Detected,19 similar pages: https://www.settleloans.in/loan-settlement-by-city/pratap-vihar-sector-2 (91.1% similar); https://www.settleloans.in/loan-settlement-by-city/pratap-vihar-sector-3 (91.1% similar); https://www.settleloans.in/loan-settlement-by-city/siddharth-vihar-sector-1 (91.1% similar); https://www.settleloans.in/loan-settlement-by-city/pratap-vihar (89.7% similar); https://www.settleloans.in/loan-settlement-by-city/faridabad-sector-1 (85.7% similar) (+14 more)
https://www.settleloans.in/loan-settlement-by-city/herat,warning,Duplication,Duplicate Content Detected,682 similar pages: https://www.settleloans.in/loan-settlement-by-city/abupur (86.1% similar); https://www.settleloans.in/loan-settlement-by-city/agartala (86.1% similar); https://www.settleloans.in/loan-settlement-by-city/agra (86.1% similar); https://www.settleloans.in/loan-settlement-by-city/ahmedabad (86.1% similar); https://www.settleloans.in/loan-settlement-by-city/aiims (86.1% similar) (+677 more)
https://www.settleloans.in/loan-settlement-by-city/lower-dibang-valley,warning,Duplication,Duplicate Content Detected,1 similar page: https://www.settleloans.in/loan-settlement-by-city/dibang-valley (94.5% similar)
https://www.settleloans.in/loan-settlement-by-city/anuppur,warning,Duplication,Duplicate Content Detected,682 similar pages: https://www.settleloans.in/loan-settlement-by-city/abupur (86.1% similar); https://www.settleloans.in/loan-settlement-by-city/agartala (86.1% similar); https://www.settleloans.in/loan-settlement-by-city/agra (86.1% similar); https://www.settleloans.in/loan-settlement-by-city/ahmedabad (86.1% similar); https://www.settleloans.in/loan-settlement-by-city/aiims (86.1% similar) (+677 more)
https://www.settleloans.in/loan-settlement-by-city/patparganj-metro,warning,Duplication,Duplicate Content Detected,16 similar pages: https://www.settleloans.in/loan-settlement-by-city/patparganj (93.5% similar); https://www.settleloans.in/loan-settlement-by-city/aiims-metro (88.3% similar); https://www.settleloans.in/loan-settlement-by-city/badarpur-metro (88.3% similar); https://www.settleloans.in/loan-settlement-by-city/ghevra-metro (88.3% similar); https://www.settleloans.in/loan-settlement-by-city/ito-metro (88.3% similar) (+11 more)
https://www.settleloans.in/loan-settlement-by-city/faridabad-sector-21c,warning,Duplication,Duplicate Content Detected,40 similar pages: https://www.settleloans.in/loan-settlement-by-city/faridabad-sector-1 (89.9% similar); https://www.settleloans.in/loan-settlement-by-city/faridabad-sector-10 (89.9% similar); https://www.settleloans.in/loan-settlement-by-city/faridabad-sector-11 (89.9% similar); https://www.settleloans.in/loan-settlement-by-city/faridabad-sector-12 (89.9% similar); https://www.settleloans.in/loan-settlement-by-city/faridabad-sector-13 (89.9% similar) (+35 more)
https://www.settleloans.in/loan-settlement-by-city/meghalaya,warning,Duplication,Duplicate Content Detected,682 similar pages: https://www.settleloans.in/loan-settlement-by-city/abupur (86.1% similar); https://www.settleloans.in/loan-settlement-by-city/agartala (86.1% similar); https://www.settleloans.in/loan-settlement-by-city/agra (86.1% similar); https://www.settleloans.in/loan-settlement-by-city/ahmedabad (86.1% similar); https://www.settleloans.in/loan-settlement-by-city/aiims (86.1% similar) (+677 more)
https://www.settleloans.in/loan-settlement-by-city/faridabad-sector-28,warning,Duplication,Duplicate Content Detected,42 similar pages: https://www.settleloans.in/loan-settlement-by-city/faridabad-sector-1 (89.9% similar); https://www.settleloans.in/loan-settlement-by-city/faridabad-sector-10 (89.9% similar); https://www.settleloans.in/loan-settlement-by-city/faridabad-sector-11 (89.9% similar); https://www.settleloans.in/loan-settlement-by-city/faridabad-sector-12 (89.9% similar); https://www.settleloans.in/loan-settlement-by-city/faridabad-sector-13 (89.9% similar) (+37 more)
https://www.settleloans.in/loan-settlement-by-city/noida-sector-41,warning,Duplication,Duplicate Content Detected,184 similar pages: https://www.settleloans.in/loan-settlement-by-city/gurugram-sector-41 (89.9% similar); https://www.settleloans.in/loan-settlement-by-city/noida-sector-1 (89.9% similar); https://www.settleloans.in/loan-settlement-by-city/noida-sector-10 (89.9% similar); https://www.settleloans.in/loan-settlement-by-city/noida-sector-100 (89.9% similar); https://www.settleloans.in/loan-settlement-by-city/noida-sector-101 (89.9% similar) (+179 more)
https://www.settleloans.in/loan-settlement-by-city/gyan-khand-2,warning,Duplication,Duplicate Content Detected,9 similar pages: https://www.settleloans.in/loan-settlement-by-city/abhay-khand-2 (89.9% similar); https://www.settleloans.in/loan-settlement-by-city/gyan-khand-1 (89.9% similar); https://www.settleloans.in/loan-settlement-by-city/gyan-khand-3 (89.9% similar); https://www.settleloans.in/loan-settlement-by-city/gyan-khand-4 (89.9% similar); https://www.settleloans.in/loan-settlement-by-city/niti-khand-2 (89.9% similar) (+4 more)
https://www.settleloans.in/loan-settlement-by-city/tronica-city-sector-c,warning,Duplication,Duplicate Content Detected,5 similar pages: https://www.settleloans.in/loan-settlement-by-city/tronica-city-sector-a (91.1% similar); https://www.settleloans.in/loan-settlement-by-city/tronica-city-sector-b (91.1% similar); https://www.settleloans.in/loan-settlement-by-city/tronica-city-sector-d (91.1% similar); https://www.settleloans.in/loan-settlement-by-city/tronica-city-sector-e (91.1% similar); https://www.settleloans.in/loan-settlement-by-city/loni-tronica-city (85.7% similar)
https://www.settleloans.in/loan-settlement-by-city/shyam-park-main,warning,Duplication,Duplicate Content Detected,1 similar page: https://www.settleloans.in/loan-settlement-by-city/shyam-park-extension (89.9% similar)
https://www.settleloans.in/loan-settlement-by-city/noida-sector-50,warning,Duplication,Duplicate Content Detected,183 similar pages: https://www.settleloans.in/loan-settlement-by-city/noida-sector-1 (89.9% similar); https://www.settleloans.in/loan-settlement-by-city/noida-sector-10 (89.9% similar); https://www.settleloans.in/loan-settlement-by-city/noida-sector-100 (89.9% similar); https://www.settleloans.in/loan-settlement-by-city/noida-sector-101 (89.9% similar); https://www.settleloans.in/loan-settlement-by-city/noida-sector-102 (89.9% similar) (+178 more)
https://www.settleloans.in/loan-settlement-by-city/jamshedpur,warning,Duplication,Duplicate Content Detected,682 similar pages: https://www.settleloans.in/loan-settlement-by-city/abupur (86.1% similar); https://www.settleloans.in/loan-settlement-by-city/agartala (86.1% similar); https://www.settleloans.in/loan-settlement-by-city/agra (86.1% similar); https://www.settleloans.in/loan-settlement-by-city/ahmedabad (86.1% similar); https://www.settleloans.in/loan-settlement-by-city/aiims (86.1% similar) (+677 more)
https://www.settleloans.in/loan-settlement-by-city/bhagalpur,warning,Duplication,Duplicate Content Detected,682 similar pages: https://www.settleloans.in/loan-settlement-by-city/abupur (86.1% similar); https://www.settleloans.in/loan-settlement-by-city/agartala (86.1% similar); https://www.settleloans.in/loan-settlement-by-city/agra (86.1% similar); https://www.settleloans.in/loan-settlement-by-city/ahmedabad (86.1% similar); https://www.settleloans.in/loan-settlement-by-city/aiims (86.1% similar) (+677 more)
https://www.settleloans.in/loan-settlement-by-city/noida-sector-133,warning,Duplication,Duplicate Content Detected,183 similar pages: https://www.settleloans.in/loan-settlement-by-city/noida-sector-1 (89.9% similar); https://www.settleloans.in/loan-settlement-by-city/noida-sector-10 (89.9% similar); https://www.settleloans.in/loan-settlement-by-city/noida-sector-100 (89.9% similar); https://www.settleloans.in/loan-settlement-by-city/noida-sector-101 (89.9% similar); https://www.settleloans.in/loan-settlement-by-city/noida-sector-102 (89.9% similar) (+178 more)
https://www.settleloans.in/loan-settlement-by-city/sector-5-vasundhara,warning,Duplication,Duplicate Content Detected,34 similar pages: https://www.settleloans.in/loan-settlement-by-city/vasundhara-sector-5 (100.0% similar); https://www.settleloans.in/loan-settlement-by-city/faridabad-sector-5 (89.9% similar); https://www.settleloans.in/loan-settlement-by-city/govindpuram-sector-5 (89.9% similar); https://www.settleloans.in/loan-settlement-by-city/gurugram-sector-5 (89.9% similar); https://www.settleloans.in/loan-settlement-by-city/noida-sector-5 (89.9% similar) (+29 more)
https://www.settleloans.in/loan-settlement-by-city/sheikhpura,warning,Duplication,Duplicate Content Detected,682 similar pages: https://www.settleloans.in/loan-settlement-by-city/abupur (86.1% similar); https://www.settleloans.in/loan-settlement-by-city/agartala (86.1% similar); https://www.settleloans.in/loan-settlement-by-city/agra (86.1% similar); https://www.settleloans.in/loan-settlement-by-city/ahmedabad (86.1% similar); https://www.settleloans.in/loan-settlement-by-city/aiims (86.1% similar) (+677 more)
https://www.settleloans.in/loan-settlement-by-city/champawat,warning,Duplication,Duplicate Content Detected,682 similar pages: https://www.settleloans.in/loan-settlement-by-city/abupur (86.1% similar); https://www.settleloans.in/loan-settlement-by-city/agartala (86.1% similar); https://www.settleloans.in/loan-settlement-by-city/agra (86.1% similar); https://www.settleloans.in/loan-settlement-by-city/ahmedabad (86.1% similar); https://www.settleloans.in/loan-settlement-by-city/aiims (86.1% similar) (+677 more)
https://www.settleloans.in/loan-settlement-by-city/bahraich,warning,Duplication,Duplicate Content Detected,682 similar pages: https://www.settleloans.in/loan-settlement-by-city/abupur (86.1% similar); https://www.settleloans.in/loan-settlement-by-city/agartala (86.1% similar); https://www.settleloans.in/loan-settlement-by-city/agra (86.1% similar); https://www.settleloans.in/loan-settlement-by-city/ahmedabad (86.1% similar); https://www.settleloans.in/loan-settlement-by-city/aiims (86.1% similar) (+677 more)
https://www.settleloans.in/loan-settlement-by-city/kasaragod,warning,Duplication,Duplicate Content Detected,682 similar pages: https://www.settleloans.in/loan-settlement-by-city/abupur (86.1% similar); https://www.settleloans.in/loan-settlement-by-city/agartala (86.1% similar); https://www.settleloans.in/loan-settlement-by-city/agra (86.1% similar); https://www.settleloans.in/loan-settlement-by-city/ahmedabad (86.1% similar); https://www.settleloans.in/loan-settlement-by-city/aiims (86.1% similar) (+677 more)
https://www.settleloans.in/loan-settlement-by-city/singrauli,warning,Duplication,Duplicate Content Detected,682 similar pages: https://www.settleloans.in/loan-settlement-by-city/abupur (86.1% similar); https://www.settleloans.in/loan-settlement-by-city/agartala (86.1% similar); https://www.settleloans.in/loan-settlement-by-city/agra (86.1% similar); https://www.settleloans.in/loan-settlement-by-city/ahmedabad (86.1% similar); https://www.settleloans.in/loan-settlement-by-city/aiims (86.1% similar) (+677 more)
https://www.settleloans.in/loan-settlement-by-city/faridabad-sector-29,warning,Duplication,Duplicate Content Detected,42 similar pages: https://www.settleloans.in/loan-settlement-by-city/faridabad-sector-1 (89.9% similar); https://www.settleloans.in/loan-settlement-by-city/faridabad-sector-10 (89.9% similar); https://www.settleloans.in/loan-settlement-by-city/faridabad-sector-11 (89.9% similar); https://www.settleloans.in/loan-settlement-by-city/faridabad-sector-12 (89.9% similar); https://www.settleloans.in/loan-settlement-by-city/faridabad-sector-13 (89.9% similar) (+37 more)
https://www.settleloans.in/loan-settlement-by-city/chikkamagaluru,warning,Duplication,Duplicate Content Detected,682 similar pages: https://www.settleloans.in/loan-settlement-by-city/abupur (86.1% similar); https://www.settleloans.in/loan-settlement-by-city/agartala (86.1% similar); https://www.settleloans.in/loan-settlement-by-city/agra (86.1% similar); https://www.settleloans.in/loan-settlement-by-city/ahmedabad (86.1% similar); https://www.settleloans.in/loan-settlement-by-city/aiims (86.1% similar) (+677 more)
https://www.settleloans.in/loan-settlement-by-city/noida-sector-82,warning,Duplication,Duplicate Content Detected,183 similar pages: https://www.settleloans.in/loan-settlement-by-city/noida-sector-1 (89.9% similar); https://www.settleloans.in/loan-settlement-by-city/noida-sector-10 (89.9% similar); https://www.settleloans.in/loan-settlement-by-city/noida-sector-100 (89.9% similar); https://www.settleloans.in/loan-settlement-by-city/noida-sector-101 (89.9% similar); https://www.settleloans.in/loan-settlement-by-city/noida-sector-102 (89.9% similar) (+178 more)
https://www.settleloans.in/loan-settlement-by-city/siwan,warning,Duplication,Duplicate Content Detected,682 similar pages: https://www.settleloans.in/loan-settlement-by-city/abupur (86.1% similar); https://www.settleloans.in/loan-settlement-by-city/agartala (86.1% similar); https://www.settleloans.in/loan-settlement-by-city/agra (86.1% similar); https://www.settleloans.in/loan-settlement-by-city/ahmedabad (86.1% similar); https://www.settleloans.in/loan-settlement-by-city/aiims (86.1% similar) (+677 more)
https://www.settleloans.in/loan-settlement-by-city/yavatmal,warning,Duplication,Duplicate Content Detected,682 similar pages: https://www.settleloans.in/loan-settlement-by-city/abupur (86.1% similar); https://www.settleloans.in/loan-settlement-by-city/agartala (86.1% similar); https://www.settleloans.in/loan-settlement-by-city/agra (86.1% similar); https://www.settleloans.in/loan-settlement-by-city/ahmedabad (86.1% similar); https://www.settleloans.in/loan-settlement-by-city/aiims (86.1% similar) (+677 more)
https://www.settleloans.in/loan-settlement-by-city/udhampur,warning,Duplication,Duplicate Content Detected,682 similar pages: https://www.settleloans.in/loan-settlement-by-city/abupur (86.1% similar); https://www.settleloans.in/loan-settlement-by-city/agartala (86.1% similar); https://www.settleloans.in/loan-settlement-by-city/agra (86.1% similar); https://www.settleloans.in/loan-settlement-by-city/ahmedabad (86.1% similar); https://www.settleloans.in/loan-settlement-by-city/aiims (86.1% similar) (+677 more)
https://www.settleloans.in/loan-settlement-by-city/kalai,warning,Duplication,Duplicate Content Detected,682 similar pages: https://www.settleloans.in/loan-settlement-by-city/abupur (86.1% similar); https://www.settleloans.in/loan-settlement-by-city/agartala (86.1% similar); https://www.settleloans.in/loan-settlement-by-city/agra (86.1% similar); https://www.settleloans.in/loan-settlement-by-city/ahmedabad (86.1% similar); https://www.settleloans.in/loan-settlement-by-city/aiims (86.1% similar) (+677 more)
https://www.settleloans.in/loan-settlement-by-city/vasundhara-sector-11,warning,Duplication,Duplicate Content Detected,30 similar pages: https://www.settleloans.in/loan-settlement-by-city/sector-11-vasundhara (100.0% similar); https://www.settleloans.in/loan-settlement-by-city/faridabad-sector-11 (89.9% similar); https://www.settleloans.in/loan-settlement-by-city/gurugram-sector-11 (89.9% similar); https://www.settleloans.in/loan-settlement-by-city/noida-sector-11 (89.9% similar); https://www.settleloans.in/loan-settlement-by-city/rohini-sector-11 (89.9% similar) (+25 more)
https://www.settleloans.in/loan-settlement-by-city/bangalore-rural,warning,Duplication,Duplicate Content Detected,4 similar pages: https://www.settleloans.in/loan-settlement-by-city/bangalore (93.5% similar); https://www.settleloans.in/loan-settlement-by-city/bangalore-urban (88.3% similar); https://www.settleloans.in/loan-settlement-by-city/bengaluru-rural (88.3% similar); https://www.settleloans.in/loan-settlement-by-city/warangal-rural (88.3% similar)
https://www.settleloans.in/loan-settlement-by-city/garhwa,warning,Duplication,Duplicate Content Detected,682 similar pages: https://www.settleloans.in/loan-settlement-by-city/abupur (86.1% similar); https://www.settleloans.in/loan-settlement-by-city/agartala (86.1% similar); https://www.settleloans.in/loan-settlement-by-city/agra (86.1% similar); https://www.settleloans.in/loan-settlement-by-city/ahmedabad (86.1% similar); https://www.settleloans.in/loan-settlement-by-city/aiims (86.1% similar) (+677 more)
https://www.settleloans.in/loan-settlement-by-city/nangloi,warning,Duplication,Duplicate Content Detected,683 similar pages: https://www.settleloans.in/loan-settlement-by-city/nangloi-metro (93.5% similar); https://www.settleloans.in/loan-settlement-by-city/abupur (86.1% similar); https://www.settleloans.in/loan-settlement-by-city/agartala (86.1% similar); https://www.settleloans.in/loan-settlement-by-city/agra (86.1% similar); https://www.settleloans.in/loan-settlement-by-city/ahmedabad (86.1% similar) (+678 more)
https://www.settleloans.in/loan-settlement-by-city/noida-sector-10,warning,Duplication,Duplicate Content Detected,189 similar pages: https://www.settleloans.in/loan-settlement-by-city/noida-extension-sector-10 (95.2% similar); https://www.settleloans.in/loan-settlement-by-city/faridabad-sector-10 (89.9% similar); https://www.settleloans.in/loan-settlement-by-city/gurugram-sector-10 (89.9% similar); https://www.settleloans.in/loan-settlement-by-city/noida-sector-1 (89.9% similar); https://www.settleloans.in/loan-settlement-by-city/noida-sector-100 (89.9% similar) (+184 more)
https://www.settleloans.in/loan-settlement-by-city/solan,warning,Duplication,Duplicate Content Detected,682 similar pages: https://www.settleloans.in/loan-settlement-by-city/abupur (86.1% similar); https://www.settleloans.in/loan-settlement-by-city/agartala (86.1% similar); https://www.settleloans.in/loan-settlement-by-city/agra (86.1% similar); https://www.settleloans.in/loan-settlement-by-city/ahmedabad (86.1% similar); https://www.settleloans.in/loan-settlement-by-city/aiims (86.1% similar) (+677 more)
https://www.settleloans.in/loan-settlement-by-city/noida-sector-104,warning,Duplication,Duplicate Content Detected,183 similar pages: https://www.settleloans.in/loan-settlement-by-city/noida-sector-1 (89.9% similar); https://www.settleloans.in/loan-settlement-by-city/noida-sector-10 (89.9% similar); https://www.settleloans.in/loan-settlement-by-city/noida-sector-100 (89.9% similar); https://www.settleloans.in/loan-settlement-by-city/noida-sector-101 (89.9% similar); https://www.settleloans.in/loan-settlement-by-city/noida-sector-102 (89.9% similar) (+178 more)
https://www.settleloans.in/loan-settlement-by-city/noida-sector-123,warning,Duplication,Duplicate Content Detected,183 similar pages: https://www.settleloans.in/loan-settlement-by-city/noida-sector-1 (89.9% similar); https://www.settleloans.in/loan-settlement-by-city/noida-sector-10 (89.9% similar); https://www.settleloans.in/loan-settlement-by-city/noida-sector-100 (89.9% similar); https://www.settleloans.in/loan-settlement-by-city/noida-sector-101 (89.9% similar); https://www.settleloans.in/loan-settlement-by-city/noida-sector-102 (89.9% similar) (+178 more)
https://www.settleloans.in/loan-settlement-by-city/fayzabad,warning,Duplication,Duplicate Content Detected,682 similar pages: https://www.settleloans.in/loan-settlement-by-city/abupur (86.1% similar); https://www.settleloans.in/loan-settlement-by-city/agartala (86.1% similar); https://www.settleloans.in/loan-settlement-by-city/agra (86.1% similar); https://www.settleloans.in/loan-settlement-by-city/ahmedabad (86.1% similar); https://www.settleloans.in/loan-settlement-by-city/aiims (86.1% similar) (+677 more)
https://www.settleloans.in/loan-settlement-by-city/daryaganj,warning,Duplication,Duplicate Content Detected,682 similar pages: https://www.settleloans.in/loan-settlement-by-city/abupur (86.1% similar); https://www.settleloans.in/loan-settlement-by-city/agartala (86.1% similar); https://www.settleloans.in/loan-settlement-by-city/agra (86.1% similar); https://www.settleloans.in/loan-settlement-by-city/ahmedabad (86.1% similar); https://www.settleloans.in/loan-settlement-by-city/aiims (86.1% similar) (+677 more)
https://www.settleloans.in/loan-settlement-by-city/noida-extension-sector-16c,warning,Duplication,Duplicate Content Detected,182 similar pages: https://www.settleloans.in/loan-settlement-by-city/noida-extension-sector-1 (91.1% similar); https://www.settleloans.in/loan-settlement-by-city/noida-extension-sector-10 (91.1% similar); https://www.settleloans.in/loan-settlement-by-city/noida-extension-sector-12 (91.1% similar); https://www.settleloans.in/loan-settlement-by-city/noida-extension-sector-16 (91.1% similar); https://www.settleloans.in/loan-settlement-by-city/noida-extension-sector-16b (91.1% similar) (+177 more)
https://www.settleloans.in/loan-settlement-by-city/kanpur-dehat,warning,Duplication,Duplicate Content Detected,2 similar pages: https://www.settleloans.in/loan-settlement-by-city/kanpur (93.5% similar); https://www.settleloans.in/loan-settlement-by-city/kanpur-nagar (88.3% similar)
https://www.settleloans.in/loan-settlement-by-city/dahod,warning,Duplication,Duplicate Content Detected,682 similar pages: https://www.settleloans.in/loan-settlement-by-city/abupur (86.1% similar); https://www.settleloans.in/loan-settlement-by-city/agartala (86.1% similar); https://www.settleloans.in/loan-settlement-by-city/agra (86.1% similar); https://www.settleloans.in/loan-settlement-by-city/ahmedabad (86.1% similar); https://www.settleloans.in/loan-settlement-by-city/aiims (86.1% similar) (+677 more)
https://www.settleloans.in/loan-settlement-by-city/wave-city-sector-4,warning,Duplication,Duplicate Content Detected,17 similar pages: https://www.settleloans.in/loan-settlement-by-city/wave-city-sector-1 (91.1% similar); https://www.settleloans.in/loan-settlement-by-city/wave-city-sector-2 (91.1% similar); https://www.settleloans.in/loan-settlement-by-city/wave-city-sector-3 (91.1% similar); https://www.settleloans.in/loan-settlement-by-city/wave-city-sector-5 (91.1% similar); https://www.settleloans.in/loan-settlement-by-city/wave-city-sector-6 (91.1% similar) (+12 more)
https://www.settleloans.in/loan-settlement-by-city/sector-xu-1,warning,Duplication,Duplicate Content Detected,22 similar pages: https://www.settleloans.in/loan-settlement-by-city/faridabad-sector-1 (89.9% similar); https://www.settleloans.in/loan-settlement-by-city/govindpuram-sector-1 (89.9% similar); https://www.settleloans.in/loan-settlement-by-city/gurugram-sector-1 (89.9% similar); https://www.settleloans.in/loan-settlement-by-city/nehrunagar-sector-1 (89.9% similar); https://www.settleloans.in/loan-settlement-by-city/noida-sector-1 (89.9% similar) (+17 more)
https://www.settleloans.in/loan-settlement-by-city/tapi,warning,Duplication,Duplicate Content Detected,682 similar pages: https://www.settleloans.in/loan-settlement-by-city/abupur (86.1% similar); https://www.settleloans.in/loan-settlement-by-city/agartala (86.1% similar); https://www.settleloans.in/loan-settlement-by-city/agra (86.1% similar); https://www.settleloans.in/loan-settlement-by-city/ahmedabad (86.1% similar); https://www.settleloans.in/loan-settlement-by-city/aiims (86.1% similar) (+677 more)
https://www.settleloans.in/loan-settlement-by-city/rithala,warning,Duplication,Duplicate Content Detected,682 similar pages: https://www.settleloans.in/loan-settlement-by-city/abupur (86.1% similar); https://www.settleloans.in/loan-settlement-by-city/agartala (86.1% similar); https://www.settleloans.in/loan-settlement-by-city/agra (86.1% similar); https://www.settleloans.in/loan-settlement-by-city/ahmedabad (86.1% similar); https://www.settleloans.in/loan-settlement-by-city/aiims (86.1% similar) (+677 more)
https://www.settleloans.in/loan-settlement-by-city/indirapuram-shakti-khand-4,warning,Duplication,Duplicate Content Detected,6 similar pages: https://www.settleloans.in/loan-settlement-by-city/indirapuram-shakti-khand-1 (91.1% similar); https://www.settleloans.in/loan-settlement-by-city/indirapuram-shakti-khand-2 (91.1% similar); https://www.settleloans.in/loan-settlement-by-city/indirapuram-shakti-khand-3 (91.1% similar); https://www.settleloans.in/loan-settlement-by-city/gyan-khand-4 (85.7% similar); https://www.settleloans.in/loan-settlement-by-city/indirapuram-vaibhav-khand (85.7% similar) (+1 more)
https://www.settleloans.in/loan-settlement-by-city/sector-eta-3,warning,Duplication,Duplicate Content Detected,21 similar pages: https://www.settleloans.in/loan-settlement-by-city/faridabad-sector-3 (89.9% similar); https://www.settleloans.in/loan-settlement-by-city/govindpuram-sector-3 (89.9% similar); https://www.settleloans.in/loan-settlement-by-city/gurugram-sector-3 (89.9% similar); https://www.settleloans.in/loan-settlement-by-city/nehrunagar-sector-3 (89.9% similar); https://www.settleloans.in/loan-settlement-by-city/noida-sector-3 (89.9% similar) (+16 more)
https://www.settleloans.in/loan-settlement-by-city/chander-nagar,warning,Duplication,Duplicate Content Detected,29 similar pages: https://www.settleloans.in/loan-settlement-by-city/adarsh-nagar (88.3% similar); https://www.settleloans.in/loan-settlement-by-city/ashok-nagar (88.3% similar); https://www.settleloans.in/loan-settlement-by-city/bharat-nagar (88.3% similar); https://www.settleloans.in/loan-settlement-by-city/gtb-nagar (88.3% similar); https://www.settleloans.in/loan-settlement-by-city/hari-nagar (88.3% similar) (+24 more)
https://www.settleloans.in/loan-settlement-by-city/noida-sector-158,warning,Duplication,Duplicate Content Detected,183 similar pages: https://www.settleloans.in/loan-settlement-by-city/noida-sector-1 (89.9% similar); https://www.settleloans.in/loan-settlement-by-city/noida-sector-10 (89.9% similar); https://www.settleloans.in/loan-settlement-by-city/noida-sector-100 (89.9% similar); https://www.settleloans.in/loan-settlement-by-city/noida-sector-101 (89.9% similar); https://www.settleloans.in/loan-settlement-by-city/noida-sector-102 (89.9% similar) (+178 more)
https://www.settleloans.in/loan-settlement-by-city/viluppuram,warning,Duplication,Duplicate Content Detected,682 similar pages: https://www.settleloans.in/loan-settlement-by-city/abupur (86.1% similar); https://www.settleloans.in/loan-settlement-by-city/agartala (86.1% similar); https://www.settleloans.in/loan-settlement-by-city/agra (86.1% similar); https://www.settleloans.in/loan-settlement-by-city/ahmedabad (86.1% similar); https://www.settleloans.in/loan-settlement-by-city/aiims (86.1% similar) (+677 more)
https://www.settleloans.in/loan-settlement-by-city/jirapur,warning,Duplication,Duplicate Content Detected,682 similar pages: https://www.settleloans.in/loan-settlement-by-city/abupur (86.1% similar); https://www.settleloans.in/loan-settlement-by-city/agartala (86.1% similar); https://www.settleloans.in/loan-settlement-by-city/agra (86.1% similar); https://www.settleloans.in/loan-settlement-by-city/ahmedabad (86.1% similar); https://www.settleloans.in/loan-settlement-by-city/aiims (86.1% similar) (+677 more)
https://www.settleloans.in/loan-settlement-by-city/dharwad,warning,Duplication,Duplicate Content Detected,682 similar pages: https://www.settleloans.in/loan-settlement-by-city/abupur (86.1% similar); https://www.settleloans.in/loan-settlement-by-city/agartala (86.1% similar); https://www.settleloans.in/loan-settlement-by-city/agra (86.1% similar); https://www.settleloans.in/loan-settlement-by-city/ahmedabad (86.1% similar); https://www.settleloans.in/loan-settlement-by-city/aiims (86.1% similar) (+677 more)
https://www.settleloans.in/loan-settlement-by-city/noida-sector-140,warning,Duplication,Duplicate Content Detected,183 similar pages: https://www.settleloans.in/loan-settlement-by-city/noida-sector-1 (89.9% similar); https://www.settleloans.in/loan-settlement-by-city/noida-sector-10 (89.9% similar); https://www.settleloans.in/loan-settlement-by-city/noida-sector-100 (89.9% similar); https://www.settleloans.in/loan-settlement-by-city/noida-sector-101 (89.9% similar); https://www.settleloans.in/loan-settlement-by-city/noida-sector-102 (89.9% similar) (+178 more)
https://www.settleloans.in/loan-settlement-by-city/tinsukia,warning,Duplication,Duplicate Content Detected,682 similar pages: https://www.settleloans.in/loan-settlement-by-city/abupur (86.1% similar); https://www.settleloans.in/loan-settlement-by-city/agartala (86.1% similar); https://www.settleloans.in/loan-settlement-by-city/agra (86.1% similar); https://www.settleloans.in/loan-settlement-by-city/ahmedabad (86.1% similar); https://www.settleloans.in/loan-settlement-by-city/aiims (86.1% similar) (+677 more)
https://www.settleloans.in/loan-settlement-by-city/east-godavari,warning,Duplication,Duplicate Content Detected,7 similar pages: https://www.settleloans.in/loan-settlement-by-city/east-champaran (88.3% similar); https://www.settleloans.in/loan-settlement-by-city/east-kameng (88.3% similar); https://www.settleloans.in/loan-settlement-by-city/east-siang (88.3% similar); https://www.settleloans.in/loan-settlement-by-city/east-singhbhum (88.3% similar); https://www.settleloans.in/loan-settlement-by-city/imphal-east (88.3% similar) (+2 more)
https://www.settleloans.in/loan-settlement-by-city/beed,warning,Duplication,Duplicate Content Detected,682 similar pages: https://www.settleloans.in/loan-settlement-by-city/abupur (86.1% similar); https://www.settleloans.in/loan-settlement-by-city/agartala (86.1% similar); https://www.settleloans.in/loan-settlement-by-city/agra (86.1% similar); https://www.settleloans.in/loan-settlement-by-city/ahmedabad (86.1% similar); https://www.settleloans.in/loan-settlement-by-city/aiims (86.1% similar) (+677 more)
https://www.settleloans.in/loan-settlement-by-city/crossing-republik-mahagun-mascot,warning,Duplication,Duplicate Content Detected,1 similar page: https://www.settleloans.in/loan-settlement-by-city/crossing-republik (86.6% similar)
https://www.settleloans.in/loan-settlement-by-city/mainpuri,warning,Duplication,Duplicate Content Detected,682 similar pages: https://www.settleloans.in/loan-settlement-by-city/abupur (86.1% similar); https://www.settleloans.in/loan-settlement-by-city/agartala (86.1% similar); https://www.settleloans.in/loan-settlement-by-city/agra (86.1% similar); https://www.settleloans.in/loan-settlement-by-city/ahmedabad (86.1% similar); https://www.settleloans.in/loan-settlement-by-city/aiims (86.1% similar) (+677 more)
https://www.settleloans.in/loan-settlement-by-city/rajendra-place,warning,Duplication,Duplicate Content Detected,4 similar pages: https://www.settleloans.in/loan-settlement-by-city/connaught-place (88.3% similar); https://www.settleloans.in/loan-settlement-by-city/kirbi-place (88.3% similar); https://www.settleloans.in/loan-settlement-by-city/nehru-place (88.3% similar); https://www.settleloans.in/loan-settlement-by-city/rajendra-nagar (88.3% similar)
https://www.settleloans.in/loan-settlement-by-city/vasundhara-sector-5,warning,Duplication,Duplicate Content Detected,34 similar pages: https://www.settleloans.in/loan-settlement-by-city/sector-5-vasundhara (100.0% similar); https://www.settleloans.in/loan-settlement-by-city/faridabad-sector-5 (89.9% similar); https://www.settleloans.in/loan-settlement-by-city/govindpuram-sector-5 (89.9% similar); https://www.settleloans.in/loan-settlement-by-city/gurugram-sector-5 (89.9% similar); https://www.settleloans.in/loan-settlement-by-city/noida-sector-5 (89.9% similar) (+29 more)
https://www.settleloans.in/loan-settlement-by-city/amrapali-dream-valley,warning,Duplication,Duplicate Content Detected,1 similar page: https://www.settleloans.in/loan-settlement-by-city/amrapali-leisure-valley (89.9% similar)
https://www.settleloans.in/loan-settlement-by-city/darrang,warning,Duplication,Duplicate Content Detected,682 similar pages: https://www.settleloans.in/loan-settlement-by-city/abupur (86.1% similar); https://www.settleloans.in/loan-settlement-by-city/agartala (86.1% similar); https://www.settleloans.in/loan-settlement-by-city/agra (86.1% similar); https://www.settleloans.in/loan-settlement-by-city/ahmedabad (86.1% similar); https://www.settleloans.in/loan-settlement-by-city/aiims (86.1% similar) (+677 more)
https://www.settleloans.in/loan-settlement-by-city/shalimar-city,warning,Duplication,Duplicate Content Detected,3 similar pages: https://www.settleloans.in/loan-settlement-by-city/bahadurgarh-city (88.3% similar); https://www.settleloans.in/loan-settlement-by-city/mumbai-city (88.3% similar); https://www.settleloans.in/loan-settlement-by-city/shalimar-bagh (88.3% similar)
https://www.settleloans.in/loan-settlement-by-city/suryapet,warning,Duplication,Duplicate Content Detected,682 similar pages: https://www.settleloans.in/loan-settlement-by-city/abupur (86.1% similar); https://www.settleloans.in/loan-settlement-by-city/agartala (86.1% similar); https://www.settleloans.in/loan-settlement-by-city/agra (86.1% similar); https://www.settleloans.in/loan-settlement-by-city/ahmedabad (86.1% similar); https://www.settleloans.in/loan-settlement-by-city/aiims (86.1% similar) (+677 more)
https://www.settleloans.in/loan-settlement-by-city/noida-sector-90,warning,Duplication,Duplicate Content Detected,183 similar pages: https://www.settleloans.in/loan-settlement-by-city/noida-sector-1 (89.9% similar); https://www.settleloans.in/loan-settlement-by-city/noida-sector-10 (89.9% similar); https://www.settleloans.in/loan-settlement-by-city/noida-sector-100 (89.9% similar); https://www.settleloans.in/loan-settlement-by-city/noida-sector-101 (89.9% similar); https://www.settleloans.in/loan-settlement-by-city/noida-sector-102 (89.9% similar) (+178 more)
https://www.settleloans.in/loan-settlement-by-city/crossing-republik-galleria-market,warning,Duplication,Duplicate Content Detected,1 similar page: https://www.settleloans.in/loan-settlement-by-city/crossing-republik (86.6% similar)
https://www.settleloans.in/loan-settlement-by-city/banaskantha,warning,Duplication,Duplicate Content Detected,682 similar pages: https://www.settleloans.in/loan-settlement-by-city/abupur (86.1% similar); https://www.settleloans.in/loan-settlement-by-city/agartala (86.1% similar); https://www.settleloans.in/loan-settlement-by-city/agra (86.1% similar); https://www.settleloans.in/loan-settlement-by-city/ahmedabad (86.1% similar); https://www.settleloans.in/loan-settlement-by-city/aiims (86.1% similar) (+677 more)
https://www.settleloans.in/loan-settlement-by-city/dhaka,warning,Duplication,Duplicate Content Detected,682 similar pages: https://www.settleloans.in/loan-settlement-by-city/abupur (86.1% similar); https://www.settleloans.in/loan-settlement-by-city/agartala (86.1% similar); https://www.settleloans.in/loan-settlement-by-city/agra (86.1% similar); https://www.settleloans.in/loan-settlement-by-city/ahmedabad (86.1% similar); https://www.settleloans.in/loan-settlement-by-city/aiims (86.1% similar) (+677 more)
https://www.settleloans.in/loan-settlement-by-city/sector-14-vasundhara,warning,Duplication,Duplicate Content Detected,30 similar pages: https://www.settleloans.in/loan-settlement-by-city/dwarka-sector-14 (89.9% similar); https://www.settleloans.in/loan-settlement-by-city/faridabad-sector-14 (89.9% similar); https://www.settleloans.in/loan-settlement-by-city/gurugram-sector-14 (89.9% similar); https://www.settleloans.in/loan-settlement-by-city/noida-sector-14 (89.9% similar); https://www.settleloans.in/loan-settlement-by-city/sector-1-vasundhara (89.9% similar) (+25 more)
https://www.settleloans.in/loan-settlement-by-city/gurugram-sector-45,warning,Duplication,Duplicate Content Detected,49 similar pages: https://www.settleloans.in/loan-settlement-by-city/gurugram-sector-1 (89.9% similar); https://www.settleloans.in/loan-settlement-by-city/gurugram-sector-10 (89.9% similar); https://www.settleloans.in/loan-settlement-by-city/gurugram-sector-10a (89.9% similar); https://www.settleloans.in/loan-settlement-by-city/gurugram-sector-11 (89.9% similar); https://www.settleloans.in/loan-settlement-by-city/gurugram-sector-12 (89.9% similar) (+44 more)
https://www.settleloans.in/loan-settlement-by-city/east-garo-hills,warning,Duplication,Duplicate Content Detected,5 similar pages: https://www.settleloans.in/loan-settlement-by-city/east-jaintia-hills (89.9% similar); https://www.settleloans.in/loan-settlement-by-city/east-khasi-hills (89.9% similar); https://www.settleloans.in/loan-settlement-by-city/north-garo-hills (89.9% similar); https://www.settleloans.in/loan-settlement-by-city/south-garo-hills (89.9% similar); https://www.settleloans.in/loan-settlement-by-city/west-garo-hills (89.9% similar)
https://www.settleloans.in/loan-settlement-by-city/ranchi,warning,Duplication,Duplicate Content Detected,682 similar pages: https://www.settleloans.in/loan-settlement-by-city/abupur (86.1% similar); https://www.settleloans.in/loan-settlement-by-city/agartala (86.1% similar); https://www.settleloans.in/loan-settlement-by-city/agra (86.1% similar); https://www.settleloans.in/loan-settlement-by-city/ahmedabad (86.1% similar); https://www.settleloans.in/loan-settlement-by-city/aiims (86.1% similar) (+677 more)
https://www.settleloans.in/loan-settlement-by-city/sector-62-indirapuram,warning,Duplication,Duplicate Content Detected,4 similar pages: https://www.settleloans.in/loan-settlement-by-city/noida-sector-62 (89.9% similar); https://www.settleloans.in/loan-settlement-by-city/sector-63-indirapuram (89.9% similar); https://www.settleloans.in/loan-settlement-by-city/sector-64-indirapuram (89.9% similar); https://www.settleloans.in/loan-settlement-by-city/indirapuram (88.1% similar)
https://www.settleloans.in/loan-settlement-by-city/south-tripura,warning,Duplication,Duplicate Content Detected,6 similar pages: https://www.settleloans.in/loan-settlement-by-city/tripura (93.5% similar); https://www.settleloans.in/loan-settlement-by-city/north-tripura (88.3% similar); https://www.settleloans.in/loan-settlement-by-city/south-delhi (88.3% similar); https://www.settleloans.in/loan-settlement-by-city/south-extension (88.3% similar); https://www.settleloans.in/loan-settlement-by-city/south-goa (88.3% similar) (+1 more)
https://www.settleloans.in/loan-settlement-by-city/mandawali-metro,warning,Duplication,Duplicate Content Detected,16 similar pages: https://www.settleloans.in/loan-settlement-by-city/aiims-metro (88.3% similar); https://www.settleloans.in/loan-settlement-by-city/badarpur-metro (88.3% similar); https://www.settleloans.in/loan-settlement-by-city/ghevra-metro (88.3% similar); https://www.settleloans.in/loan-settlement-by-city/ito-metro (88.3% similar); https://www.settleloans.in/loan-settlement-by-city/kalyanpuri-metro (88.3% similar) (+11 more)
https://www.settleloans.in/loan-settlement-by-city/kupwara,warning,Duplication,Duplicate Content Detected,682 similar pages: https://www.settleloans.in/loan-settlement-by-city/abupur (86.1% similar); https://www.settleloans.in/loan-settlement-by-city/agartala (86.1% similar); https://www.settleloans.in/loan-settlement-by-city/agra (86.1% similar); https://www.settleloans.in/loan-settlement-by-city/ahmedabad (86.1% similar); https://www.settleloans.in/loan-settlement-by-city/aiims (86.1% similar) (+677 more)
https://www.settleloans.in/loan-settlement-by-city/sector-xu-3,warning,Duplication,Duplicate Content Detected,21 similar pages: https://www.settleloans.in/loan-settlement-by-city/faridabad-sector-3 (89.9% similar); https://www.settleloans.in/loan-settlement-by-city/govindpuram-sector-3 (89.9% similar); https://www.settleloans.in/loan-settlement-by-city/gurugram-sector-3 (89.9% similar); https://www.settleloans.in/loan-settlement-by-city/nehrunagar-sector-3 (89.9% similar); https://www.settleloans.in/loan-settlement-by-city/noida-sector-3 (89.9% similar) (+16 more)
https://www.settleloans.in/loan-settlement-by-city/gariaband,warning,Duplication,Duplicate Content Detected,682 similar pages: https://www.settleloans.in/loan-settlement-by-city/abupur (86.1% similar); https://www.settleloans.in/loan-settlement-by-city/agartala (86.1% similar); https://www.settleloans.in/loan-settlement-by-city/agra (86.1% similar); https://www.settleloans.in/loan-settlement-by-city/ahmedabad (86.1% similar); https://www.settleloans.in/loan-settlement-by-city/aiims (86.1% similar) (+677 more)
https://www.settleloans.in/loan-settlement-by-city/noida-sector-32,warning,Duplication,Duplicate Content Detected,185 similar pages: https://www.settleloans.in/loan-settlement-by-city/faridabad-sector-32 (89.9% similar); https://www.settleloans.in/loan-settlement-by-city/gurugram-sector-32 (89.9% similar); https://www.settleloans.in/loan-settlement-by-city/noida-sector-1 (89.9% similar); https://www.settleloans.in/loan-settlement-by-city/noida-sector-10 (89.9% similar); https://www.settleloans.in/loan-settlement-by-city/noida-sector-100 (89.9% similar) (+180 more)
https://www.settleloans.in/loan-settlement-by-city/idukki,warning,Duplication,Duplicate Content Detected,682 similar pages: https://www.settleloans.in/loan-settlement-by-city/abupur (86.1% similar); https://www.settleloans.in/loan-settlement-by-city/agartala (86.1% similar); https://www.settleloans.in/loan-settlement-by-city/agra (86.1% similar); https://www.settleloans.in/loan-settlement-by-city/ahmedabad (86.1% similar); https://www.settleloans.in/loan-settlement-by-city/aiims (86.1% similar) (+677 more)
https://www.settleloans.in/loan-settlement-by-city/chandel,warning,Duplication,Duplicate Content Detected,682 similar pages: https://www.settleloans.in/loan-settlement-by-city/abupur (86.1% similar); https://www.settleloans.in/loan-settlement-by-city/agartala (86.1% similar); https://www.settleloans.in/loan-settlement-by-city/agra (86.1% similar); https://www.settleloans.in/loan-settlement-by-city/ahmedabad (86.1% similar); https://www.settleloans.in/loan-settlement-by-city/aiims (86.1% similar) (+677 more)
https://www.settleloans.in/loan-settlement-by-city/kathua,warning,Duplication,Duplicate Content Detected,682 similar pages: https://www.settleloans.in/loan-settlement-by-city/abupur (86.1% similar); https://www.settleloans.in/loan-settlement-by-city/agartala (86.1% similar); https://www.settleloans.in/loan-settlement-by-city/agra (86.1% similar); https://www.settleloans.in/loan-settlement-by-city/ahmedabad (86.1% similar); https://www.settleloans.in/loan-settlement-by-city/aiims (86.1% similar) (+677 more)
https://www.settleloans.in/loan-settlement-by-city/noida-sector-147,warning,Duplication,Duplicate Content Detected,183 similar pages: https://www.settleloans.in/loan-settlement-by-city/noida-sector-1 (89.9% similar); https://www.settleloans.in/loan-settlement-by-city/noida-sector-10 (89.9% similar); https://www.settleloans.in/loan-settlement-by-city/noida-sector-100 (89.9% similar); https://www.settleloans.in/loan-settlement-by-city/noida-sector-101 (89.9% similar); https://www.settleloans.in/loan-settlement-by-city/noida-sector-102 (89.9% similar) (+178 more)
https://www.settleloans.in/loan-settlement-by-city/mandsaur,warning,Duplication,Duplicate Content Detected,682 similar pages: https://www.settleloans.in/loan-settlement-by-city/abupur (86.1% similar); https://www.settleloans.in/loan-settlement-by-city/agartala (86.1% similar); https://www.settleloans.in/loan-settlement-by-city/agra (86.1% similar); https://www.settleloans.in/loan-settlement-by-city/ahmedabad (86.1% similar); https://www.settleloans.in/loan-settlement-by-city/aiims (86.1% similar) (+677 more)
https://www.settleloans.in/loan-settlement-by-city/meherpur,warning,Duplication,Duplicate Content Detected,682 similar pages: https://www.settleloans.in/loan-settlement-by-city/abupur (86.1% similar); https://www.settleloans.in/loan-settlement-by-city/agartala (86.1% similar); https://www.settleloans.in/loan-settlement-by-city/agra (86.1% similar); https://www.settleloans.in/loan-settlement-by-city/ahmedabad (86.1% similar); https://www.settleloans.in/loan-settlement-by-city/aiims (86.1% similar) (+677 more)
https://www.settleloans.in/loan-settlement-by-city/noida-extension-sector-2,warning,Duplication,Duplicate Content Detected,200 similar pages: https://www.settleloans.in/loan-settlement-by-city/noida-sector-2 (95.2% similar); https://www.settleloans.in/loan-settlement-by-city/noida-extension-sector-1 (91.1% similar); https://www.settleloans.in/loan-settlement-by-city/noida-extension-sector-10 (91.1% similar); https://www.settleloans.in/loan-settlement-by-city/noida-extension-sector-12 (91.1% similar); https://www.settleloans.in/loan-settlement-by-city/noida-extension-sector-16 (91.1% similar) (+195 more)
https://www.settleloans.in/loan-settlement-by-city/noida-sector-111,warning,Duplication,Duplicate Content Detected,183 similar pages: https://www.settleloans.in/loan-settlement-by-city/noida-sector-1 (89.9% similar); https://www.settleloans.in/loan-settlement-by-city/noida-sector-10 (89.9% similar); https://www.settleloans.in/loan-settlement-by-city/noida-sector-100 (89.9% similar); https://www.settleloans.in/loan-settlement-by-city/noida-sector-101 (89.9% similar); https://www.settleloans.in/loan-settlement-by-city/noida-sector-102 (89.9% similar) (+178 more)
https://www.settleloans.in/loan-settlement-by-city/dakshina-kannada,warning,Duplication,Duplicate Content Detected,1 similar page: https://www.settleloans.in/loan-settlement-by-city/uttara-kannada (88.3% similar)
https://www.settleloans.in/loan-settlement-by-city/knowledge-park-3,warning,Duplication,Duplicate Content Detected,4 similar pages: https://www.settleloans.in/loan-settlement-by-city/knowledge-park-1 (89.9% similar); https://www.settleloans.in/loan-settlement-by-city/knowledge-park-2 (89.9% similar); https://www.settleloans.in/loan-settlement-by-city/knowledge-park-4 (89.9% similar); https://www.settleloans.in/loan-settlement-by-city/knowledge-park-5 (89.9% similar)
https://www.settleloans.in/loan-settlement-by-city/indirapuram-abhay-khand-2,warning,Duplication,Duplicate Content Detected,11 similar pages: https://www.settleloans.in/loan-settlement-by-city/abhay-khand-2 (95.2% similar); https://www.settleloans.in/loan-settlement-by-city/indirapuram-abhay-khand-1 (91.1% similar); https://www.settleloans.in/loan-settlement-by-city/indirapuram-abhay-khand-3 (91.1% similar); https://www.settleloans.in/loan-settlement-by-city/indirapuram-nyay-khand-2 (91.1% similar); https://www.settleloans.in/loan-settlement-by-city/indirapuram-shakti-khand-2 (91.1% similar) (+6 more)
https://www.settleloans.in/loan-settlement-by-city/chamarajanagar,warning,Duplication,Duplicate Content Detected,682 similar pages: https://www.settleloans.in/loan-settlement-by-city/abupur (86.1% similar); https://www.settleloans.in/loan-settlement-by-city/agartala (86.1% similar); https://www.settleloans.in/loan-settlement-by-city/agra (86.1% similar); https://www.settleloans.in/loan-settlement-by-city/ahmedabad (86.1% similar); https://www.settleloans.in/loan-settlement-by-city/aiims (86.1% similar) (+677 more)
https://www.settleloans.in/loan-settlement-by-city/kalkaji-mandir-metro,warning,Duplication,Duplicate Content Detected,1 similar page: https://www.settleloans.in/loan-settlement-by-city/kalkaji-mandir (94.5% similar)
https://www.settleloans.in/loan-settlement-by-city/phek,warning,Duplication,Duplicate Content Detected,682 similar pages: https://www.settleloans.in/loan-settlement-by-city/abupur (86.1% similar); https://www.settleloans.in/loan-settlement-by-city/agartala (86.1% similar); https://www.settleloans.in/loan-settlement-by-city/agra (86.1% similar); https://www.settleloans.in/loan-settlement-by-city/ahmedabad (86.1% similar); https://www.settleloans.in/loan-settlement-by-city/aiims (86.1% similar) (+677 more)
https://www.settleloans.in/loan-settlement-by-city/daman,warning,Duplication,Duplicate Content Detected,682 similar pages: https://www.settleloans.in/loan-settlement-by-city/abupur (86.1% similar); https://www.settleloans.in/loan-settlement-by-city/agartala (86.1% similar); https://www.settleloans.in/loan-settlement-by-city/agra (86.1% similar); https://www.settleloans.in/loan-settlement-by-city/ahmedabad (86.1% similar); https://www.settleloans.in/loan-settlement-by-city/aiims (86.1% similar) (+677 more)
https://www.settleloans.in/loan-settlement-by-city/sant-nagar,warning,Duplication,Duplicate Content Detected,31 similar pages: https://www.settleloans.in/loan-settlement-by-city/sant-kabir-nagar (94.5% similar); https://www.settleloans.in/loan-settlement-by-city/sant-ravidas-nagar (94.5% similar); https://www.settleloans.in/loan-settlement-by-city/adarsh-nagar (88.3% similar); https://www.settleloans.in/loan-settlement-by-city/ashok-nagar (88.3% similar); https://www.settleloans.in/loan-settlement-by-city/bharat-nagar (88.3% similar) (+26 more)
https://www.settleloans.in/loan-settlement-by-city/ludhiana,warning,Duplication,Duplicate Content Detected,682 similar pages: https://www.settleloans.in/loan-settlement-by-city/abupur (86.1% similar); https://www.settleloans.in/loan-settlement-by-city/agartala (86.1% similar); https://www.settleloans.in/loan-settlement-by-city/agra (86.1% similar); https://www.settleloans.in/loan-settlement-by-city/ahmedabad (86.1% similar); https://www.settleloans.in/loan-settlement-by-city/aiims (86.1% similar) (+677 more)
https://www.settleloans.in/loan-settlement-by-city/mundka-industrial-area,warning,Duplication,Duplicate Content Detected,6 similar pages: https://www.settleloans.in/loan-settlement-by-city/dasna-industrial-area (89.9% similar); https://www.settleloans.in/loan-settlement-by-city/jhilmil-industrial-area (89.9% similar); https://www.settleloans.in/loan-settlement-by-city/karampura-industrial-area (89.9% similar); https://www.settleloans.in/loan-settlement-by-city/muradnagar-industrial-area (89.9% similar); https://www.settleloans.in/loan-settlement-by-city/kirti-nagar-industrial-area (85.7% similar) (+1 more)
https://www.settleloans.in/loan-settlement-by-city/noida-sector-141,warning,Duplication,Duplicate Content Detected,183 similar pages: https://www.settleloans.in/loan-settlement-by-city/noida-sector-1 (89.9% similar); https://www.settleloans.in/loan-settlement-by-city/noida-sector-10 (89.9% similar); https://www.settleloans.in/loan-settlement-by-city/noida-sector-100 (89.9% similar); https://www.settleloans.in/loan-settlement-by-city/noida-sector-101 (89.9% similar); https://www.settleloans.in/loan-settlement-by-city/noida-sector-102 (89.9% similar) (+178 more)
https://www.settleloans.in/loan-settlement-by-city/geelong,warning,Duplication,Duplicate Content Detected,682 similar pages: https://www.settleloans.in/loan-settlement-by-city/abupur (86.1% similar); https://www.settleloans.in/loan-settlement-by-city/agartala (86.1% similar); https://www.settleloans.in/loan-settlement-by-city/agra (86.1% similar); https://www.settleloans.in/loan-settlement-by-city/ahmedabad (86.1% similar); https://www.settleloans.in/loan-settlement-by-city/aiims (86.1% similar) (+677 more)
https://www.settleloans.in/loan-settlement-by-city/yamuna-expressway-sector-26,warning,Duplication,Duplicate Content Detected,8 similar pages: https://www.settleloans.in/loan-settlement-by-city/yamuna-expressway-sector-18 (91.1% similar); https://www.settleloans.in/loan-settlement-by-city/yamuna-expressway-sector-20 (91.1% similar); https://www.settleloans.in/loan-settlement-by-city/yamuna-expressway-sector-22 (91.1% similar); https://www.settleloans.in/loan-settlement-by-city/yamuna-expressway-sector-24 (91.1% similar); https://www.settleloans.in/loan-settlement-by-city/yamuna-expressway-sector-25 (91.1% similar) (+3 more)
https://www.settleloans.in/loan-settlement-by-city/wave-city-nh-24,warning,Duplication,Duplicate Content Detected,1 similar page: https://www.settleloans.in/loan-settlement-by-city/dasna-nh-24 (85.7% similar)
https://www.settleloans.in/loan-settlement-by-city/noida-sector-11,warning,Duplication,Duplicate Content Detected,189 similar pages: https://www.settleloans.in/loan-settlement-by-city/faridabad-sector-11 (89.9% similar); https://www.settleloans.in/loan-settlement-by-city/gurugram-sector-11 (89.9% similar); https://www.settleloans.in/loan-settlement-by-city/noida-sector-1 (89.9% similar); https://www.settleloans.in/loan-settlement-by-city/noida-sector-10 (89.9% similar); https://www.settleloans.in/loan-settlement-by-city/noida-sector-100 (89.9% similar) (+184 more)
https://www.settleloans.in/loan-settlement-by-city/kodagu,warning,Duplication,Duplicate Content Detected,682 similar pages: https://www.settleloans.in/loan-settlement-by-city/abupur (86.1% similar); https://www.settleloans.in/loan-settlement-by-city/agartala (86.1% similar); https://www.settleloans.in/loan-settlement-by-city/agra (86.1% similar); https://www.settleloans.in/loan-settlement-by-city/ahmedabad (86.1% similar); https://www.settleloans.in/loan-settlement-by-city/aiims (86.1% similar) (+677 more)
https://www.settleloans.in/loan-settlement-by-city/techzone-v,warning,Duplication,Duplicate Content Detected,3 similar pages: https://www.settleloans.in/loan-settlement-by-city/techzone-1 (88.3% similar); https://www.settleloans.in/loan-settlement-by-city/techzone-2 (88.3% similar); https://www.settleloans.in/loan-settlement-by-city/techzone-iv (88.3% similar)
https://www.settleloans.in/loan-settlement-by-city/yamuna-expressway-sector-20,warning,Duplication,Duplicate Content Detected,8 similar pages: https://www.settleloans.in/loan-settlement-by-city/yamuna-expressway-sector-18 (91.1% similar); https://www.settleloans.in/loan-settlement-by-city/yamuna-expressway-sector-22 (91.1% similar); https://www.settleloans.in/loan-settlement-by-city/yamuna-expressway-sector-24 (91.1% similar); https://www.settleloans.in/loan-settlement-by-city/yamuna-expressway-sector-25 (91.1% similar); https://www.settleloans.in/loan-settlement-by-city/yamuna-expressway-sector-26 (91.1% similar) (+3 more)
https://www.settleloans.in/loan-settlement-by-city/chhindwara,warning,Duplication,Duplicate Content Detected,682 similar pages: https://www.settleloans.in/loan-settlement-by-city/abupur (86.1% similar); https://www.settleloans.in/loan-settlement-by-city/agartala (86.1% similar); https://www.settleloans.in/loan-settlement-by-city/agra (86.1% similar); https://www.settleloans.in/loan-settlement-by-city/ahmedabad (86.1% similar); https://www.settleloans.in/loan-settlement-by-city/aiims (86.1% similar) (+677 more)
https://www.settleloans.in/loan-settlement-by-city/kaushambi-gda-flats,warning,Duplication,Duplicate Content Detected,1 similar page: https://www.settleloans.in/loan-settlement-by-city/kaushambi (88.1% similar)
https://www.settleloans.in/loan-settlement-by-city/ramesh-nagar,warning,Duplication,Duplicate Content Detected,29 similar pages: https://www.settleloans.in/loan-settlement-by-city/adarsh-nagar (88.3% similar); https://www.settleloans.in/loan-settlement-by-city/ashok-nagar (88.3% similar); https://www.settleloans.in/loan-settlement-by-city/bharat-nagar (88.3% similar); https://www.settleloans.in/loan-settlement-by-city/chander-nagar (88.3% similar); https://www.settleloans.in/loan-settlement-by-city/gtb-nagar (88.3% similar) (+24 more)
https://www.settleloans.in/loan-settlement-by-city/faridabad-sector-2,warning,Duplication,Duplicate Content Detected,60 similar pages: https://www.settleloans.in/loan-settlement-by-city/faridabad-sector-1 (89.9% similar); https://www.settleloans.in/loan-settlement-by-city/faridabad-sector-10 (89.9% similar); https://www.settleloans.in/loan-settlement-by-city/faridabad-sector-11 (89.9% similar); https://www.settleloans.in/loan-settlement-by-city/faridabad-sector-12 (89.9% similar); https://www.settleloans.in/loan-settlement-by-city/faridabad-sector-13 (89.9% similar) (+55 more)
https://www.settleloans.in/loan-settlement-by-city/vizianagaram,warning,Duplication,Duplicate Content Detected,682 similar pages: https://www.settleloans.in/loan-settlement-by-city/abupur (86.1% similar); https://www.settleloans.in/loan-settlement-by-city/agartala (86.1% similar); https://www.settleloans.in/loan-settlement-by-city/agra (86.1% similar); https://www.settleloans.in/loan-settlement-by-city/ahmedabad (86.1% similar); https://www.settleloans.in/loan-settlement-by-city/aiims (86.1% similar) (+677 more)
https://www.settleloans.in/loan-settlement-by-city/puri,warning,Duplication,Duplicate Content Detected,682 similar pages: https://www.settleloans.in/loan-settlement-by-city/abupur (86.1% similar); https://www.settleloans.in/loan-settlement-by-city/agartala (86.1% similar); https://www.settleloans.in/loan-settlement-by-city/agra (86.1% similar); https://www.settleloans.in/loan-settlement-by-city/ahmedabad (86.1% similar); https://www.settleloans.in/loan-settlement-by-city/aiims (86.1% similar) (+677 more)
https://www.settleloans.in/loan-settlement-by-city/madhubani,warning,Duplication,Duplicate Content Detected,682 similar pages: https://www.settleloans.in/loan-settlement-by-city/abupur (86.1% similar); https://www.settleloans.in/loan-settlement-by-city/agartala (86.1% similar); https://www.settleloans.in/loan-settlement-by-city/agra (86.1% similar); https://www.settleloans.in/loan-settlement-by-city/ahmedabad (86.1% similar); https://www.settleloans.in/loan-settlement-by-city/aiims (86.1% similar) (+677 more)
https://www.settleloans.in/loan-settlement-by-city/barisal,warning,Duplication,Duplicate Content Detected,682 similar pages: https://www.settleloans.in/loan-settlement-by-city/abupur (86.1% similar); https://www.settleloans.in/loan-settlement-by-city/agartala (86.1% similar); https://www.settleloans.in/loan-settlement-by-city/agra (86.1% similar); https://www.settleloans.in/loan-settlement-by-city/ahmedabad (86.1% similar); https://www.settleloans.in/loan-settlement-by-city/aiims (86.1% similar) (+677 more)
https://www.settleloans.in/loan-settlement-by-city/sri-ganganagar,warning,Duplication,Duplicate Content Detected,1 similar page: https://www.settleloans.in/loan-settlement-by-city/ganganagar (93.5% similar)
https://www.settleloans.in/loan-settlement-by-city/noida-sector-110,warning,Duplication,Duplicate Content Detected,183 similar pages: https://www.settleloans.in/loan-settlement-by-city/noida-sector-1 (89.9% similar); https://www.settleloans.in/loan-settlement-by-city/noida-sector-10 (89.9% similar); https://www.settleloans.in/loan-settlement-by-city/noida-sector-100 (89.9% similar); https://www.settleloans.in/loan-settlement-by-city/noida-sector-101 (89.9% similar); https://www.settleloans.in/loan-settlement-by-city/noida-sector-102 (89.9% similar) (+178 more)
https://www.settleloans.in/loan-settlement-by-city/mehrauli-bus-depot,warning,Duplication,Duplicate Content Detected,4 similar pages: https://www.settleloans.in/loan-settlement-by-city/dwarka-bus-depot (89.9% similar); https://www.settleloans.in/loan-settlement-by-city/vaishali-bus-depot (89.9% similar); https://www.settleloans.in/loan-settlement-by-city/mehrauli (88.1% similar); https://www.settleloans.in/loan-settlement-by-city/laxmi-nagar-bus-depot (85.7% similar)
https://www.settleloans.in/loan-settlement-by-city/kollam,warning,Duplication,Duplicate Content Detected,682 similar pages: https://www.settleloans.in/loan-settlement-by-city/abupur (86.1% similar); https://www.settleloans.in/loan-settlement-by-city/agartala (86.1% similar); https://www.settleloans.in/loan-settlement-by-city/agra (86.1% similar); https://www.settleloans.in/loan-settlement-by-city/ahmedabad (86.1% similar); https://www.settleloans.in/loan-settlement-by-city/aiims (86.1% similar) (+677 more)
https://www.settleloans.in/loan-settlement-by-city/bangalore-urban,warning,Duplication,Duplicate Content Detected,4 similar pages: https://www.settleloans.in/loan-settlement-by-city/bangalore (93.5% similar); https://www.settleloans.in/loan-settlement-by-city/bangalore-rural (88.3% similar); https://www.settleloans.in/loan-settlement-by-city/bengaluru-urban (88.3% similar); https://www.settleloans.in/loan-settlement-by-city/warangal-urban (88.3% similar)
https://www.settleloans.in/loan-settlement-by-city/kirti-nagar-industrial-area,warning,Duplication,Duplicate Content Detected,7 similar pages: https://www.settleloans.in/loan-settlement-by-city/mohan-nagar-industrial-area (91.1% similar); https://www.settleloans.in/loan-settlement-by-city/kirti-nagar (89.7% similar); https://www.settleloans.in/loan-settlement-by-city/dasna-industrial-area (85.7% similar); https://www.settleloans.in/loan-settlement-by-city/jhilmil-industrial-area (85.7% similar); https://www.settleloans.in/loan-settlement-by-city/karampura-industrial-area (85.7% similar) (+2 more)
https://www.settleloans.in/loan-settlement-by-city/tripura,warning,Duplication,Duplicate Content Detected,685 similar pages: https://www.settleloans.in/loan-settlement-by-city/north-tripura (93.5% similar); https://www.settleloans.in/loan-settlement-by-city/south-tripura (93.5% similar); https://www.settleloans.in/loan-settlement-by-city/west-tripura (93.5% similar); https://www.settleloans.in/loan-settlement-by-city/abupur (86.1% similar); https://www.settleloans.in/loan-settlement-by-city/agartala (86.1% similar) (+680 more)
https://www.settleloans.in/loan-settlement-by-city/sukma,warning,Duplication,Duplicate Content Detected,682 similar pages: https://www.settleloans.in/loan-settlement-by-city/abupur (86.1% similar); https://www.settleloans.in/loan-settlement-by-city/agartala (86.1% similar); https://www.settleloans.in/loan-settlement-by-city/agra (86.1% similar); https://www.settleloans.in/loan-settlement-by-city/ahmedabad (86.1% similar); https://www.settleloans.in/loan-settlement-by-city/aiims (86.1% similar) (+677 more)
https://www.settleloans.in/loan-settlement-by-city/tura,warning,Duplication,Duplicate Content Detected,682 similar pages: https://www.settleloans.in/loan-settlement-by-city/abupur (86.1% similar); https://www.settleloans.in/loan-settlement-by-city/agartala (86.1% similar); https://www.settleloans.in/loan-settlement-by-city/agra (86.1% similar); https://www.settleloans.in/loan-settlement-by-city/ahmedabad (86.1% similar); https://www.settleloans.in/loan-settlement-by-city/aiims (86.1% similar) (+677 more)
https://www.settleloans.in/loan-settlement-by-city/gadag,warning,Duplication,Duplicate Content Detected,682 similar pages: https://www.settleloans.in/loan-settlement-by-city/abupur (86.1% similar); https://www.settleloans.in/loan-settlement-by-city/agartala (86.1% similar); https://www.settleloans.in/loan-settlement-by-city/agra (86.1% similar); https://www.settleloans.in/loan-settlement-by-city/ahmedabad (86.1% similar); https://www.settleloans.in/loan-settlement-by-city/aiims (86.1% similar) (+677 more)
https://www.settleloans.in/loan-settlement-by-city/baghpat,warning,Duplication,Duplicate Content Detected,682 similar pages: https://www.settleloans.in/loan-settlement-by-city/abupur (86.1% similar); https://www.settleloans.in/loan-settlement-by-city/agartala (86.1% similar); https://www.settleloans.in/loan-settlement-by-city/agra (86.1% similar); https://www.settleloans.in/loan-settlement-by-city/ahmedabad (86.1% similar); https://www.settleloans.in/loan-settlement-by-city/aiims (86.1% similar) (+677 more)
https://www.settleloans.in/loan-settlement-by-city/raj-nagar-sector-1,warning,Duplication,Duplicate Content Detected,24 similar pages: https://www.settleloans.in/loan-settlement-by-city/raj-nagar-sector-2 (91.1% similar); https://www.settleloans.in/loan-settlement-by-city/raj-nagar-sector-3 (91.1% similar); https://www.settleloans.in/loan-settlement-by-city/raj-nagar-sector-4 (91.1% similar); https://www.settleloans.in/loan-settlement-by-city/raj-nagar-sector-5 (91.1% similar); https://www.settleloans.in/loan-settlement-by-city/raj-nagar-sector-6 (91.1% similar) (+19 more)
https://www.settleloans.in/loan-settlement-by-city/begusarai,warning,Duplication,Duplicate Content Detected,682 similar pages: https://www.settleloans.in/loan-settlement-by-city/abupur (86.1% similar); https://www.settleloans.in/loan-settlement-by-city/agartala (86.1% similar); https://www.settleloans.in/loan-settlement-by-city/agra (86.1% similar); https://www.settleloans.in/loan-settlement-by-city/ahmedabad (86.1% similar); https://www.settleloans.in/loan-settlement-by-city/aiims (86.1% similar) (+677 more)
https://www.settleloans.in/loan-settlement-by-city/udalguri,warning,Duplication,Duplicate Content Detected,682 similar pages: https://www.settleloans.in/loan-settlement-by-city/abupur (86.1% similar); https://www.settleloans.in/loan-settlement-by-city/agartala (86.1% similar); https://www.settleloans.in/loan-settlement-by-city/agra (86.1% similar); https://www.settleloans.in/loan-settlement-by-city/ahmedabad (86.1% similar); https://www.settleloans.in/loan-settlement-by-city/aiims (86.1% similar) (+677 more)
https://www.settleloans.in/loan-settlement-by-city/bahadurgarh-city,warning,Duplication,Duplicate Content Detected,2 similar pages: https://www.settleloans.in/loan-settlement-by-city/mumbai-city (88.3% similar); https://www.settleloans.in/loan-settlement-by-city/shalimar-city (88.3% similar)
https://www.settleloans.in/loan-settlement-by-city/gurugram-sector-14,warning,Duplication,Duplicate Content Detected,53 similar pages: https://www.settleloans.in/loan-settlement-by-city/dwarka-sector-14 (89.9% similar); https://www.settleloans.in/loan-settlement-by-city/faridabad-sector-14 (89.9% similar); https://www.settleloans.in/loan-settlement-by-city/gurugram-sector-1 (89.9% similar); https://www.settleloans.in/loan-settlement-by-city/gurugram-sector-10 (89.9% similar); https://www.settleloans.in/loan-settlement-by-city/gurugram-sector-10a (89.9% similar) (+48 more)
https://www.settleloans.in/loan-settlement-by-city/nirman-vihar-bus-stop,warning,Duplication,Duplicate Content Detected,1 similar page: https://www.settleloans.in/loan-settlement-by-city/nirman-vihar-metro (85.7% similar)
https://www.settleloans.in/loan-settlement-by-city/west-kameng,warning,Duplication,Duplicate Content Detected,10 similar pages: https://www.settleloans.in/loan-settlement-by-city/east-kameng (88.3% similar); https://www.settleloans.in/loan-settlement-by-city/imphal-west (88.3% similar); https://www.settleloans.in/loan-settlement-by-city/rohini-west (88.3% similar); https://www.settleloans.in/loan-settlement-by-city/west-bengal (88.3% similar); https://www.settleloans.in/loan-settlement-by-city/west-champaran (88.3% similar) (+5 more)
https://www.settleloans.in/loan-settlement-by-city/khordha,warning,Duplication,Duplicate Content Detected,682 similar pages: https://www.settleloans.in/loan-settlement-by-city/abupur (86.1% similar); https://www.settleloans.in/loan-settlement-by-city/agartala (86.1% similar); https://www.settleloans.in/loan-settlement-by-city/agra (86.1% similar); https://www.settleloans.in/loan-settlement-by-city/ahmedabad (86.1% similar); https://www.settleloans.in/loan-settlement-by-city/aiims (86.1% similar) (+677 more)
https://www.settleloans.in/loan-settlement-by-city/mukherjee-nagar,warning,Duplication,Duplicate Content Detected,29 similar pages: https://www.settleloans.in/loan-settlement-by-city/adarsh-nagar (88.3% similar); https://www.settleloans.in/loan-settlement-by-city/ashok-nagar (88.3% similar); https://www.settleloans.in/loan-settlement-by-city/bharat-nagar (88.3% similar); https://www.settleloans.in/loan-settlement-by-city/chander-nagar (88.3% similar); https://www.settleloans.in/loan-settlement-by-city/gtb-nagar (88.3% similar) (+24 more)
https://www.settleloans.in/loan-settlement-by-city/kanyakumari,warning,Duplication,Duplicate Content Detected,682 similar pages: https://www.settleloans.in/loan-settlement-by-city/abupur (86.1% similar); https://www.settleloans.in/loan-settlement-by-city/agartala (86.1% similar); https://www.settleloans.in/loan-settlement-by-city/agra (86.1% similar); https://www.settleloans.in/loan-settlement-by-city/ahmedabad (86.1% similar); https://www.settleloans.in/loan-settlement-by-city/aiims (86.1% similar) (+677 more)
https://www.settleloans.in/loan-settlement-by-city/davanagere,warning,Duplication,Duplicate Content Detected,682 similar pages: https://www.settleloans.in/loan-settlement-by-city/abupur (86.1% similar); https://www.settleloans.in/loan-settlement-by-city/agartala (86.1% similar); https://www.settleloans.in/loan-settlement-by-city/agra (86.1% similar); https://www.settleloans.in/loan-settlement-by-city/ahmedabad (86.1% similar); https://www.settleloans.in/loan-settlement-by-city/aiims (86.1% similar) (+677 more)
https://www.settleloans.in/loan-settlement-by-city/tarntaran,warning,Duplication,Duplicate Content Detected,682 similar pages: https://www.settleloans.in/loan-settlement-by-city/abupur (86.1% similar); https://www.settleloans.in/loan-settlement-by-city/agartala (86.1% similar); https://www.settleloans.in/loan-settlement-by-city/agra (86.1% similar); https://www.settleloans.in/loan-settlement-by-city/ahmedabad (86.1% similar); https://www.settleloans.in/loan-settlement-by-city/aiims (86.1% similar) (+677 more)
https://www.settleloans.in/loan-settlement-by-city/pushp-vihar,warning,Duplication,Duplicate Content Detected,16 similar pages: https://www.settleloans.in/loan-settlement-by-city/ashok-vihar (88.3% similar); https://www.settleloans.in/loan-settlement-by-city/brij-vihar (88.3% similar); https://www.settleloans.in/loan-settlement-by-city/jasola-vihar (88.3% similar); https://www.settleloans.in/loan-settlement-by-city/naraina-vihar (88.3% similar); https://www.settleloans.in/loan-settlement-by-city/narayana-vihar (88.3% similar) (+11 more)
https://www.settleloans.in/loan-settlement-by-city/bankura,warning,Duplication,Duplicate Content Detected,682 similar pages: https://www.settleloans.in/loan-settlement-by-city/abupur (86.1% similar); https://www.settleloans.in/loan-settlement-by-city/agartala (86.1% similar); https://www.settleloans.in/loan-settlement-by-city/agra (86.1% similar); https://www.settleloans.in/loan-settlement-by-city/ahmedabad (86.1% similar); https://www.settleloans.in/loan-settlement-by-city/aiims (86.1% similar) (+677 more)
https://www.settleloans.in/loan-settlement-by-city/noida-sector-49,warning,Duplication,Duplicate Content Detected,183 similar pages: https://www.settleloans.in/loan-settlement-by-city/noida-sector-1 (89.9% similar); https://www.settleloans.in/loan-settlement-by-city/noida-sector-10 (89.9% similar); https://www.settleloans.in/loan-settlement-by-city/noida-sector-100 (89.9% similar); https://www.settleloans.in/loan-settlement-by-city/noida-sector-101 (89.9% similar); https://www.settleloans.in/loan-settlement-by-city/noida-sector-102 (89.9% similar) (+178 more)
https://www.settleloans.in/loan-settlement-by-city/bulandshahr,warning,Duplication,Duplicate Content Detected,682 similar pages: https://www.settleloans.in/loan-settlement-by-city/abupur (86.1% similar); https://www.settleloans.in/loan-settlement-by-city/agartala (86.1% similar); https://www.settleloans.in/loan-settlement-by-city/agra (86.1% similar); https://www.settleloans.in/loan-settlement-by-city/ahmedabad (86.1% similar); https://www.settleloans.in/loan-settlement-by-city/aiims (86.1% similar) (+677 more)
https://www.settleloans.in/loan-settlement-by-city/noida-sector-62,warning,Duplication,Duplicate Content Detected,184 similar pages: https://www.settleloans.in/loan-settlement-by-city/noida-sector-1 (89.9% similar); https://www.settleloans.in/loan-settlement-by-city/noida-sector-10 (89.9% similar); https://www.settleloans.in/loan-settlement-by-city/noida-sector-100 (89.9% similar); https://www.settleloans.in/loan-settlement-by-city/noida-sector-101 (89.9% similar); https://www.settleloans.in/loan-settlement-by-city/noida-sector-102 (89.9% similar) (+179 more)
https://www.settleloans.in/loan-settlement-by-city/noida-extension-sector-16,warning,Duplication,Duplicate Content Detected,184 similar pages: https://www.settleloans.in/loan-settlement-by-city/noida-sector-16 (95.2% similar); https://www.settleloans.in/loan-settlement-by-city/noida-extension-sector-1 (91.1% similar); https://www.settleloans.in/loan-settlement-by-city/noida-extension-sector-10 (91.1% similar); https://www.settleloans.in/loan-settlement-by-city/noida-extension-sector-12 (91.1% similar); https://www.settleloans.in/loan-settlement-by-city/noida-extension-sector-16b (91.1% similar) (+179 more)
https://www.settleloans.in/loan-settlement-by-city/indirapuram-shakti-khand-2,warning,Duplication,Duplicate Content Detected,10 similar pages: https://www.settleloans.in/loan-settlement-by-city/indirapuram-abhay-khand-2 (91.1% similar); https://www.settleloans.in/loan-settlement-by-city/indirapuram-nyay-khand-2 (91.1% similar); https://www.settleloans.in/loan-settlement-by-city/indirapuram-shakti-khand-1 (91.1% similar); https://www.settleloans.in/loan-settlement-by-city/indirapuram-shakti-khand-3 (91.1% similar); https://www.settleloans.in/loan-settlement-by-city/indirapuram-shakti-khand-4 (91.1% similar) (+5 more)
https://www.settleloans.in/loan-settlement-by-city/indirapuram-abhay-khand-3,warning,Duplication,Duplicate Content Detected,11 similar pages: https://www.settleloans.in/loan-settlement-by-city/abhay-khand-3 (95.2% similar); https://www.settleloans.in/loan-settlement-by-city/indirapuram-abhay-khand-1 (91.1% similar); https://www.settleloans.in/loan-settlement-by-city/indirapuram-abhay-khand-2 (91.1% similar); https://www.settleloans.in/loan-settlement-by-city/indirapuram-nyay-khand-3 (91.1% similar); https://www.settleloans.in/loan-settlement-by-city/indirapuram-shakti-khand-3 (91.1% similar) (+6 more)
https://www.settleloans.in/loan-settlement-by-city/khammam,warning,Duplication,Duplicate Content Detected,682 similar pages: https://www.settleloans.in/loan-settlement-by-city/abupur (86.1% similar); https://www.settleloans.in/loan-settlement-by-city/agartala (86.1% similar); https://www.settleloans.in/loan-settlement-by-city/agra (86.1% similar); https://www.settleloans.in/loan-settlement-by-city/ahmedabad (86.1% similar); https://www.settleloans.in/loan-settlement-by-city/aiims (86.1% similar) (+677 more)
https://www.settleloans.in/loan-settlement-by-city/gt-karnal-road,warning,Duplication,Duplicate Content Detected,1 similar page: https://www.settleloans.in/loan-settlement-by-city/karnal (88.1% similar)
https://www.settleloans.in/loan-settlement-by-city/bihar,warning,Duplication,Duplicate Content Detected,682 similar pages: https://www.settleloans.in/loan-settlement-by-city/abupur (86.1% similar); https://www.settleloans.in/loan-settlement-by-city/agartala (86.1% similar); https://www.settleloans.in/loan-settlement-by-city/agra (86.1% similar); https://www.settleloans.in/loan-settlement-by-city/ahmedabad (86.1% similar); https://www.settleloans.in/loan-settlement-by-city/aiims (86.1% similar) (+677 more)
https://www.settleloans.in/loan-settlement-by-city/seelampur,warning,Duplication,Duplicate Content Detected,682 similar pages: https://www.settleloans.in/loan-settlement-by-city/abupur (86.1% similar); https://www.settleloans.in/loan-settlement-by-city/agartala (86.1% similar); https://www.settleloans.in/loan-settlement-by-city/agra (86.1% similar); https://www.settleloans.in/loan-settlement-by-city/ahmedabad (86.1% similar); https://www.settleloans.in/loan-settlement-by-city/aiims (86.1% similar) (+677 more)
https://www.settleloans.in/loan-settlement-by-city/sector-eta-2,warning,Duplication,Duplicate Content Detected,22 similar pages: https://www.settleloans.in/loan-settlement-by-city/faridabad-sector-2 (89.9% similar); https://www.settleloans.in/loan-settlement-by-city/govindpuram-sector-2 (89.9% similar); https://www.settleloans.in/loan-settlement-by-city/gurugram-sector-2 (89.9% similar); https://www.settleloans.in/loan-settlement-by-city/nehrunagar-sector-2 (89.9% similar); https://www.settleloans.in/loan-settlement-by-city/noida-sector-2 (89.9% similar) (+17 more)
https://www.settleloans.in/loan-settlement-by-city/narsinghpur,warning,Duplication,Duplicate Content Detected,682 similar pages: https://www.settleloans.in/loan-settlement-by-city/abupur (86.1% similar); https://www.settleloans.in/loan-settlement-by-city/agartala (86.1% similar); https://www.settleloans.in/loan-settlement-by-city/agra (86.1% similar); https://www.settleloans.in/loan-settlement-by-city/ahmedabad (86.1% similar); https://www.settleloans.in/loan-settlement-by-city/aiims (86.1% similar) (+677 more)
https://www.settleloans.in/loan-settlement-by-city/ujjain,warning,Duplication,Duplicate Content Detected,682 similar pages: https://www.settleloans.in/loan-settlement-by-city/abupur (86.1% similar); https://www.settleloans.in/loan-settlement-by-city/agartala (86.1% similar); https://www.settleloans.in/loan-settlement-by-city/agra (86.1% similar); https://www.settleloans.in/loan-settlement-by-city/ahmedabad (86.1% similar); https://www.settleloans.in/loan-settlement-by-city/aiims (86.1% similar) (+677 more)
https://www.settleloans.in/loan-settlement-by-city/south-east-delhi,warning,Duplication,Duplicate Content Detected,4 similar pages: https://www.settleloans.in/loan-settlement-by-city/south-delhi (94.5% similar); https://www.settleloans.in/loan-settlement-by-city/north-east-delhi (89.9% similar); https://www.settleloans.in/loan-settlement-by-city/south-west-delhi (89.9% similar); https://www.settleloans.in/loan-settlement-by-city/delhi (88.1% similar)
https://www.settleloans.in/loan-settlement-by-city/noida-sector-51,warning,Duplication,Duplicate Content Detected,183 similar pages: https://www.settleloans.in/loan-settlement-by-city/noida-sector-1 (89.9% similar); https://www.settleloans.in/loan-settlement-by-city/noida-sector-10 (89.9% similar); https://www.settleloans.in/loan-settlement-by-city/noida-sector-100 (89.9% similar); https://www.settleloans.in/loan-settlement-by-city/noida-sector-101 (89.9% similar); https://www.settleloans.in/loan-settlement-by-city/noida-sector-102 (89.9% similar) (+178 more)
https://www.settleloans.in/loan-settlement-by-city/botad,warning,Duplication,Duplicate Content Detected,682 similar pages: https://www.settleloans.in/loan-settlement-by-city/abupur (86.1% similar); https://www.settleloans.in/loan-settlement-by-city/agartala (86.1% similar); https://www.settleloans.in/loan-settlement-by-city/agra (86.1% similar); https://www.settleloans.in/loan-settlement-by-city/ahmedabad (86.1% similar); https://www.settleloans.in/loan-settlement-by-city/aiims (86.1% similar) (+677 more)
https://www.settleloans.in/loan-settlement-by-city/ecotech-2,warning,Duplication,Duplicate Content Detected,8 similar pages: https://www.settleloans.in/loan-settlement-by-city/ecotech-1 (88.3% similar); https://www.settleloans.in/loan-settlement-by-city/ecotech-3 (88.3% similar); https://www.settleloans.in/loan-settlement-by-city/ecotech-4 (88.3% similar); https://www.settleloans.in/loan-settlement-by-city/ecotech-5 (88.3% similar); https://www.settleloans.in/loan-settlement-by-city/ecotech-6 (88.3% similar) (+3 more)
https://www.settleloans.in/loan-settlement-by-city/shahjahanpur,warning,Duplication,Duplicate Content Detected,682 similar pages: https://www.settleloans.in/loan-settlement-by-city/abupur (86.1% similar); https://www.settleloans.in/loan-settlement-by-city/agartala (86.1% similar); https://www.settleloans.in/loan-settlement-by-city/agra (86.1% similar); https://www.settleloans.in/loan-settlement-by-city/ahmedabad (86.1% similar); https://www.settleloans.in/loan-settlement-by-city/aiims (86.1% similar) (+677 more)
https://www.settleloans.in/loan-settlement-by-city/jhansi,warning,Duplication,Duplicate Content Detected,683 similar pages: https://www.settleloans.in/loan-settlement-by-city/rani-jhansi-road (88.1% similar); https://www.settleloans.in/loan-settlement-by-city/abupur (86.1% similar); https://www.settleloans.in/loan-settlement-by-city/agartala (86.1% similar); https://www.settleloans.in/loan-settlement-by-city/agra (86.1% similar); https://www.settleloans.in/loan-settlement-by-city/ahmedabad (86.1% similar) (+678 more)
https://www.settleloans.in/loan-settlement-by-city/tonkolili,warning,Duplication,Duplicate Content Detected,682 similar pages: https://www.settleloans.in/loan-settlement-by-city/abupur (86.1% similar); https://www.settleloans.in/loan-settlement-by-city/agartala (86.1% similar); https://www.settleloans.in/loan-settlement-by-city/agra (86.1% similar); https://www.settleloans.in/loan-settlement-by-city/ahmedabad (86.1% similar); https://www.settleloans.in/loan-settlement-by-city/aiims (86.1% similar) (+677 more)
https://www.settleloans.in/loan-settlement-by-city/namchi,warning,Duplication,Duplicate Content Detected,682 similar pages: https://www.settleloans.in/loan-settlement-by-city/abupur (86.1% similar); https://www.settleloans.in/loan-settlement-by-city/agartala (86.1% similar); https://www.settleloans.in/loan-settlement-by-city/agra (86.1% similar); https://www.settleloans.in/loan-settlement-by-city/ahmedabad (86.1% similar); https://www.settleloans.in/loan-settlement-by-city/aiims (86.1% similar) (+677 more)
https://www.settleloans.in/loan-settlement-by-city/rajendra-nagar,warning,Duplication,Duplicate Content Detected,31 similar pages: https://www.settleloans.in/loan-settlement-by-city/rajendra-nagar-extension (94.5% similar); https://www.settleloans.in/loan-settlement-by-city/adarsh-nagar (88.3% similar); https://www.settleloans.in/loan-settlement-by-city/ashok-nagar (88.3% similar); https://www.settleloans.in/loan-settlement-by-city/bharat-nagar (88.3% similar); https://www.settleloans.in/loan-settlement-by-city/chander-nagar (88.3% similar) (+26 more)
https://www.settleloans.in/loan-settlement-by-city/greater-noida-sector-sigma-1,warning,Duplication,Duplicate Content Detected,12 similar pages: https://www.settleloans.in/loan-settlement-by-city/greater-noida-sector-alpha-1 (91.5% similar); https://www.settleloans.in/loan-settlement-by-city/greater-noida-sector-delta-1 (91.5% similar); https://www.settleloans.in/loan-settlement-by-city/greater-noida-sector-gamma-1 (91.5% similar); https://www.settleloans.in/loan-settlement-by-city/greater-noida-sector-omicron-1 (91.5% similar); https://www.settleloans.in/loan-settlement-by-city/greater-noida-sector-sigma-2 (91.5% similar) (+7 more)
https://www.settleloans.in/loan-settlement-by-city/narayana-vihar,warning,Duplication,Duplicate Content Detected,16 similar pages: https://www.settleloans.in/loan-settlement-by-city/ashok-vihar (88.3% similar); https://www.settleloans.in/loan-settlement-by-city/brij-vihar (88.3% similar); https://www.settleloans.in/loan-settlement-by-city/jasola-vihar (88.3% similar); https://www.settleloans.in/loan-settlement-by-city/naraina-vihar (88.3% similar); https://www.settleloans.in/loan-settlement-by-city/okhla-vihar (88.3% similar) (+11 more)
https://www.settleloans.in/loan-settlement-by-city/faridabad-sector-1,warning,Duplication,Duplicate Content Detected,60 similar pages: https://www.settleloans.in/loan-settlement-by-city/faridabad-sector-10 (89.9% similar); https://www.settleloans.in/loan-settlement-by-city/faridabad-sector-11 (89.9% similar); https://www.settleloans.in/loan-settlement-by-city/faridabad-sector-12 (89.9% similar); https://www.settleloans.in/loan-settlement-by-city/faridabad-sector-13 (89.9% similar); https://www.settleloans.in/loan-settlement-by-city/faridabad-sector-14 (89.9% similar) (+55 more)
https://www.settleloans.in/loan-settlement-by-city/rupnagar,warning,Duplication,Duplicate Content Detected,682 similar pages: https://www.settleloans.in/loan-settlement-by-city/abupur (86.1% similar); https://www.settleloans.in/loan-settlement-by-city/agartala (86.1% similar); https://www.settleloans.in/loan-settlement-by-city/agra (86.1% similar); https://www.settleloans.in/loan-settlement-by-city/ahmedabad (86.1% similar); https://www.settleloans.in/loan-settlement-by-city/aiims (86.1% similar) (+677 more)
https://www.settleloans.in/loan-settlement-by-city/alamdanga,warning,Duplication,Duplicate Content Detected,682 similar pages: https://www.settleloans.in/loan-settlement-by-city/abupur (86.1% similar); https://www.settleloans.in/loan-settlement-by-city/agartala (86.1% similar); https://www.settleloans.in/loan-settlement-by-city/agra (86.1% similar); https://www.settleloans.in/loan-settlement-by-city/ahmedabad (86.1% similar); https://www.settleloans.in/loan-settlement-by-city/aiims (86.1% similar) (+677 more)
https://www.settleloans.in/loan-settlement-by-city/kavi-nagar-sector-11,warning,Duplication,Duplicate Content Detected,11 similar pages: https://www.settleloans.in/loan-settlement-by-city/kavi-nagar-sector-10 (91.1% similar); https://www.settleloans.in/loan-settlement-by-city/kavi-nagar-sector-12 (91.1% similar); https://www.settleloans.in/loan-settlement-by-city/kavi-nagar-sector-13 (91.1% similar); https://www.settleloans.in/loan-settlement-by-city/kavi-nagar-sector-14 (91.1% similar); https://www.settleloans.in/loan-settlement-by-city/kavi-nagar (89.7% similar) (+6 more)
https://www.settleloans.in/loan-settlement-by-city/kurukshetra,warning,Duplication,Duplicate Content Detected,682 similar pages: https://www.settleloans.in/loan-settlement-by-city/abupur (86.1% similar); https://www.settleloans.in/loan-settlement-by-city/agartala (86.1% similar); https://www.settleloans.in/loan-settlement-by-city/agra (86.1% similar); https://www.settleloans.in/loan-settlement-by-city/ahmedabad (86.1% similar); https://www.settleloans.in/loan-settlement-by-city/aiims (86.1% similar) (+677 more)
https://www.settleloans.in/loan-settlement-by-city/sanjay-nagar-sector-6,warning,Duplication,Duplicate Content Detected,13 similar pages: https://www.settleloans.in/loan-settlement-by-city/raj-nagar-sector-6 (91.1% similar); https://www.settleloans.in/loan-settlement-by-city/sanjay-nagar-sector-1 (91.1% similar); https://www.settleloans.in/loan-settlement-by-city/sanjay-nagar-sector-2 (91.1% similar); https://www.settleloans.in/loan-settlement-by-city/sanjay-nagar-sector-3 (91.1% similar); https://www.settleloans.in/loan-settlement-by-city/sanjay-nagar-sector-4 (91.1% similar) (+8 more)
https://www.settleloans.in/loan-settlement-by-city/wave-city-sector-5,warning,Duplication,Duplicate Content Detected,15 similar pages: https://www.settleloans.in/loan-settlement-by-city/wave-city-sector-1 (91.1% similar); https://www.settleloans.in/loan-settlement-by-city/wave-city-sector-2 (91.1% similar); https://www.settleloans.in/loan-settlement-by-city/wave-city-sector-3 (91.1% similar); https://www.settleloans.in/loan-settlement-by-city/wave-city-sector-4 (91.1% similar); https://www.settleloans.in/loan-settlement-by-city/wave-city-sector-6 (91.1% similar) (+10 more)
https://www.settleloans.in/loan-settlement-by-city/tagore-garden,warning,Duplication,Duplicate Content Detected,3 similar pages: https://www.settleloans.in/loan-settlement-by-city/dilshad-garden (88.3% similar); https://www.settleloans.in/loan-settlement-by-city/raja-garden (88.3% similar); https://www.settleloans.in/loan-settlement-by-city/rajouri-garden (88.3% similar)
https://www.settleloans.in/loan-settlement-by-city/sitamarhi,warning,Duplication,Duplicate Content Detected,682 similar pages: https://www.settleloans.in/loan-settlement-by-city/abupur (86.1% similar); https://www.settleloans.in/loan-settlement-by-city/agartala (86.1% similar); https://www.settleloans.in/loan-settlement-by-city/agra (86.1% similar); https://www.settleloans.in/loan-settlement-by-city/ahmedabad (86.1% similar); https://www.settleloans.in/loan-settlement-by-city/aiims (86.1% similar) (+677 more)
https://www.settleloans.in/loan-settlement-by-city/noida-sector-117,warning,Duplication,Duplicate Content Detected,183 similar pages: https://www.settleloans.in/loan-settlement-by-city/noida-sector-1 (89.9% similar); https://www.settleloans.in/loan-settlement-by-city/noida-sector-10 (89.9% similar); https://www.settleloans.in/loan-settlement-by-city/noida-sector-100 (89.9% similar); https://www.settleloans.in/loan-settlement-by-city/noida-sector-101 (89.9% similar); https://www.settleloans.in/loan-settlement-by-city/noida-sector-102 (89.9% similar) (+178 more)
https://www.settleloans.in/loan-settlement-by-city/sangareddy,warning,Duplication,Duplicate Content Detected,682 similar pages: https://www.settleloans.in/loan-settlement-by-city/abupur (86.1% similar); https://www.settleloans.in/loan-settlement-by-city/agartala (86.1% similar); https://www.settleloans.in/loan-settlement-by-city/agra (86.1% similar); https://www.settleloans.in/loan-settlement-by-city/ahmedabad (86.1% similar); https://www.settleloans.in/loan-settlement-by-city/aiims (86.1% similar) (+677 more)
https://www.settleloans.in/loan-settlement-by-city/warangal,warning,Duplication,Duplicate Content Detected,684 similar pages: https://www.settleloans.in/loan-settlement-by-city/warangal-rural (93.5% similar); https://www.settleloans.in/loan-settlement-by-city/warangal-urban (93.5% similar); https://www.settleloans.in/loan-settlement-by-city/abupur (86.1% similar); https://www.settleloans.in/loan-settlement-by-city/agartala (86.1% similar); https://www.settleloans.in/loan-settlement-by-city/agra (86.1% similar) (+679 more)
https://www.settleloans.in/loan-settlement-by-city/rani-jhansi-road,warning,Duplication,Duplicate Content Detected,1 similar page: https://www.settleloans.in/loan-settlement-by-city/jhansi (88.1% similar)
https://www.settleloans.in/loan-settlement-by-city/noida-sector-36,warning,Duplication,Duplicate Content Detected,185 similar pages: https://www.settleloans.in/loan-settlement-by-city/faridabad-sector-36 (89.9% similar); https://www.settleloans.in/loan-settlement-by-city/gurugram-sector-36 (89.9% similar); https://www.settleloans.in/loan-settlement-by-city/noida-sector-1 (89.9% similar); https://www.settleloans.in/loan-settlement-by-city/noida-sector-10 (89.9% similar); https://www.settleloans.in/loan-settlement-by-city/noida-sector-100 (89.9% similar) (+180 more)
https://www.settleloans.in/loan-settlement-by-city/sector-omicron-4,warning,Duplication,Duplicate Content Detected,17 similar pages: https://www.settleloans.in/loan-settlement-by-city/faridabad-sector-4 (89.9% similar); https://www.settleloans.in/loan-settlement-by-city/govindpuram-sector-4 (89.9% similar); https://www.settleloans.in/loan-settlement-by-city/gurugram-sector-4 (89.9% similar); https://www.settleloans.in/loan-settlement-by-city/noida-sector-4 (89.9% similar); https://www.settleloans.in/loan-settlement-by-city/sector-4-vasundhara (89.9% similar) (+12 more)
https://www.settleloans.in/loan-settlement-by-city/govindpuram-sector-7,warning,Duplication,Duplicate Content Detected,17 similar pages: https://www.settleloans.in/loan-settlement-by-city/faridabad-sector-7 (89.9% similar); https://www.settleloans.in/loan-settlement-by-city/govindpuram-sector-1 (89.9% similar); https://www.settleloans.in/loan-settlement-by-city/govindpuram-sector-2 (89.9% similar); https://www.settleloans.in/loan-settlement-by-city/govindpuram-sector-3 (89.9% similar); https://www.settleloans.in/loan-settlement-by-city/govindpuram-sector-4 (89.9% similar) (+12 more)
https://www.settleloans.in/loan-settlement-by-city/jhilmil-industrial-area,warning,Duplication,Duplicate Content Detected,6 similar pages: https://www.settleloans.in/loan-settlement-by-city/dasna-industrial-area (89.9% similar); https://www.settleloans.in/loan-settlement-by-city/karampura-industrial-area (89.9% similar); https://www.settleloans.in/loan-settlement-by-city/mundka-industrial-area (89.9% similar); https://www.settleloans.in/loan-settlement-by-city/muradnagar-industrial-area (89.9% similar); https://www.settleloans.in/loan-settlement-by-city/kirti-nagar-industrial-area (85.7% similar) (+1 more)
https://www.settleloans.in/loan-settlement-by-city/karnal,warning,Duplication,Duplicate Content Detected,683 similar pages: https://www.settleloans.in/loan-settlement-by-city/gt-karnal-road (88.1% similar); https://www.settleloans.in/loan-settlement-by-city/abupur (86.1% similar); https://www.settleloans.in/loan-settlement-by-city/agartala (86.1% similar); https://www.settleloans.in/loan-settlement-by-city/agra (86.1% similar); https://www.settleloans.in/loan-settlement-by-city/ahmedabad (86.1% similar) (+678 more)
https://www.settleloans.in/loan-settlement-by-city/welcome-metro-station,warning,Duplication,Duplicate Content Detected,1 similar page: https://www.settleloans.in/loan-settlement-by-city/duhai-metro-station (89.9% similar)
https://www.settleloans.in/loan-settlement-by-city/vasundhara-sector-7,warning,Duplication,Duplicate Content Detected,33 similar pages: https://www.settleloans.in/loan-settlement-by-city/sector-7-vasundhara (100.0% similar); https://www.settleloans.in/loan-settlement-by-city/faridabad-sector-7 (89.9% similar); https://www.settleloans.in/loan-settlement-by-city/govindpuram-sector-7 (89.9% similar); https://www.settleloans.in/loan-settlement-by-city/gurugram-sector-7 (89.9% similar); https://www.settleloans.in/loan-settlement-by-city/noida-sector-7 (89.9% similar) (+28 more)
https://www.settleloans.in/loan-settlement-by-city/west-tripura,warning,Duplication,Duplicate Content Detected,12 similar pages: https://www.settleloans.in/loan-settlement-by-city/tripura (93.5% similar); https://www.settleloans.in/loan-settlement-by-city/imphal-west (88.3% similar); https://www.settleloans.in/loan-settlement-by-city/north-tripura (88.3% similar); https://www.settleloans.in/loan-settlement-by-city/rohini-west (88.3% similar); https://www.settleloans.in/loan-settlement-by-city/south-tripura (88.3% similar) (+7 more)
https://www.settleloans.in/loan-settlement-by-city/rajokri,warning,Duplication,Duplicate Content Detected,682 similar pages: https://www.settleloans.in/loan-settlement-by-city/abupur (86.1% similar); https://www.settleloans.in/loan-settlement-by-city/agartala (86.1% similar); https://www.settleloans.in/loan-settlement-by-city/agra (86.1% similar); https://www.settleloans.in/loan-settlement-by-city/ahmedabad (86.1% similar); https://www.settleloans.in/loan-settlement-by-city/aiims (86.1% similar) (+677 more)
https://www.settleloans.in/loan-settlement-by-city/seoni,warning,Duplication,Duplicate Content Detected,682 similar pages: https://www.settleloans.in/loan-settlement-by-city/abupur (86.1% similar); https://www.settleloans.in/loan-settlement-by-city/agartala (86.1% similar); https://www.settleloans.in/loan-settlement-by-city/agra (86.1% similar); https://www.settleloans.in/loan-settlement-by-city/ahmedabad (86.1% similar); https://www.settleloans.in/loan-settlement-by-city/aiims (86.1% similar) (+677 more)
https://www.settleloans.in/loan-settlement-by-city/sector-phi-2,warning,Duplication,Duplicate Content Detected,21 similar pages: https://www.settleloans.in/loan-settlement-by-city/faridabad-sector-2 (89.9% similar); https://www.settleloans.in/loan-settlement-by-city/govindpuram-sector-2 (89.9% similar); https://www.settleloans.in/loan-settlement-by-city/gurugram-sector-2 (89.9% similar); https://www.settleloans.in/loan-settlement-by-city/nehrunagar-sector-2 (89.9% similar); https://www.settleloans.in/loan-settlement-by-city/noida-sector-2 (89.9% similar) (+16 more)
https://www.settleloans.in/loan-settlement-by-city/ramprastha-greens,warning,Duplication,Duplicate Content Detected,3 similar pages: https://www.settleloans.in/loan-settlement-by-city/ramprastha (93.5% similar); https://www.settleloans.in/loan-settlement-by-city/jaypee-greens (88.3% similar); https://www.settleloans.in/loan-settlement-by-city/ramprastha-colony (88.3% similar)
https://www.settleloans.in/loan-settlement-by-city/noida-sector-38a,warning,Duplication,Duplicate Content Detected,183 similar pages: https://www.settleloans.in/loan-settlement-by-city/noida-sector-1 (89.9% similar); https://www.settleloans.in/loan-settlement-by-city/noida-sector-10 (89.9% similar); https://www.settleloans.in/loan-settlement-by-city/noida-sector-100 (89.9% similar); https://www.settleloans.in/loan-settlement-by-city/noida-sector-101 (89.9% similar); https://www.settleloans.in/loan-settlement-by-city/noida-sector-102 (89.9% similar) (+178 more)
https://www.settleloans.in/loan-settlement-by-city/botanical-garden-metro,warning,Duplication,Duplicate Content Detected,1 similar page: https://www.settleloans.in/loan-settlement-by-city/dilshad-garden-metro (89.9% similar)
https://www.settleloans.in/loan-settlement-by-city/jharkhand,warning,Duplication,Duplicate Content Detected,682 similar pages: https://www.settleloans.in/loan-settlement-by-city/abupur (86.1% similar); https://www.settleloans.in/loan-settlement-by-city/agartala (86.1% similar); https://www.settleloans.in/loan-settlement-by-city/agra (86.1% similar); https://www.settleloans.in/loan-settlement-by-city/ahmedabad (86.1% similar); https://www.settleloans.in/loan-settlement-by-city/aiims (86.1% similar) (+677 more)
https://www.settleloans.in/loan-settlement-by-city/ghitorni,warning,Duplication,Duplicate Content Detected,682 similar pages: https://www.settleloans.in/loan-settlement-by-city/abupur (86.1% similar); https://www.settleloans.in/loan-settlement-by-city/agartala (86.1% similar); https://www.settleloans.in/loan-settlement-by-city/agra (86.1% similar); https://www.settleloans.in/loan-settlement-by-city/ahmedabad (86.1% similar); https://www.settleloans.in/loan-settlement-by-city/aiims (86.1% similar) (+677 more)
https://www.settleloans.in/loan-settlement-by-city/sikkim,warning,Duplication,Duplicate Content Detected,682 similar pages: https://www.settleloans.in/loan-settlement-by-city/abupur (86.1% similar); https://www.settleloans.in/loan-settlement-by-city/agartala (86.1% similar); https://www.settleloans.in/loan-settlement-by-city/agra (86.1% similar); https://www.settleloans.in/loan-settlement-by-city/ahmedabad (86.1% similar); https://www.settleloans.in/loan-settlement-by-city/aiims (86.1% similar) (+677 more)
https://www.settleloans.in/loan-settlement-by-city/shyam-park-extension,warning,Duplication,Duplicate Content Detected,1 similar page: https://www.settleloans.in/loan-settlement-by-city/shyam-park-main (89.9% similar)
https://www.settleloans.in/loan-settlement-by-city/chittoor,warning,Duplication,Duplicate Content Detected,682 similar pages: https://www.settleloans.in/loan-settlement-by-city/abupur (86.1% similar); https://www.settleloans.in/loan-settlement-by-city/agartala (86.1% similar); https://www.settleloans.in/loan-settlement-by-city/agra (86.1% similar); https://www.settleloans.in/loan-settlement-by-city/ahmedabad (86.1% similar); https://www.settleloans.in/loan-settlement-by-city/aiims (86.1% similar) (+677 more)
https://www.settleloans.in/loan-settlement-by-city/churachandpur,warning,Duplication,Duplicate Content Detected,682 similar pages: https://www.settleloans.in/loan-settlement-by-city/abupur (86.1% similar); https://www.settleloans.in/loan-settlement-by-city/agartala (86.1% similar); https://www.settleloans.in/loan-settlement-by-city/agra (86.1% similar); https://www.settleloans.in/loan-settlement-by-city/ahmedabad (86.1% similar); https://www.settleloans.in/loan-settlement-by-city/aiims (86.1% similar) (+677 more)
https://www.settleloans.in/loan-settlement-by-city/mayur-vihar-phase-iii,warning,Duplication,Duplicate Content Detected,2 similar pages: https://www.settleloans.in/loan-settlement-by-city/mayur-vihar-phase-i (91.1% similar); https://www.settleloans.in/loan-settlement-by-city/mayur-vihar-phase-ii (91.1% similar)
https://www.settleloans.in/loan-settlement-by-city/noida-sector-160,warning,Duplication,Duplicate Content Detected,183 similar pages: https://www.settleloans.in/loan-settlement-by-city/noida-sector-1 (89.9% similar); https://www.settleloans.in/loan-settlement-by-city/noida-sector-10 (89.9% similar); https://www.settleloans.in/loan-settlement-by-city/noida-sector-100 (89.9% similar); https://www.settleloans.in/loan-settlement-by-city/noida-sector-101 (89.9% similar); https://www.settleloans.in/loan-settlement-by-city/noida-sector-102 (89.9% similar) (+178 more)
https://www.settleloans.in/loan-settlement-by-city/lajpat-nagar,warning,Duplication,Duplicate Content Detected,30 similar pages: https://www.settleloans.in/loan-settlement-by-city/lajpat-nagar-metro (94.5% similar); https://www.settleloans.in/loan-settlement-by-city/adarsh-nagar (88.3% similar); https://www.settleloans.in/loan-settlement-by-city/ashok-nagar (88.3% similar); https://www.settleloans.in/loan-settlement-by-city/bharat-nagar (88.3% similar); https://www.settleloans.in/loan-settlement-by-city/chander-nagar (88.3% similar) (+25 more)
https://www.settleloans.in/loan-settlement-by-city/nandgram,warning,Duplication,Duplicate Content Detected,682 similar pages: https://www.settleloans.in/loan-settlement-by-city/abupur (86.1% similar); https://www.settleloans.in/loan-settlement-by-city/agartala (86.1% similar); https://www.settleloans.in/loan-settlement-by-city/agra (86.1% similar); https://www.settleloans.in/loan-settlement-by-city/ahmedabad (86.1% similar); https://www.settleloans.in/loan-settlement-by-city/aiims (86.1% similar) (+677 more)
https://www.settleloans.in/loan-settlement-by-city/wazirabad,warning,Duplication,Duplicate Content Detected,682 similar pages: https://www.settleloans.in/loan-settlement-by-city/abupur (86.1% similar); https://www.settleloans.in/loan-settlement-by-city/agartala (86.1% similar); https://www.settleloans.in/loan-settlement-by-city/agra (86.1% similar); https://www.settleloans.in/loan-settlement-by-city/ahmedabad (86.1% similar); https://www.settleloans.in/loan-settlement-by-city/aiims (86.1% similar) (+677 more)
https://www.settleloans.in/loan-settlement-by-city/udupi,warning,Duplication,Duplicate Content Detected,682 similar pages: https://www.settleloans.in/loan-settlement-by-city/abupur (86.1% similar); https://www.settleloans.in/loan-settlement-by-city/agartala (86.1% similar); https://www.settleloans.in/loan-settlement-by-city/agra (86.1% similar); https://www.settleloans.in/loan-settlement-by-city/ahmedabad (86.1% similar); https://www.settleloans.in/loan-settlement-by-city/aiims (86.1% similar) (+677 more)
https://www.settleloans.in/loan-settlement-by-city/shravasti,warning,Duplication,Duplicate Content Detected,682 similar pages: https://www.settleloans.in/loan-settlement-by-city/abupur (86.1% similar); https://www.settleloans.in/loan-settlement-by-city/agartala (86.1% similar); https://www.settleloans.in/loan-settlement-by-city/agra (86.1% similar); https://www.settleloans.in/loan-settlement-by-city/ahmedabad (86.1% similar); https://www.settleloans.in/loan-settlement-by-city/aiims (86.1% similar) (+677 more)
https://www.settleloans.in/loan-settlement-by-city/noida-sector-29,warning,Duplication,Duplicate Content Detected,185 similar pages: https://www.settleloans.in/loan-settlement-by-city/faridabad-sector-29 (89.9% similar); https://www.settleloans.in/loan-settlement-by-city/gurugram-sector-29 (89.9% similar); https://www.settleloans.in/loan-settlement-by-city/noida-sector-1 (89.9% similar); https://www.settleloans.in/loan-settlement-by-city/noida-sector-10 (89.9% similar); https://www.settleloans.in/loan-settlement-by-city/noida-sector-100 (89.9% similar) (+180 more)
https://www.settleloans.in/loan-settlement-by-city/mandla,warning,Duplication,Duplicate Content Detected,682 similar pages: https://www.settleloans.in/loan-settlement-by-city/abupur (86.1% similar); https://www.settleloans.in/loan-settlement-by-city/agartala (86.1% similar); https://www.settleloans.in/loan-settlement-by-city/agra (86.1% similar); https://www.settleloans.in/loan-settlement-by-city/ahmedabad (86.1% similar); https://www.settleloans.in/loan-settlement-by-city/aiims (86.1% similar) (+677 more)
https://www.settleloans.in/loan-settlement-by-city/raj-nagar-sector-2,warning,Duplication,Duplicate Content Detected,24 similar pages: https://www.settleloans.in/loan-settlement-by-city/raj-nagar-sector-1 (91.1% similar); https://www.settleloans.in/loan-settlement-by-city/raj-nagar-sector-3 (91.1% similar); https://www.settleloans.in/loan-settlement-by-city/raj-nagar-sector-4 (91.1% similar); https://www.settleloans.in/loan-settlement-by-city/raj-nagar-sector-5 (91.1% similar); https://www.settleloans.in/loan-settlement-by-city/raj-nagar-sector-6 (91.1% similar) (+19 more)
https://www.settleloans.in/loan-settlement-by-city/noida-sector-73,warning,Duplication,Duplicate Content Detected,183 similar pages: https://www.settleloans.in/loan-settlement-by-city/noida-sector-1 (89.9% similar); https://www.settleloans.in/loan-settlement-by-city/noida-sector-10 (89.9% similar); https://www.settleloans.in/loan-settlement-by-city/noida-sector-100 (89.9% similar); https://www.settleloans.in/loan-settlement-by-city/noida-sector-101 (89.9% similar); https://www.settleloans.in/loan-settlement-by-city/noida-sector-102 (89.9% similar) (+178 more)
https://www.settleloans.in/loan-settlement-by-city/goa,warning,Duplication,Duplicate Content Detected,684 similar pages: https://www.settleloans.in/loan-settlement-by-city/north-goa (93.5% similar); https://www.settleloans.in/loan-settlement-by-city/south-goa (93.5% similar); https://www.settleloans.in/loan-settlement-by-city/abupur (86.1% similar); https://www.settleloans.in/loan-settlement-by-city/agartala (86.1% similar); https://www.settleloans.in/loan-settlement-by-city/agra (86.1% similar) (+679 more)
https://www.settleloans.in/loan-settlement-by-city/tamenglong,warning,Duplication,Duplicate Content Detected,682 similar pages: https://www.settleloans.in/loan-settlement-by-city/abupur (86.1% similar); https://www.settleloans.in/loan-settlement-by-city/agartala (86.1% similar); https://www.settleloans.in/loan-settlement-by-city/agra (86.1% similar); https://www.settleloans.in/loan-settlement-by-city/ahmedabad (86.1% similar); https://www.settleloans.in/loan-settlement-by-city/aiims (86.1% similar) (+677 more)
https://www.settleloans.in/loan-settlement-by-city/jhajjar,warning,Duplication,Duplicate Content Detected,682 similar pages: https://www.settleloans.in/loan-settlement-by-city/abupur (86.1% similar); https://www.settleloans.in/loan-settlement-by-city/agartala (86.1% similar); https://www.settleloans.in/loan-settlement-by-city/agra (86.1% similar); https://www.settleloans.in/loan-settlement-by-city/ahmedabad (86.1% similar); https://www.settleloans.in/loan-settlement-by-city/aiims (86.1% similar) (+677 more)
https://www.settleloans.in/loan-settlement-by-city/ashok-vihar,warning,Duplication,Duplicate Content Detected,17 similar pages: https://www.settleloans.in/loan-settlement-by-city/ashok-nagar (88.3% similar); https://www.settleloans.in/loan-settlement-by-city/brij-vihar (88.3% similar); https://www.settleloans.in/loan-settlement-by-city/jasola-vihar (88.3% similar); https://www.settleloans.in/loan-settlement-by-city/naraina-vihar (88.3% similar); https://www.settleloans.in/loan-settlement-by-city/narayana-vihar (88.3% similar) (+12 more)
https://www.settleloans.in/loan-settlement-by-city/dasna-nh-24,warning,Duplication,Duplicate Content Detected,1 similar page: https://www.settleloans.in/loan-settlement-by-city/wave-city-nh-24 (85.7% similar)
https://www.settleloans.in/loan-settlement-by-city/mahabubnagar,warning,Duplication,Duplicate Content Detected,682 similar pages: https://www.settleloans.in/loan-settlement-by-city/abupur (86.1% similar); https://www.settleloans.in/loan-settlement-by-city/agartala (86.1% similar); https://www.settleloans.in/loan-settlement-by-city/agra (86.1% similar); https://www.settleloans.in/loan-settlement-by-city/ahmedabad (86.1% similar); https://www.settleloans.in/loan-settlement-by-city/aiims (86.1% similar) (+677 more)
https://www.settleloans.in/loan-settlement-by-city/anantapur,warning,Duplication,Duplicate Content Detected,682 similar pages: https://www.settleloans.in/loan-settlement-by-city/abupur (86.1% similar); https://www.settleloans.in/loan-settlement-by-city/agartala (86.1% similar); https://www.settleloans.in/loan-settlement-by-city/agra (86.1% similar); https://www.settleloans.in/loan-settlement-by-city/ahmedabad (86.1% similar); https://www.settleloans.in/loan-settlement-by-city/aiims (86.1% similar) (+677 more)
https://www.settleloans.in/loan-settlement-by-city/noida-sector-34,warning,Duplication,Duplicate Content Detected,185 similar pages: https://www.settleloans.in/loan-settlement-by-city/faridabad-sector-34 (89.9% similar); https://www.settleloans.in/loan-settlement-by-city/gurugram-sector-34 (89.9% similar); https://www.settleloans.in/loan-settlement-by-city/noida-sector-1 (89.9% similar); https://www.settleloans.in/loan-settlement-by-city/noida-sector-10 (89.9% similar); https://www.settleloans.in/loan-settlement-by-city/noida-sector-100 (89.9% similar) (+180 more)
https://www.settleloans.in/loan-settlement-by-city/north-west-delhi,warning,Duplication,Duplicate Content Detected,5 similar pages: https://www.settleloans.in/loan-settlement-by-city/north-delhi (94.5% similar); https://www.settleloans.in/loan-settlement-by-city/west-delhi (94.5% similar); https://www.settleloans.in/loan-settlement-by-city/north-east-delhi (89.9% similar); https://www.settleloans.in/loan-settlement-by-city/south-west-delhi (89.9% similar); https://www.settleloans.in/loan-settlement-by-city/delhi (88.1% similar)
https://www.settleloans.in/loan-settlement-by-city/aizawl,warning,Duplication,Duplicate Content Detected,682 similar pages: https://www.settleloans.in/loan-settlement-by-city/abupur (86.1% similar); https://www.settleloans.in/loan-settlement-by-city/agartala (86.1% similar); https://www.settleloans.in/loan-settlement-by-city/agra (86.1% similar); https://www.settleloans.in/loan-settlement-by-city/ahmedabad (86.1% similar); https://www.settleloans.in/loan-settlement-by-city/aiims (86.1% similar) (+677 more)
https://www.settleloans.in/loan-settlement-by-city/faridabad-sector-15a,warning,Duplication,Duplicate Content Detected,41 similar pages: https://www.settleloans.in/loan-settlement-by-city/faridabad-sector-1 (89.9% similar); https://www.settleloans.in/loan-settlement-by-city/faridabad-sector-10 (89.9% similar); https://www.settleloans.in/loan-settlement-by-city/faridabad-sector-11 (89.9% similar); https://www.settleloans.in/loan-settlement-by-city/faridabad-sector-12 (89.9% similar); https://www.settleloans.in/loan-settlement-by-city/faridabad-sector-13 (89.9% similar) (+36 more)
https://www.settleloans.in/loan-settlement-by-city/navsari,warning,Duplication,Duplicate Content Detected,682 similar pages: https://www.settleloans.in/loan-settlement-by-city/abupur (86.1% similar); https://www.settleloans.in/loan-settlement-by-city/agartala (86.1% similar); https://www.settleloans.in/loan-settlement-by-city/agra (86.1% similar); https://www.settleloans.in/loan-settlement-by-city/ahmedabad (86.1% similar); https://www.settleloans.in/loan-settlement-by-city/aiims (86.1% similar) (+677 more)
https://www.settleloans.in/loan-settlement-by-city/chengalpattu,warning,Duplication,Duplicate Content Detected,682 similar pages: https://www.settleloans.in/loan-settlement-by-city/abupur (86.1% similar); https://www.settleloans.in/loan-settlement-by-city/agartala (86.1% similar); https://www.settleloans.in/loan-settlement-by-city/agra (86.1% similar); https://www.settleloans.in/loan-settlement-by-city/ahmedabad (86.1% similar); https://www.settleloans.in/loan-settlement-by-city/aiims (86.1% similar) (+677 more)
https://www.settleloans.in/loan-settlement-by-city/sitapur,warning,Duplication,Duplicate Content Detected,682 similar pages: https://www.settleloans.in/loan-settlement-by-city/abupur (86.1% similar); https://www.settleloans.in/loan-settlement-by-city/agartala (86.1% similar); https://www.settleloans.in/loan-settlement-by-city/agra (86.1% similar); https://www.settleloans.in/loan-settlement-by-city/ahmedabad (86.1% similar); https://www.settleloans.in/loan-settlement-by-city/aiims (86.1% similar) (+677 more)
https://www.settleloans.in/loan-settlement-by-city/kalyanpuri-metro,warning,Duplication,Duplicate Content Detected,15 similar pages: https://www.settleloans.in/loan-settlement-by-city/aiims-metro (88.3% similar); https://www.settleloans.in/loan-settlement-by-city/badarpur-metro (88.3% similar); https://www.settleloans.in/loan-settlement-by-city/ghevra-metro (88.3% similar); https://www.settleloans.in/loan-settlement-by-city/ito-metro (88.3% similar); https://www.settleloans.in/loan-settlement-by-city/kaushambi-metro (88.3% similar) (+10 more)
https://www.settleloans.in/loan-settlement-by-city/pratap-vihar-sector-2,warning,Duplication,Duplicate Content Detected,19 similar pages: https://www.settleloans.in/loan-settlement-by-city/pratap-vihar-sector-1 (91.1% similar); https://www.settleloans.in/loan-settlement-by-city/pratap-vihar-sector-3 (91.1% similar); https://www.settleloans.in/loan-settlement-by-city/siddharth-vihar-sector-2 (91.1% similar); https://www.settleloans.in/loan-settlement-by-city/pratap-vihar (89.7% similar); https://www.settleloans.in/loan-settlement-by-city/faridabad-sector-2 (85.7% similar) (+14 more)
https://www.settleloans.in/loan-settlement-by-city/gulbarga,warning,Duplication,Duplicate Content Detected,682 similar pages: https://www.settleloans.in/loan-settlement-by-city/abupur (86.1% similar); https://www.settleloans.in/loan-settlement-by-city/agartala (86.1% similar); https://www.settleloans.in/loan-settlement-by-city/agra (86.1% similar); https://www.settleloans.in/loan-settlement-by-city/ahmedabad (86.1% similar); https://www.settleloans.in/loan-settlement-by-city/aiims (86.1% similar) (+677 more)
https://www.settleloans.in/loan-settlement-by-city/bharatpur,warning,Duplication,Duplicate Content Detected,682 similar pages: https://www.settleloans.in/loan-settlement-by-city/abupur (86.1% similar); https://www.settleloans.in/loan-settlement-by-city/agartala (86.1% similar); https://www.settleloans.in/loan-settlement-by-city/agra (86.1% similar); https://www.settleloans.in/loan-settlement-by-city/ahmedabad (86.1% similar); https://www.settleloans.in/loan-settlement-by-city/aiims (86.1% similar) (+677 more)
https://www.settleloans.in/loan-settlement-by-city/surendranagar,warning,Duplication,Duplicate Content Detected,682 similar pages: https://www.settleloans.in/loan-settlement-by-city/abupur (86.1% similar); https://www.settleloans.in/loan-settlement-by-city/agartala (86.1% similar); https://www.settleloans.in/loan-settlement-by-city/agra (86.1% similar); https://www.settleloans.in/loan-settlement-by-city/ahmedabad (86.1% similar); https://www.settleloans.in/loan-settlement-by-city/aiims (86.1% similar) (+677 more)
https://www.settleloans.in/loan-settlement-by-city/pondicherry,warning,Duplication,Duplicate Content Detected,682 similar pages: https://www.settleloans.in/loan-settlement-by-city/abupur (86.1% similar); https://www.settleloans.in/loan-settlement-by-city/agartala (86.1% similar); https://www.settleloans.in/loan-settlement-by-city/agra (86.1% similar); https://www.settleloans.in/loan-settlement-by-city/ahmedabad (86.1% similar); https://www.settleloans.in/loan-settlement-by-city/aiims (86.1% similar) (+677 more)
https://www.settleloans.in/loan-settlement-by-city/ecotech-extension,warning,Duplication,Duplicate Content Detected,13 similar pages: https://www.settleloans.in/loan-settlement-by-city/bhopura-extension (88.3% similar); https://www.settleloans.in/loan-settlement-by-city/ecotech-1 (88.3% similar); https://www.settleloans.in/loan-settlement-by-city/ecotech-2 (88.3% similar); https://www.settleloans.in/loan-settlement-by-city/ecotech-3 (88.3% similar); https://www.settleloans.in/loan-settlement-by-city/ecotech-4 (88.3% similar) (+8 more)
https://www.settleloans.in/loan-settlement-by-city/noida-sector-72,warning,Duplication,Duplicate Content Detected,183 similar pages: https://www.settleloans.in/loan-settlement-by-city/noida-sector-1 (89.9% similar); https://www.settleloans.in/loan-settlement-by-city/noida-sector-10 (89.9% similar); https://www.settleloans.in/loan-settlement-by-city/noida-sector-100 (89.9% similar); https://www.settleloans.in/loan-settlement-by-city/noida-sector-101 (89.9% similar); https://www.settleloans.in/loan-settlement-by-city/noida-sector-102 (89.9% similar) (+178 more)
https://www.settleloans.in/loan-settlement-by-city/south-west-delhi,warning,Duplication,Duplicate Content Detected,5 similar pages: https://www.settleloans.in/loan-settlement-by-city/south-delhi (94.5% similar); https://www.settleloans.in/loan-settlement-by-city/west-delhi (94.5% similar); https://www.settleloans.in/loan-settlement-by-city/north-west-delhi (89.9% similar); https://www.settleloans.in/loan-settlement-by-city/south-east-delhi (89.9% similar); https://www.settleloans.in/loan-settlement-by-city/delhi (88.1% similar)
https://www.settleloans.in/loan-settlement-by-city/sheopur,warning,Duplication,Duplicate Content Detected,682 similar pages: https://www.settleloans.in/loan-settlement-by-city/abupur (86.1% similar); https://www.settleloans.in/loan-settlement-by-city/agartala (86.1% similar); https://www.settleloans.in/loan-settlement-by-city/agra (86.1% similar); https://www.settleloans.in/loan-settlement-by-city/ahmedabad (86.1% similar); https://www.settleloans.in/loan-settlement-by-city/aiims (86.1% similar) (+677 more)
https://www.settleloans.in/loan-settlement-by-city/noida-sector-159,warning,Duplication,Duplicate Content Detected,183 similar pages: https://www.settleloans.in/loan-settlement-by-city/noida-sector-1 (89.9% similar); https://www.settleloans.in/loan-settlement-by-city/noida-sector-10 (89.9% similar); https://www.settleloans.in/loan-settlement-by-city/noida-sector-100 (89.9% similar); https://www.settleloans.in/loan-settlement-by-city/noida-sector-101 (89.9% similar); https://www.settleloans.in/loan-settlement-by-city/noida-sector-102 (89.9% similar) (+178 more)
https://www.settleloans.in/loan-settlement-by-city/noida-sector-14,warning,Duplication,Duplicate Content Detected,188 similar pages: https://www.settleloans.in/loan-settlement-by-city/dwarka-sector-14 (89.9% similar); https://www.settleloans.in/loan-settlement-by-city/faridabad-sector-14 (89.9% similar); https://www.settleloans.in/loan-settlement-by-city/gurugram-sector-14 (89.9% similar); https://www.settleloans.in/loan-settlement-by-city/noida-sector-1 (89.9% similar); https://www.settleloans.in/loan-settlement-by-city/noida-sector-10 (89.9% similar) (+183 more)
https://www.settleloans.in/loan-settlement-by-city/raj-nagar-extension,warning,Duplication,Duplicate Content Detected,10 similar pages: https://www.settleloans.in/loan-settlement-by-city/raj-nagar (94.5% similar); https://www.settleloans.in/loan-settlement-by-city/raj-nagar-extension-nh-58 (90.9% similar); https://www.settleloans.in/loan-settlement-by-city/rajendra-nagar-extension (89.9% similar); https://www.settleloans.in/loan-settlement-by-city/raj-nagar-sector-1 (85.7% similar); https://www.settleloans.in/loan-settlement-by-city/raj-nagar-sector-2 (85.7% similar) (+5 more)
https://www.settleloans.in/loan-settlement-by-city/rohini-sector-11,warning,Duplication,Duplicate Content Detected,11 similar pages: https://www.settleloans.in/loan-settlement-by-city/faridabad-sector-11 (89.9% similar); https://www.settleloans.in/loan-settlement-by-city/gurugram-sector-11 (89.9% similar); https://www.settleloans.in/loan-settlement-by-city/noida-sector-11 (89.9% similar); https://www.settleloans.in/loan-settlement-by-city/rohini-sector-13 (89.9% similar); https://www.settleloans.in/loan-settlement-by-city/rohini-sector-18 (89.9% similar) (+6 more)
https://www.settleloans.in/loan-settlement-by-city/krishnagiri,warning,Duplication,Duplicate Content Detected,682 similar pages: https://www.settleloans.in/loan-settlement-by-city/abupur (86.1% similar); https://www.settleloans.in/loan-settlement-by-city/agartala (86.1% similar); https://www.settleloans.in/loan-settlement-by-city/agra (86.1% similar); https://www.settleloans.in/loan-settlement-by-city/ahmedabad (86.1% similar); https://www.settleloans.in/loan-settlement-by-city/aiims (86.1% similar) (+677 more)
https://www.settleloans.in/loan-settlement-by-city/karkardooma,warning,Duplication,Duplicate Content Detected,682 similar pages: https://www.settleloans.in/loan-settlement-by-city/abupur (86.1% similar); https://www.settleloans.in/loan-settlement-by-city/agartala (86.1% similar); https://www.settleloans.in/loan-settlement-by-city/agra (86.1% similar); https://www.settleloans.in/loan-settlement-by-city/ahmedabad (86.1% similar); https://www.settleloans.in/loan-settlement-by-city/aiims (86.1% similar) (+677 more)
https://www.settleloans.in/loan-settlement-by-city/kapasheda-border,warning,Duplication,Duplicate Content Detected,3 similar pages: https://www.settleloans.in/loan-settlement-by-city/badarpur-border (88.3% similar); https://www.settleloans.in/loan-settlement-by-city/loni-border (88.3% similar); https://www.settleloans.in/loan-settlement-by-city/tikri-border (88.3% similar)
https://www.settleloans.in/loan-settlement-by-city/kovilpatti,warning,Duplication,Duplicate Content Detected,682 similar pages: https://www.settleloans.in/loan-settlement-by-city/abupur (86.1% similar); https://www.settleloans.in/loan-settlement-by-city/agartala (86.1% similar); https://www.settleloans.in/loan-settlement-by-city/agra (86.1% similar); https://www.settleloans.in/loan-settlement-by-city/ahmedabad (86.1% similar); https://www.settleloans.in/loan-settlement-by-city/aiims (86.1% similar) (+677 more)
https://www.settleloans.in/loan-settlement-by-city/gurugram-sector-17,warning,Duplication,Duplicate Content Detected,51 similar pages: https://www.settleloans.in/loan-settlement-by-city/faridabad-sector-17 (89.9% similar); https://www.settleloans.in/loan-settlement-by-city/gurugram-sector-1 (89.9% similar); https://www.settleloans.in/loan-settlement-by-city/gurugram-sector-10 (89.9% similar); https://www.settleloans.in/loan-settlement-by-city/gurugram-sector-10a (89.9% similar); https://www.settleloans.in/loan-settlement-by-city/gurugram-sector-11 (89.9% similar) (+46 more)
https://www.settleloans.in/loan-settlement-by-city/tronica-city-sector-e,warning,Duplication,Duplicate Content Detected,5 similar pages: https://www.settleloans.in/loan-settlement-by-city/tronica-city-sector-a (91.1% similar); https://www.settleloans.in/loan-settlement-by-city/tronica-city-sector-b (91.1% similar); https://www.settleloans.in/loan-settlement-by-city/tronica-city-sector-c (91.1% similar); https://www.settleloans.in/loan-settlement-by-city/tronica-city-sector-d (91.1% similar); https://www.settleloans.in/loan-settlement-by-city/loni-tronica-city (85.7% similar)
https://www.settleloans.in/loan-settlement-by-city/odisha,warning,Duplication,Duplicate Content Detected,682 similar pages: https://www.settleloans.in/loan-settlement-by-city/abupur (86.1% similar); https://www.settleloans.in/loan-settlement-by-city/agartala (86.1% similar); https://www.settleloans.in/loan-settlement-by-city/agra (86.1% similar); https://www.settleloans.in/loan-settlement-by-city/ahmedabad (86.1% similar); https://www.settleloans.in/loan-settlement-by-city/aiims (86.1% similar) (+677 more)
https://www.settleloans.in/loan-settlement-by-city/noida-sector-124,warning,Duplication,Duplicate Content Detected,183 similar pages: https://www.settleloans.in/loan-settlement-by-city/noida-sector-1 (89.9% similar); https://www.settleloans.in/loan-settlement-by-city/noida-sector-10 (89.9% similar); https://www.settleloans.in/loan-settlement-by-city/noida-sector-100 (89.9% similar); https://www.settleloans.in/loan-settlement-by-city/noida-sector-101 (89.9% similar); https://www.settleloans.in/loan-settlement-by-city/noida-sector-102 (89.9% similar) (+178 more)
https://www.settleloans.in/loan-settlement-by-city/sector-zeta-5,warning,Duplication,Duplicate Content Detected,12 similar pages: https://www.settleloans.in/loan-settlement-by-city/faridabad-sector-5 (89.9% similar); https://www.settleloans.in/loan-settlement-by-city/govindpuram-sector-5 (89.9% similar); https://www.settleloans.in/loan-settlement-by-city/gurugram-sector-5 (89.9% similar); https://www.settleloans.in/loan-settlement-by-city/noida-sector-5 (89.9% similar); https://www.settleloans.in/loan-settlement-by-city/sector-5-vasundhara (89.9% similar) (+7 more)
https://www.settleloans.in/loan-settlement-by-city/vaishali-sector-2,warning,Duplication,Duplicate Content Detected,29 similar pages: https://www.settleloans.in/loan-settlement-by-city/faridabad-sector-2 (89.9% similar); https://www.settleloans.in/loan-settlement-by-city/govindpuram-sector-2 (89.9% similar); https://www.settleloans.in/loan-settlement-by-city/gurugram-sector-2 (89.9% similar); https://www.settleloans.in/loan-settlement-by-city/nehrunagar-sector-2 (89.9% similar); https://www.settleloans.in/loan-settlement-by-city/noida-sector-2 (89.9% similar) (+24 more)
https://www.settleloans.in/loan-settlement-by-city/vaishali-metro,warning,Duplication,Duplicate Content Detected,17 similar pages: https://www.settleloans.in/loan-settlement-by-city/vaishali (93.5% similar); https://www.settleloans.in/loan-settlement-by-city/aiims-metro (88.3% similar); https://www.settleloans.in/loan-settlement-by-city/badarpur-metro (88.3% similar); https://www.settleloans.in/loan-settlement-by-city/ghevra-metro (88.3% similar); https://www.settleloans.in/loan-settlement-by-city/ito-metro (88.3% similar) (+12 more)
https://www.settleloans.in/loan-settlement-by-city/ramban,warning,Duplication,Duplicate Content Detected,682 similar pages: https://www.settleloans.in/loan-settlement-by-city/abupur (86.1% similar); https://www.settleloans.in/loan-settlement-by-city/agartala (86.1% similar); https://www.settleloans.in/loan-settlement-by-city/agra (86.1% similar); https://www.settleloans.in/loan-settlement-by-city/ahmedabad (86.1% similar); https://www.settleloans.in/loan-settlement-by-city/aiims (86.1% similar) (+677 more)
https://www.settleloans.in/loan-settlement-by-city/east-singhbhum,warning,Duplication,Duplicate Content Detected,7 similar pages: https://www.settleloans.in/loan-settlement-by-city/east-champaran (88.3% similar); https://www.settleloans.in/loan-settlement-by-city/east-godavari (88.3% similar); https://www.settleloans.in/loan-settlement-by-city/east-kameng (88.3% similar); https://www.settleloans.in/loan-settlement-by-city/east-siang (88.3% similar); https://www.settleloans.in/loan-settlement-by-city/imphal-east (88.3% similar) (+2 more)
https://www.settleloans.in/loan-settlement-by-city/erode,warning,Duplication,Duplicate Content Detected,682 similar pages: https://www.settleloans.in/loan-settlement-by-city/abupur (86.1% similar); https://www.settleloans.in/loan-settlement-by-city/agartala (86.1% similar); https://www.settleloans.in/loan-settlement-by-city/agra (86.1% similar); https://www.settleloans.in/loan-settlement-by-city/ahmedabad (86.1% similar); https://www.settleloans.in/loan-settlement-by-city/aiims (86.1% similar) (+677 more)
https://www.settleloans.in/loan-settlement-by-city/techzone-iv,warning,Duplication,Duplicate Content Detected,3 similar pages: https://www.settleloans.in/loan-settlement-by-city/techzone-1 (88.3% similar); https://www.settleloans.in/loan-settlement-by-city/techzone-2 (88.3% similar); https://www.settleloans.in/loan-settlement-by-city/techzone-v (88.3% similar)
https://www.settleloans.in/loan-settlement-by-city/govindpuram-extension,warning,Duplication,Duplicate Content Detected,6 similar pages: https://www.settleloans.in/loan-settlement-by-city/bhopura-extension (88.3% similar); https://www.settleloans.in/loan-settlement-by-city/ecotech-extension (88.3% similar); https://www.settleloans.in/loan-settlement-by-city/ip-extension (88.3% similar); https://www.settleloans.in/loan-settlement-by-city/morti-extension (88.3% similar); https://www.settleloans.in/loan-settlement-by-city/south-extension (88.3% similar) (+1 more)
https://www.settleloans.in/loan-settlement-by-city/loni,warning,Duplication,Duplicate Content Detected,685 similar pages: https://www.settleloans.in/loan-settlement-by-city/loni-bhopura (93.5% similar); https://www.settleloans.in/loan-settlement-by-city/loni-border (93.5% similar); https://www.settleloans.in/loan-settlement-by-city/loni-tronica-city (88.1% similar); https://www.settleloans.in/loan-settlement-by-city/abupur (86.1% similar); https://www.settleloans.in/loan-settlement-by-city/agartala (86.1% similar) (+680 more)
https://www.settleloans.in/loan-settlement-by-city/gyan-khand-3,warning,Duplication,Duplicate Content Detected,9 similar pages: https://www.settleloans.in/loan-settlement-by-city/abhay-khand-3 (89.9% similar); https://www.settleloans.in/loan-settlement-by-city/gyan-khand-1 (89.9% similar); https://www.settleloans.in/loan-settlement-by-city/gyan-khand-2 (89.9% similar); https://www.settleloans.in/loan-settlement-by-city/gyan-khand-4 (89.9% similar); https://www.settleloans.in/loan-settlement-by-city/niti-khand-3 (89.9% similar) (+4 more)
https://www.settleloans.in/loan-settlement-by-city/sector-2-vasundhara,warning,Duplication,Duplicate Content Detected,44 similar pages: https://www.settleloans.in/loan-settlement-by-city/vasundhara-sector-2 (100.0% similar); https://www.settleloans.in/loan-settlement-by-city/faridabad-sector-2 (89.9% similar); https://www.settleloans.in/loan-settlement-by-city/govindpuram-sector-2 (89.9% similar); https://www.settleloans.in/loan-settlement-by-city/gurugram-sector-2 (89.9% similar); https://www.settleloans.in/loan-settlement-by-city/nehrunagar-sector-2 (89.9% similar) (+39 more)
https://www.settleloans.in/loan-settlement-by-city/tehri-garhwal,warning,Duplication,Duplicate Content Detected,2 similar pages: https://www.settleloans.in/loan-settlement-by-city/pauri-garhwal (88.3% similar); https://www.settleloans.in/loan-settlement-by-city/garhwal-pauri-garhwal (88.2% similar)
https://www.settleloans.in/loan-settlement-by-city/sanjay-nagar-sector-2,warning,Duplication,Duplicate Content Detected,21 similar pages: https://www.settleloans.in/loan-settlement-by-city/raj-nagar-sector-2 (91.1% similar); https://www.settleloans.in/loan-settlement-by-city/sanjay-nagar-sector-1 (91.1% similar); https://www.settleloans.in/loan-settlement-by-city/sanjay-nagar-sector-3 (91.1% similar); https://www.settleloans.in/loan-settlement-by-city/sanjay-nagar-sector-4 (91.1% similar); https://www.settleloans.in/loan-settlement-by-city/sanjay-nagar-sector-5 (91.1% similar) (+16 more)
https://www.settleloans.in/loan-settlement-by-city/hanumangarh,warning,Duplication,Duplicate Content Detected,682 similar pages: https://www.settleloans.in/loan-settlement-by-city/abupur (86.1% similar); https://www.settleloans.in/loan-settlement-by-city/agartala (86.1% similar); https://www.settleloans.in/loan-settlement-by-city/agra (86.1% similar); https://www.settleloans.in/loan-settlement-by-city/ahmedabad (86.1% similar); https://www.settleloans.in/loan-settlement-by-city/aiims (86.1% similar) (+677 more)
https://www.settleloans.in/loan-settlement-by-city/karawal-nagar,warning,Duplication,Duplicate Content Detected,29 similar pages: https://www.settleloans.in/loan-settlement-by-city/adarsh-nagar (88.3% similar); https://www.settleloans.in/loan-settlement-by-city/ashok-nagar (88.3% similar); https://www.settleloans.in/loan-settlement-by-city/bharat-nagar (88.3% similar); https://www.settleloans.in/loan-settlement-by-city/chander-nagar (88.3% similar); https://www.settleloans.in/loan-settlement-by-city/gtb-nagar (88.3% similar) (+24 more)
https://www.settleloans.in/loan-settlement-by-city/noida-extension-sector-18,warning,Duplication,Duplicate Content Detected,185 similar pages: https://www.settleloans.in/loan-settlement-by-city/noida-sector-18 (95.2% similar); https://www.settleloans.in/loan-settlement-by-city/noida-extension-sector-1 (91.1% similar); https://www.settleloans.in/loan-settlement-by-city/noida-extension-sector-10 (91.1% similar); https://www.settleloans.in/loan-settlement-by-city/noida-extension-sector-12 (91.1% similar); https://www.settleloans.in/loan-settlement-by-city/noida-extension-sector-16 (91.1% similar) (+180 more)
https://www.settleloans.in/loan-settlement-by-city/patel-nagar,warning,Duplication,Duplicate Content Detected,30 similar pages: https://www.settleloans.in/loan-settlement-by-city/adarsh-nagar (88.3% similar); https://www.settleloans.in/loan-settlement-by-city/ashok-nagar (88.3% similar); https://www.settleloans.in/loan-settlement-by-city/bharat-nagar (88.3% similar); https://www.settleloans.in/loan-settlement-by-city/chander-nagar (88.3% similar); https://www.settleloans.in/loan-settlement-by-city/gtb-nagar (88.3% similar) (+25 more)
https://www.settleloans.in/loan-settlement-by-city/vasundhara-sector-8,warning,Duplication,Duplicate Content Detected,31 similar pages: https://www.settleloans.in/loan-settlement-by-city/sector-8-vasundhara (100.0% similar); https://www.settleloans.in/loan-settlement-by-city/faridabad-sector-8 (89.9% similar); https://www.settleloans.in/loan-settlement-by-city/govindpuram-sector-8 (89.9% similar); https://www.settleloans.in/loan-settlement-by-city/gurugram-sector-8 (89.9% similar); https://www.settleloans.in/loan-settlement-by-city/noida-sector-8 (89.9% similar) (+26 more)
https://www.settleloans.in/loan-settlement-by-city/indirapuram-shakti-khand-3,warning,Duplication,Duplicate Content Detected,10 similar pages: https://www.settleloans.in/loan-settlement-by-city/indirapuram-abhay-khand-3 (91.1% similar); https://www.settleloans.in/loan-settlement-by-city/indirapuram-nyay-khand-3 (91.1% similar); https://www.settleloans.in/loan-settlement-by-city/indirapuram-shakti-khand-1 (91.1% similar); https://www.settleloans.in/loan-settlement-by-city/indirapuram-shakti-khand-2 (91.1% similar); https://www.settleloans.in/loan-settlement-by-city/indirapuram-shakti-khand-4 (91.1% similar) (+5 more)
https://www.settleloans.in/loan-settlement-by-city/maharashtra,warning,Duplication,Duplicate Content Detected,682 similar pages: https://www.settleloans.in/loan-settlement-by-city/abupur (86.1% similar); https://www.settleloans.in/loan-settlement-by-city/agartala (86.1% similar); https://www.settleloans.in/loan-settlement-by-city/agra (86.1% similar); https://www.settleloans.in/loan-settlement-by-city/ahmedabad (86.1% similar); https://www.settleloans.in/loan-settlement-by-city/aiims (86.1% similar) (+677 more)
https://www.settleloans.in/loan-settlement-by-city/karauli,warning,Duplication,Duplicate Content Detected,682 similar pages: https://www.settleloans.in/loan-settlement-by-city/abupur (86.1% similar); https://www.settleloans.in/loan-settlement-by-city/agartala (86.1% similar); https://www.settleloans.in/loan-settlement-by-city/agra (86.1% similar); https://www.settleloans.in/loan-settlement-by-city/ahmedabad (86.1% similar); https://www.settleloans.in/loan-settlement-by-city/aiims (86.1% similar) (+677 more)
https://www.settleloans.in/loan-settlement-by-city/chattarpur,warning,Duplication,Duplicate Content Detected,682 similar pages: https://www.settleloans.in/loan-settlement-by-city/abupur (86.1% similar); https://www.settleloans.in/loan-settlement-by-city/agartala (86.1% similar); https://www.settleloans.in/loan-settlement-by-city/agra (86.1% similar); https://www.settleloans.in/loan-settlement-by-city/ahmedabad (86.1% similar); https://www.settleloans.in/loan-settlement-by-city/aiims (86.1% similar) (+677 more)
https://www.settleloans.in/loan-settlement-by-city/gurdaspur,warning,Duplication,Duplicate Content Detected,682 similar pages: https://www.settleloans.in/loan-settlement-by-city/abupur (86.1% similar); https://www.settleloans.in/loan-settlement-by-city/agartala (86.1% similar); https://www.settleloans.in/loan-settlement-by-city/agra (86.1% similar); https://www.settleloans.in/loan-settlement-by-city/ahmedabad (86.1% similar); https://www.settleloans.in/loan-settlement-by-city/aiims (86.1% similar) (+677 more)
https://www.settleloans.in/loan-settlement-by-city/ghevra-metro,warning,Duplication,Duplicate Content Detected,15 similar pages: https://www.settleloans.in/loan-settlement-by-city/aiims-metro (88.3% similar); https://www.settleloans.in/loan-settlement-by-city/badarpur-metro (88.3% similar); https://www.settleloans.in/loan-settlement-by-city/ito-metro (88.3% similar); https://www.settleloans.in/loan-settlement-by-city/kalyanpuri-metro (88.3% similar); https://www.settleloans.in/loan-settlement-by-city/kaushambi-metro (88.3% similar) (+10 more)
https://www.settleloans.in/loan-settlement-by-city/baksa,warning,Duplication,Duplicate Content Detected,682 similar pages: https://www.settleloans.in/loan-settlement-by-city/abupur (86.1% similar); https://www.settleloans.in/loan-settlement-by-city/agartala (86.1% similar); https://www.settleloans.in/loan-settlement-by-city/agra (86.1% similar); https://www.settleloans.in/loan-settlement-by-city/ahmedabad (86.1% similar); https://www.settleloans.in/loan-settlement-by-city/aiims (86.1% similar) (+677 more)
https://www.settleloans.in/loan-settlement-by-city/tarinkot,warning,Duplication,Duplicate Content Detected,682 similar pages: https://www.settleloans.in/loan-settlement-by-city/abupur (86.1% similar); https://www.settleloans.in/loan-settlement-by-city/agartala (86.1% similar); https://www.settleloans.in/loan-settlement-by-city/agra (86.1% similar); https://www.settleloans.in/loan-settlement-by-city/ahmedabad (86.1% similar); https://www.settleloans.in/loan-settlement-by-city/aiims (86.1% similar) (+677 more)
https://www.settleloans.in/loan-settlement-by-city/noida-sector-77,warning,Duplication,Duplicate Content Detected,183 similar pages: https://www.settleloans.in/loan-settlement-by-city/noida-sector-1 (89.9% similar); https://www.settleloans.in/loan-settlement-by-city/noida-sector-10 (89.9% similar); https://www.settleloans.in/loan-settlement-by-city/noida-sector-100 (89.9% similar); https://www.settleloans.in/loan-settlement-by-city/noida-sector-101 (89.9% similar); https://www.settleloans.in/loan-settlement-by-city/noida-sector-102 (89.9% similar) (+178 more)
https://www.settleloans.in/loan-settlement-by-city/noida-sector-153,warning,Duplication,Duplicate Content Detected,183 similar pages: https://www.settleloans.in/loan-settlement-by-city/noida-sector-1 (89.9% similar); https://www.settleloans.in/loan-settlement-by-city/noida-sector-10 (89.9% similar); https://www.settleloans.in/loan-settlement-by-city/noida-sector-100 (89.9% similar); https://www.settleloans.in/loan-settlement-by-city/noida-sector-101 (89.9% similar); https://www.settleloans.in/loan-settlement-by-city/noida-sector-102 (89.9% similar) (+178 more)
https://www.settleloans.in/loan-settlement-by-city/vasundhara,warning,Duplication,Duplicate Content Detected,708 similar pages: https://www.settleloans.in/loan-settlement-by-city/vasundhara-enclave (93.5% similar); https://www.settleloans.in/loan-settlement-by-city/sector-1-vasundhara (88.1% similar); https://www.settleloans.in/loan-settlement-by-city/sector-10-vasundhara (88.1% similar); https://www.settleloans.in/loan-settlement-by-city/sector-11-vasundhara (88.1% similar); https://www.settleloans.in/loan-settlement-by-city/sector-12-vasundhara (88.1% similar) (+703 more)
https://www.settleloans.in/loan-settlement-by-city/dhaula-kuan,warning,Duplication,Duplicate Content Detected,1 similar page: https://www.settleloans.in/loan-settlement-by-city/lal-kuan (88.3% similar)
https://www.settleloans.in/loan-settlement-by-city/longleng,warning,Duplication,Duplicate Content Detected,682 similar pages: https://www.settleloans.in/loan-settlement-by-city/abupur (86.1% similar); https://www.settleloans.in/loan-settlement-by-city/agartala (86.1% similar); https://www.settleloans.in/loan-settlement-by-city/agra (86.1% similar); https://www.settleloans.in/loan-settlement-by-city/ahmedabad (86.1% similar); https://www.settleloans.in/loan-settlement-by-city/aiims (86.1% similar) (+677 more)
https://www.settleloans.in/loan-settlement-by-city/sector-phi-1,warning,Duplication,Duplicate Content Detected,21 similar pages: https://www.settleloans.in/loan-settlement-by-city/faridabad-sector-1 (89.9% similar); https://www.settleloans.in/loan-settlement-by-city/govindpuram-sector-1 (89.9% similar); https://www.settleloans.in/loan-settlement-by-city/gurugram-sector-1 (89.9% similar); https://www.settleloans.in/loan-settlement-by-city/nehrunagar-sector-1 (89.9% similar); https://www.settleloans.in/loan-settlement-by-city/noida-sector-1 (89.9% similar) (+16 more)
https://www.settleloans.in/loan-settlement-by-city/noida-sector-105,warning,Duplication,Duplicate Content Detected,183 similar pages: https://www.settleloans.in/loan-settlement-by-city/noida-sector-1 (89.9% similar); https://www.settleloans.in/loan-settlement-by-city/noida-sector-10 (89.9% similar); https://www.settleloans.in/loan-settlement-by-city/noida-sector-100 (89.9% similar); https://www.settleloans.in/loan-settlement-by-city/noida-sector-101 (89.9% similar); https://www.settleloans.in/loan-settlement-by-city/noida-sector-102 (89.9% similar) (+178 more)
https://www.settleloans.in/loan-settlement-by-city/delhi-gate,warning,Duplication,Duplicate Content Detected,8 similar pages: https://www.settleloans.in/loan-settlement-by-city/delhi (93.5% similar); https://www.settleloans.in/loan-settlement-by-city/central-delhi (88.3% similar); https://www.settleloans.in/loan-settlement-by-city/chirag-delhi (88.3% similar); https://www.settleloans.in/loan-settlement-by-city/india-gate (88.3% similar); https://www.settleloans.in/loan-settlement-by-city/new-delhi (88.3% similar) (+3 more)
https://www.settleloans.in/loan-settlement-by-city/govindpuram-sector-5,warning,Duplication,Duplicate Content Detected,18 similar pages: https://www.settleloans.in/loan-settlement-by-city/faridabad-sector-5 (89.9% similar); https://www.settleloans.in/loan-settlement-by-city/govindpuram-sector-1 (89.9% similar); https://www.settleloans.in/loan-settlement-by-city/govindpuram-sector-2 (89.9% similar); https://www.settleloans.in/loan-settlement-by-city/govindpuram-sector-3 (89.9% similar); https://www.settleloans.in/loan-settlement-by-city/govindpuram-sector-4 (89.9% similar) (+13 more)
https://www.settleloans.in/loan-settlement-by-city/noida-sector-1,warning,Duplication,Duplicate Content Detected,211 similar pages: https://www.settleloans.in/loan-settlement-by-city/noida-extension-sector-1 (95.2% similar); https://www.settleloans.in/loan-settlement-by-city/greater-noida-sector-beta-1 (90.9% similar); https://www.settleloans.in/loan-settlement-by-city/greater-noida-sector-pi-1 (90.9% similar); https://www.settleloans.in/loan-settlement-by-city/greater-noida-sector-tau-1 (90.9% similar); https://www.settleloans.in/loan-settlement-by-city/greater-noida-sector-zeta-1 (90.9% similar) (+206 more)
https://www.settleloans.in/loan-settlement-by-city/faridabad-sector-7,warning,Duplication,Duplicate Content Detected,49 similar pages: https://www.settleloans.in/loan-settlement-by-city/faridabad-sector-1 (89.9% similar); https://www.settleloans.in/loan-settlement-by-city/faridabad-sector-10 (89.9% similar); https://www.settleloans.in/loan-settlement-by-city/faridabad-sector-11 (89.9% similar); https://www.settleloans.in/loan-settlement-by-city/faridabad-sector-12 (89.9% similar); https://www.settleloans.in/loan-settlement-by-city/faridabad-sector-13 (89.9% similar) (+44 more)
https://www.settleloans.in/loan-settlement-by-city/bokaro,warning,Duplication,Duplicate Content Detected,682 similar pages: https://www.settleloans.in/loan-settlement-by-city/abupur (86.1% similar); https://www.settleloans.in/loan-settlement-by-city/agartala (86.1% similar); https://www.settleloans.in/loan-settlement-by-city/agra (86.1% similar); https://www.settleloans.in/loan-settlement-by-city/ahmedabad (86.1% similar); https://www.settleloans.in/loan-settlement-by-city/aiims (86.1% similar) (+677 more)
https://www.settleloans.in/loan-settlement-by-city/palakkad,warning,Duplication,Duplicate Content Detected,682 similar pages: https://www.settleloans.in/loan-settlement-by-city/abupur (86.1% similar); https://www.settleloans.in/loan-settlement-by-city/agartala (86.1% similar); https://www.settleloans.in/loan-settlement-by-city/agra (86.1% similar); https://www.settleloans.in/loan-settlement-by-city/ahmedabad (86.1% similar); https://www.settleloans.in/loan-settlement-by-city/aiims (86.1% similar) (+677 more)
https://www.settleloans.in/loan-settlement-by-city/paschim-medinipur,warning,Duplication,Duplicate Content Detected,2 similar pages: https://www.settleloans.in/loan-settlement-by-city/paschim-vihar (88.3% similar); https://www.settleloans.in/loan-settlement-by-city/purba-medinipur (88.3% similar)
https://www.settleloans.in/loan-settlement-by-city/noida-sector-64,warning,Duplication,Duplicate Content Detected,184 similar pages: https://www.settleloans.in/loan-settlement-by-city/noida-sector-1 (89.9% similar); https://www.settleloans.in/loan-settlement-by-city/noida-sector-10 (89.9% similar); https://www.settleloans.in/loan-settlement-by-city/noida-sector-100 (89.9% similar); https://www.settleloans.in/loan-settlement-by-city/noida-sector-101 (89.9% similar); https://www.settleloans.in/loan-settlement-by-city/noida-sector-102 (89.9% similar) (+179 more)
https://www.settleloans.in/loan-settlement-by-city/barwani,warning,Duplication,Duplicate Content Detected,682 similar pages: https://www.settleloans.in/loan-settlement-by-city/abupur (86.1% similar); https://www.settleloans.in/loan-settlement-by-city/agartala (86.1% similar); https://www.settleloans.in/loan-settlement-by-city/agra (86.1% similar); https://www.settleloans.in/loan-settlement-by-city/ahmedabad (86.1% similar); https://www.settleloans.in/loan-settlement-by-city/aiims (86.1% similar) (+677 more)
https://www.settleloans.in/loan-settlement-by-city/chikkaballapur,warning,Duplication,Duplicate Content Detected,682 similar pages: https://www.settleloans.in/loan-settlement-by-city/abupur (86.1% similar); https://www.settleloans.in/loan-settlement-by-city/agartala (86.1% similar); https://www.settleloans.in/loan-settlement-by-city/agra (86.1% similar); https://www.settleloans.in/loan-settlement-by-city/ahmedabad (86.1% similar); https://www.settleloans.in/loan-settlement-by-city/aiims (86.1% similar) (+677 more)
https://www.settleloans.in/loan-settlement-by-city/pudukkottai,warning,Duplication,Duplicate Content Detected,682 similar pages: https://www.settleloans.in/loan-settlement-by-city/abupur (86.1% similar); https://www.settleloans.in/loan-settlement-by-city/agartala (86.1% similar); https://www.settleloans.in/loan-settlement-by-city/agra (86.1% similar); https://www.settleloans.in/loan-settlement-by-city/ahmedabad (86.1% similar); https://www.settleloans.in/loan-settlement-by-city/aiims (86.1% similar) (+677 more)
https://www.settleloans.in/loan-settlement-by-city/faridabad-sector-18,warning,Duplication,Duplicate Content Detected,45 similar pages: https://www.settleloans.in/loan-settlement-by-city/faridabad-sector-1 (89.9% similar); https://www.settleloans.in/loan-settlement-by-city/faridabad-sector-10 (89.9% similar); https://www.settleloans.in/loan-settlement-by-city/faridabad-sector-11 (89.9% similar); https://www.settleloans.in/loan-settlement-by-city/faridabad-sector-12 (89.9% similar); https://www.settleloans.in/loan-settlement-by-city/faridabad-sector-13 (89.9% similar) (+40 more)
https://www.settleloans.in/loan-settlement-by-city/west-bengal,warning,Duplication,Duplicate Content Detected,9 similar pages: https://www.settleloans.in/loan-settlement-by-city/imphal-west (88.3% similar); https://www.settleloans.in/loan-settlement-by-city/rohini-west (88.3% similar); https://www.settleloans.in/loan-settlement-by-city/west-champaran (88.3% similar); https://www.settleloans.in/loan-settlement-by-city/west-delhi (88.3% similar); https://www.settleloans.in/loan-settlement-by-city/west-godavari (88.3% similar) (+4 more)
https://www.settleloans.in/loan-settlement-by-city/greater-noida-sector-pi-2,warning,Duplication,Duplicate Content Detected,11 similar pages: https://www.settleloans.in/loan-settlement-by-city/greater-noida-sector-beta-2 (92.0% similar); https://www.settleloans.in/loan-settlement-by-city/greater-noida-sector-pi-1 (92.0% similar); https://www.settleloans.in/loan-settlement-by-city/greater-noida-sector-tau-2 (92.0% similar); https://www.settleloans.in/loan-settlement-by-city/greater-noida-sector-zeta-2 (92.0% similar); https://www.settleloans.in/loan-settlement-by-city/noida-sector-2 (90.9% similar) (+6 more)
https://www.settleloans.in/loan-settlement-by-city/darshana,warning,Duplication,Duplicate Content Detected,682 similar pages: https://www.settleloans.in/loan-settlement-by-city/abupur (86.1% similar); https://www.settleloans.in/loan-settlement-by-city/agartala (86.1% similar); https://www.settleloans.in/loan-settlement-by-city/agra (86.1% similar); https://www.settleloans.in/loan-settlement-by-city/ahmedabad (86.1% similar); https://www.settleloans.in/loan-settlement-by-city/aiims (86.1% similar) (+677 more)
https://www.settleloans.in/loan-settlement-by-city/isbt-kashmere-gate,warning,Duplication,Duplicate Content Detected,1 similar page: https://www.settleloans.in/loan-settlement-by-city/kashmere-gate-isbt (100.0% similar)
https://www.settleloans.in/loan-settlement-by-city/east-champaran,warning,Duplication,Duplicate Content Detected,7 similar pages: https://www.settleloans.in/loan-settlement-by-city/east-godavari (88.3% similar); https://www.settleloans.in/loan-settlement-by-city/east-kameng (88.3% similar); https://www.settleloans.in/loan-settlement-by-city/east-siang (88.3% similar); https://www.settleloans.in/loan-settlement-by-city/east-singhbhum (88.3% similar); https://www.settleloans.in/loan-settlement-by-city/imphal-east (88.3% similar) (+2 more)
https://www.settleloans.in/loan-settlement-by-city/noida-sector-119,warning,Duplication,Duplicate Content Detected,183 similar pages: https://www.settleloans.in/loan-settlement-by-city/noida-sector-1 (89.9% similar); https://www.settleloans.in/loan-settlement-by-city/noida-sector-10 (89.9% similar); https://www.settleloans.in/loan-settlement-by-city/noida-sector-100 (89.9% similar); https://www.settleloans.in/loan-settlement-by-city/noida-sector-101 (89.9% similar); https://www.settleloans.in/loan-settlement-by-city/noida-sector-102 (89.9% similar) (+178 more)
https://www.settleloans.in/loan-settlement-by-city/jaypee-greens,warning,Duplication,Duplicate Content Detected,1 similar page: https://www.settleloans.in/loan-settlement-by-city/ramprastha-greens (88.3% similar)
https://www.settleloans.in/loan-settlement-by-city/chamoli,warning,Duplication,Duplicate Content Detected,682 similar pages: https://www.settleloans.in/loan-settlement-by-city/abupur (86.1% similar); https://www.settleloans.in/loan-settlement-by-city/agartala (86.1% similar); https://www.settleloans.in/loan-settlement-by-city/agra (86.1% similar); https://www.settleloans.in/loan-settlement-by-city/ahmedabad (86.1% similar); https://www.settleloans.in/loan-settlement-by-city/aiims (86.1% similar) (+677 more)
https://www.settleloans.in/loan-settlement-by-city/boudh,warning,Duplication,Duplicate Content Detected,682 similar pages: https://www.settleloans.in/loan-settlement-by-city/abupur (86.1% similar); https://www.settleloans.in/loan-settlement-by-city/agartala (86.1% similar); https://www.settleloans.in/loan-settlement-by-city/agra (86.1% similar); https://www.settleloans.in/loan-settlement-by-city/ahmedabad (86.1% similar); https://www.settleloans.in/loan-settlement-by-city/aiims (86.1% similar) (+677 more)
https://www.settleloans.in/loan-settlement-by-city/noida-sector-20,warning,Duplication,Duplicate Content Detected,185 similar pages: https://www.settleloans.in/loan-settlement-by-city/noida-extension-sector-20 (95.2% similar); https://www.settleloans.in/loan-settlement-by-city/faridabad-sector-20 (89.9% similar); https://www.settleloans.in/loan-settlement-by-city/noida-sector-1 (89.9% similar); https://www.settleloans.in/loan-settlement-by-city/noida-sector-10 (89.9% similar); https://www.settleloans.in/loan-settlement-by-city/noida-sector-100 (89.9% similar) (+180 more)
https://www.settleloans.in/loan-settlement-by-city/agartala,warning,Duplication,Duplicate Content Detected,682 similar pages: https://www.settleloans.in/loan-settlement-by-city/abupur (86.1% similar); https://www.settleloans.in/loan-settlement-by-city/agra (86.1% similar); https://www.settleloans.in/loan-settlement-by-city/ahmedabad (86.1% similar); https://www.settleloans.in/loan-settlement-by-city/aiims (86.1% similar); https://www.settleloans.in/loan-settlement-by-city/aizawl (86.1% similar) (+677 more)
https://www.settleloans.in/loan-settlement-by-city/vadodara,warning,Duplication,Duplicate Content Detected,682 similar pages: https://www.settleloans.in/loan-settlement-by-city/abupur (86.1% similar); https://www.settleloans.in/loan-settlement-by-city/agartala (86.1% similar); https://www.settleloans.in/loan-settlement-by-city/agra (86.1% similar); https://www.settleloans.in/loan-settlement-by-city/ahmedabad (86.1% similar); https://www.settleloans.in/loan-settlement-by-city/aiims (86.1% similar) (+677 more)
https://www.settleloans.in/loan-settlement-by-city/hailakandi,warning,Duplication,Duplicate Content Detected,682 similar pages: https://www.settleloans.in/loan-settlement-by-city/abupur (86.1% similar); https://www.settleloans.in/loan-settlement-by-city/agartala (86.1% similar); https://www.settleloans.in/loan-settlement-by-city/agra (86.1% similar); https://www.settleloans.in/loan-settlement-by-city/ahmedabad (86.1% similar); https://www.settleloans.in/loan-settlement-by-city/aiims (86.1% similar) (+677 more)
https://www.settleloans.in/loan-settlement-by-city/noida-sector-125,warning,Duplication,Duplicate Content Detected,183 similar pages: https://www.settleloans.in/loan-settlement-by-city/noida-sector-1 (89.9% similar); https://www.settleloans.in/loan-settlement-by-city/noida-sector-10 (89.9% similar); https://www.settleloans.in/loan-settlement-by-city/noida-sector-100 (89.9% similar); https://www.settleloans.in/loan-settlement-by-city/noida-sector-101 (89.9% similar); https://www.settleloans.in/loan-settlement-by-city/noida-sector-102 (89.9% similar) (+178 more)
https://www.settleloans.in/loan-settlement-by-city/latur,warning,Duplication,Duplicate Content Detected,682 similar pages: https://www.settleloans.in/loan-settlement-by-city/abupur (86.1% similar); https://www.settleloans.in/loan-settlement-by-city/agartala (86.1% similar); https://www.settleloans.in/loan-settlement-by-city/agra (86.1% similar); https://www.settleloans.in/loan-settlement-by-city/ahmedabad (86.1% similar); https://www.settleloans.in/loan-settlement-by-city/aiims (86.1% similar) (+677 more)
https://www.settleloans.in/loan-settlement-by-city/noida-sector-3,warning,Duplication,Duplicate Content Detected,204 similar pages: https://www.settleloans.in/loan-settlement-by-city/noida-extension-sector-3 (95.2% similar); https://www.settleloans.in/loan-settlement-by-city/faridabad-sector-3 (89.9% similar); https://www.settleloans.in/loan-settlement-by-city/govindpuram-sector-3 (89.9% similar); https://www.settleloans.in/loan-settlement-by-city/gurugram-sector-3 (89.9% similar); https://www.settleloans.in/loan-settlement-by-city/nehrunagar-sector-3 (89.9% similar) (+199 more)
https://www.settleloans.in/loan-settlement-by-city/greater-noida-sector-pi-1,warning,Duplication,Duplicate Content Detected,11 similar pages: https://www.settleloans.in/loan-settlement-by-city/greater-noida-sector-beta-1 (92.0% similar); https://www.settleloans.in/loan-settlement-by-city/greater-noida-sector-pi-2 (92.0% similar); https://www.settleloans.in/loan-settlement-by-city/greater-noida-sector-tau-1 (92.0% similar); https://www.settleloans.in/loan-settlement-by-city/greater-noida-sector-zeta-1 (92.0% similar); https://www.settleloans.in/loan-settlement-by-city/noida-sector-1 (90.9% similar) (+6 more)
https://www.settleloans.in/loan-settlement-by-city/nehrunagar-sector-2,warning,Duplication,Duplicate Content Detected,22 similar pages: https://www.settleloans.in/loan-settlement-by-city/faridabad-sector-2 (89.9% similar); https://www.settleloans.in/loan-settlement-by-city/govindpuram-sector-2 (89.9% similar); https://www.settleloans.in/loan-settlement-by-city/gurugram-sector-2 (89.9% similar); https://www.settleloans.in/loan-settlement-by-city/nehrunagar-sector-1 (89.9% similar); https://www.settleloans.in/loan-settlement-by-city/nehrunagar-sector-3 (89.9% similar) (+17 more)
https://www.settleloans.in/loan-settlement-by-city/vasundhara-sector-4,warning,Duplication,Duplicate Content Detected,38 similar pages: https://www.settleloans.in/loan-settlement-by-city/sector-4-vasundhara (100.0% similar); https://www.settleloans.in/loan-settlement-by-city/faridabad-sector-4 (89.9% similar); https://www.settleloans.in/loan-settlement-by-city/govindpuram-sector-4 (89.9% similar); https://www.settleloans.in/loan-settlement-by-city/gurugram-sector-4 (89.9% similar); https://www.settleloans.in/loan-settlement-by-city/noida-sector-4 (89.9% similar) (+33 more)
https://www.settleloans.in/loan-settlement-by-city/vidisha,warning,Duplication,Duplicate Content Detected,682 similar pages: https://www.settleloans.in/loan-settlement-by-city/abupur (86.1% similar); https://www.settleloans.in/loan-settlement-by-city/agartala (86.1% similar); https://www.settleloans.in/loan-settlement-by-city/agra (86.1% similar); https://www.settleloans.in/loan-settlement-by-city/ahmedabad (86.1% similar); https://www.settleloans.in/loan-settlement-by-city/aiims (86.1% similar) (+677 more)
https://www.settleloans.in/loan-settlement-by-city/deoghar,warning,Duplication,Duplicate Content Detected,682 similar pages: https://www.settleloans.in/loan-settlement-by-city/abupur (86.1% similar); https://www.settleloans.in/loan-settlement-by-city/agartala (86.1% similar); https://www.settleloans.in/loan-settlement-by-city/agra (86.1% similar); https://www.settleloans.in/loan-settlement-by-city/ahmedabad (86.1% similar); https://www.settleloans.in/loan-settlement-by-city/aiims (86.1% similar) (+677 more)
https://www.settleloans.in/loan-settlement-by-city/chatra,warning,Duplication,Duplicate Content Detected,682 similar pages: https://www.settleloans.in/loan-settlement-by-city/abupur (86.1% similar); https://www.settleloans.in/loan-settlement-by-city/agartala (86.1% similar); https://www.settleloans.in/loan-settlement-by-city/agra (86.1% similar); https://www.settleloans.in/loan-settlement-by-city/ahmedabad (86.1% similar); https://www.settleloans.in/loan-settlement-by-city/aiims (86.1% similar) (+677 more)
https://www.settleloans.in/loan-settlement-by-city/nashik,warning,Duplication,Duplicate Content Detected,682 similar pages: https://www.settleloans.in/loan-settlement-by-city/abupur (86.1% similar); https://www.settleloans.in/loan-settlement-by-city/agartala (86.1% similar); https://www.settleloans.in/loan-settlement-by-city/agra (86.1% similar); https://www.settleloans.in/loan-settlement-by-city/ahmedabad (86.1% similar); https://www.settleloans.in/loan-settlement-by-city/aiims (86.1% similar) (+677 more)
https://www.settleloans.in/loan-settlement-by-city/kaithal,warning,Duplication,Duplicate Content Detected,682 similar pages: https://www.settleloans.in/loan-settlement-by-city/abupur (86.1% similar); https://www.settleloans.in/loan-settlement-by-city/agartala (86.1% similar); https://www.settleloans.in/loan-settlement-by-city/agra (86.1% similar); https://www.settleloans.in/loan-settlement-by-city/ahmedabad (86.1% similar); https://www.settleloans.in/loan-settlement-by-city/aiims (86.1% similar) (+677 more)
https://www.settleloans.in/loan-settlement-by-city/indira-gandhi-international-airport-t3,warning,Duplication,Duplicate Content Detected,1 similar page: https://www.settleloans.in/loan-settlement-by-city/indira-gandhi-international-airport-t1 (91.5% similar)
https://www.settleloans.in/loan-settlement-by-city/techzone-1,warning,Duplication,Duplicate Content Detected,4 similar pages: https://www.settleloans.in/loan-settlement-by-city/ecotech-1 (88.3% similar); https://www.settleloans.in/loan-settlement-by-city/techzone-2 (88.3% similar); https://www.settleloans.in/loan-settlement-by-city/techzone-iv (88.3% similar); https://www.settleloans.in/loan-settlement-by-city/techzone-v (88.3% similar)
https://www.settleloans.in/loan-settlement-by-city/kachchh,warning,Duplication,Duplicate Content Detected,682 similar pages: https://www.settleloans.in/loan-settlement-by-city/abupur (86.1% similar); https://www.settleloans.in/loan-settlement-by-city/agartala (86.1% similar); https://www.settleloans.in/loan-settlement-by-city/agra (86.1% similar); https://www.settleloans.in/loan-settlement-by-city/ahmedabad (86.1% similar); https://www.settleloans.in/loan-settlement-by-city/aiims (86.1% similar) (+677 more)
https://www.settleloans.in/loan-settlement-by-city/mahendragarh,warning,Duplication,Duplicate Content Detected,682 similar pages: https://www.settleloans.in/loan-settlement-by-city/abupur (86.1% similar); https://www.settleloans.in/loan-settlement-by-city/agartala (86.1% similar); https://www.settleloans.in/loan-settlement-by-city/agra (86.1% similar); https://www.settleloans.in/loan-settlement-by-city/ahmedabad (86.1% similar); https://www.settleloans.in/loan-settlement-by-city/aiims (86.1% similar) (+677 more)
https://www.settleloans.in/loan-settlement-by-city/tronica-city-sector-b,warning,Duplication,Duplicate Content Detected,5 similar pages: https://www.settleloans.in/loan-settlement-by-city/tronica-city-sector-a (91.1% similar); https://www.settleloans.in/loan-settlement-by-city/tronica-city-sector-c (91.1% similar); https://www.settleloans.in/loan-settlement-by-city/tronica-city-sector-d (91.1% similar); https://www.settleloans.in/loan-settlement-by-city/tronica-city-sector-e (91.1% similar); https://www.settleloans.in/loan-settlement-by-city/loni-tronica-city (85.7% similar)
https://www.settleloans.in/loan-settlement-by-city/kanker,warning,Duplication,Duplicate Content Detected,682 similar pages: https://www.settleloans.in/loan-settlement-by-city/abupur (86.1% similar); https://www.settleloans.in/loan-settlement-by-city/agartala (86.1% similar); https://www.settleloans.in/loan-settlement-by-city/agra (86.1% similar); https://www.settleloans.in/loan-settlement-by-city/ahmedabad (86.1% similar); https://www.settleloans.in/loan-settlement-by-city/aiims (86.1% similar) (+677 more)
https://www.settleloans.in/loan-settlement-by-city/noida-sector-63,warning,Duplication,Duplicate Content Detected,184 similar pages: https://www.settleloans.in/loan-settlement-by-city/noida-sector-1 (89.9% similar); https://www.settleloans.in/loan-settlement-by-city/noida-sector-10 (89.9% similar); https://www.settleloans.in/loan-settlement-by-city/noida-sector-100 (89.9% similar); https://www.settleloans.in/loan-settlement-by-city/noida-sector-101 (89.9% similar); https://www.settleloans.in/loan-settlement-by-city/noida-sector-102 (89.9% similar) (+179 more)
https://www.settleloans.in/loan-settlement-by-city/sector-theta-1,warning,Duplication,Duplicate Content Detected,22 similar pages: https://www.settleloans.in/loan-settlement-by-city/faridabad-sector-1 (89.9% similar); https://www.settleloans.in/loan-settlement-by-city/govindpuram-sector-1 (89.9% similar); https://www.settleloans.in/loan-settlement-by-city/gurugram-sector-1 (89.9% similar); https://www.settleloans.in/loan-settlement-by-city/nehrunagar-sector-1 (89.9% similar); https://www.settleloans.in/loan-settlement-by-city/noida-sector-1 (89.9% similar) (+17 more)
https://www.settleloans.in/loan-settlement-by-city/mirzapur,warning,Duplication,Duplicate Content Detected,682 similar pages: https://www.settleloans.in/loan-settlement-by-city/abupur (86.1% similar); https://www.settleloans.in/loan-settlement-by-city/agartala (86.1% similar); https://www.settleloans.in/loan-settlement-by-city/agra (86.1% similar); https://www.settleloans.in/loan-settlement-by-city/ahmedabad (86.1% similar); https://www.settleloans.in/loan-settlement-by-city/aiims (86.1% similar) (+677 more)
https://www.settleloans.in/loan-settlement-by-city/hardoi,warning,Duplication,Duplicate Content Detected,682 similar pages: https://www.settleloans.in/loan-settlement-by-city/abupur (86.1% similar); https://www.settleloans.in/loan-settlement-by-city/agartala (86.1% similar); https://www.settleloans.in/loan-settlement-by-city/agra (86.1% similar); https://www.settleloans.in/loan-settlement-by-city/ahmedabad (86.1% similar); https://www.settleloans.in/loan-settlement-by-city/aiims (86.1% similar) (+677 more)
https://www.settleloans.in/loan-settlement-by-city/vijayawada,warning,Duplication,Duplicate Content Detected,682 similar pages: https://www.settleloans.in/loan-settlement-by-city/abupur (86.1% similar); https://www.settleloans.in/loan-settlement-by-city/agartala (86.1% similar); https://www.settleloans.in/loan-settlement-by-city/agra (86.1% similar); https://www.settleloans.in/loan-settlement-by-city/ahmedabad (86.1% similar); https://www.settleloans.in/loan-settlement-by-city/aiims (86.1% similar) (+677 more)
https://www.settleloans.in/loan-settlement-by-city/khowai,warning,Duplication,Duplicate Content Detected,682 similar pages: https://www.settleloans.in/loan-settlement-by-city/abupur (86.1% similar); https://www.settleloans.in/loan-settlement-by-city/agartala (86.1% similar); https://www.settleloans.in/loan-settlement-by-city/agra (86.1% similar); https://www.settleloans.in/loan-settlement-by-city/ahmedabad (86.1% similar); https://www.settleloans.in/loan-settlement-by-city/aiims (86.1% similar) (+677 more)
https://www.settleloans.in/loan-settlement-by-city/vinod-nagar-metro,warning,Duplication,Duplicate Content Detected,3 similar pages: https://www.settleloans.in/loan-settlement-by-city/lajpat-nagar-metro (89.9% similar); https://www.settleloans.in/loan-settlement-by-city/lakshmi-nagar-metro (89.9% similar); https://www.settleloans.in/loan-settlement-by-city/subhash-nagar-metro (89.9% similar)
https://www.settleloans.in/loan-settlement-by-city/rohtak,warning,Duplication,Duplicate Content Detected,682 similar pages: https://www.settleloans.in/loan-settlement-by-city/abupur (86.1% similar); https://www.settleloans.in/loan-settlement-by-city/agartala (86.1% similar); https://www.settleloans.in/loan-settlement-by-city/agra (86.1% similar); https://www.settleloans.in/loan-settlement-by-city/ahmedabad (86.1% similar); https://www.settleloans.in/loan-settlement-by-city/aiims (86.1% similar) (+677 more)
https://www.settleloans.in/loan-settlement-by-city/niti-khand-4,warning,Duplication,Duplicate Content Detected,5 similar pages: https://www.settleloans.in/loan-settlement-by-city/gyan-khand-4 (89.9% similar); https://www.settleloans.in/loan-settlement-by-city/niti-khand-1 (89.9% similar); https://www.settleloans.in/loan-settlement-by-city/niti-khand-2 (89.9% similar); https://www.settleloans.in/loan-settlement-by-city/niti-khand-3 (89.9% similar); https://www.settleloans.in/loan-settlement-by-city/indirapuram-shakti-khand-4 (85.7% similar)
https://www.settleloans.in/loan-settlement-by-city/kota,warning,Duplication,Duplicate Content Detected,682 similar pages: https://www.settleloans.in/loan-settlement-by-city/abupur (86.1% similar); https://www.settleloans.in/loan-settlement-by-city/agartala (86.1% similar); https://www.settleloans.in/loan-settlement-by-city/agra (86.1% similar); https://www.settleloans.in/loan-settlement-by-city/ahmedabad (86.1% similar); https://www.settleloans.in/loan-settlement-by-city/aiims (86.1% similar) (+677 more)
https://www.settleloans.in/loan-settlement-by-city/dwarka-bus-depot,warning,Duplication,Duplicate Content Detected,3 similar pages: https://www.settleloans.in/loan-settlement-by-city/mehrauli-bus-depot (89.9% similar); https://www.settleloans.in/loan-settlement-by-city/vaishali-bus-depot (89.9% similar); https://www.settleloans.in/loan-settlement-by-city/laxmi-nagar-bus-depot (85.7% similar)
https://www.settleloans.in/loan-settlement-by-city/faridabad-sector-19,warning,Duplication,Duplicate Content Detected,41 similar pages: https://www.settleloans.in/loan-settlement-by-city/faridabad-sector-1 (89.9% similar); https://www.settleloans.in/loan-settlement-by-city/faridabad-sector-10 (89.9% similar); https://www.settleloans.in/loan-settlement-by-city/faridabad-sector-11 (89.9% similar); https://www.settleloans.in/loan-settlement-by-city/faridabad-sector-12 (89.9% similar); https://www.settleloans.in/loan-settlement-by-city/faridabad-sector-13 (89.9% similar) (+36 more)
https://www.settleloans.in/loan-settlement-by-city/chirag-delhi,warning,Duplication,Duplicate Content Detected,7 similar pages: https://www.settleloans.in/loan-settlement-by-city/delhi (93.5% similar); https://www.settleloans.in/loan-settlement-by-city/central-delhi (88.3% similar); https://www.settleloans.in/loan-settlement-by-city/delhi-gate (88.3% similar); https://www.settleloans.in/loan-settlement-by-city/new-delhi (88.3% similar); https://www.settleloans.in/loan-settlement-by-city/north-delhi (88.3% similar) (+2 more)
https://www.settleloans.in/loan-settlement-by-city/pathankot,warning,Duplication,Duplicate Content Detected,682 similar pages: https://www.settleloans.in/loan-settlement-by-city/abupur (86.1% similar); https://www.settleloans.in/loan-settlement-by-city/agartala (86.1% similar); https://www.settleloans.in/loan-settlement-by-city/agra (86.1% similar); https://www.settleloans.in/loan-settlement-by-city/ahmedabad (86.1% similar); https://www.settleloans.in/loan-settlement-by-city/aiims (86.1% similar) (+677 more)
https://www.settleloans.in/loan-settlement-by-city/kasna,warning,Duplication,Duplicate Content Detected,682 similar pages: https://www.settleloans.in/loan-settlement-by-city/abupur (86.1% similar); https://www.settleloans.in/loan-settlement-by-city/agartala (86.1% similar); https://www.settleloans.in/loan-settlement-by-city/agra (86.1% similar); https://www.settleloans.in/loan-settlement-by-city/ahmedabad (86.1% similar); https://www.settleloans.in/loan-settlement-by-city/aiims (86.1% similar) (+677 more)
https://www.settleloans.in/loan-settlement-by-city/nehrunagar-sector-1,warning,Duplication,Duplicate Content Detected,22 similar pages: https://www.settleloans.in/loan-settlement-by-city/faridabad-sector-1 (89.9% similar); https://www.settleloans.in/loan-settlement-by-city/govindpuram-sector-1 (89.9% similar); https://www.settleloans.in/loan-settlement-by-city/gurugram-sector-1 (89.9% similar); https://www.settleloans.in/loan-settlement-by-city/nehrunagar-sector-2 (89.9% similar); https://www.settleloans.in/loan-settlement-by-city/nehrunagar-sector-3 (89.9% similar) (+17 more)
https://www.settleloans.in/loan-settlement-by-city/noida-sector-91,warning,Duplication,Duplicate Content Detected,183 similar pages: https://www.settleloans.in/loan-settlement-by-city/noida-sector-1 (89.9% similar); https://www.settleloans.in/loan-settlement-by-city/noida-sector-10 (89.9% similar); https://www.settleloans.in/loan-settlement-by-city/noida-sector-100 (89.9% similar); https://www.settleloans.in/loan-settlement-by-city/noida-sector-101 (89.9% similar); https://www.settleloans.in/loan-settlement-by-city/noida-sector-102 (89.9% similar) (+178 more)
https://www.settleloans.in/loan-settlement-by-city/reasi,warning,Duplication,Duplicate Content Detected,682 similar pages: https://www.settleloans.in/loan-settlement-by-city/abupur (86.1% similar); https://www.settleloans.in/loan-settlement-by-city/agartala (86.1% similar); https://www.settleloans.in/loan-settlement-by-city/agra (86.1% similar); https://www.settleloans.in/loan-settlement-by-city/ahmedabad (86.1% similar); https://www.settleloans.in/loan-settlement-by-city/aiims (86.1% similar) (+677 more)
https://www.settleloans.in/loan-settlement-by-city/parbhani,warning,Duplication,Duplicate Content Detected,682 similar pages: https://www.settleloans.in/loan-settlement-by-city/abupur (86.1% similar); https://www.settleloans.in/loan-settlement-by-city/agartala (86.1% similar); https://www.settleloans.in/loan-settlement-by-city/agra (86.1% similar); https://www.settleloans.in/loan-settlement-by-city/ahmedabad (86.1% similar); https://www.settleloans.in/loan-settlement-by-city/aiims (86.1% similar) (+677 more)
https://www.settleloans.in/loan-settlement-by-city/manipur,warning,Duplication,Duplicate Content Detected,682 similar pages: https://www.settleloans.in/loan-settlement-by-city/abupur (86.1% similar); https://www.settleloans.in/loan-settlement-by-city/agartala (86.1% similar); https://www.settleloans.in/loan-settlement-by-city/agra (86.1% similar); https://www.settleloans.in/loan-settlement-by-city/ahmedabad (86.1% similar); https://www.settleloans.in/loan-settlement-by-city/aiims (86.1% similar) (+677 more)
https://www.settleloans.in/loan-settlement-by-city/pratap-vihar-sector-3,warning,Duplication,Duplicate Content Detected,18 similar pages: https://www.settleloans.in/loan-settlement-by-city/pratap-vihar-sector-1 (91.1% similar); https://www.settleloans.in/loan-settlement-by-city/pratap-vihar-sector-2 (91.1% similar); https://www.settleloans.in/loan-settlement-by-city/siddharth-vihar-sector-3 (91.1% similar); https://www.settleloans.in/loan-settlement-by-city/pratap-vihar (89.7% similar); https://www.settleloans.in/loan-settlement-by-city/faridabad-sector-3 (85.7% similar) (+13 more)
https://www.settleloans.in/loan-settlement-by-city/koderma,warning,Duplication,Duplicate Content Detected,682 similar pages: https://www.settleloans.in/loan-settlement-by-city/abupur (86.1% similar); https://www.settleloans.in/loan-settlement-by-city/agartala (86.1% similar); https://www.settleloans.in/loan-settlement-by-city/agra (86.1% similar); https://www.settleloans.in/loan-settlement-by-city/ahmedabad (86.1% similar); https://www.settleloans.in/loan-settlement-by-city/aiims (86.1% similar) (+677 more)
https://www.settleloans.in/loan-settlement-by-city/noida-extension-sector-30,warning,Duplication,Duplicate Content Detected,184 similar pages: https://www.settleloans.in/loan-settlement-by-city/noida-sector-30 (95.2% similar); https://www.settleloans.in/loan-settlement-by-city/noida-extension-sector-1 (91.1% similar); https://www.settleloans.in/loan-settlement-by-city/noida-extension-sector-10 (91.1% similar); https://www.settleloans.in/loan-settlement-by-city/noida-extension-sector-12 (91.1% similar); https://www.settleloans.in/loan-settlement-by-city/noida-extension-sector-16 (91.1% similar) (+179 more)
https://www.settleloans.in/loan-settlement-by-city/north-delhi,warning,Duplication,Duplicate Content Detected,12 similar pages: https://www.settleloans.in/loan-settlement-by-city/north-east-delhi (94.5% similar); https://www.settleloans.in/loan-settlement-by-city/north-west-delhi (94.5% similar); https://www.settleloans.in/loan-settlement-by-city/delhi (93.5% similar); https://www.settleloans.in/loan-settlement-by-city/central-delhi (88.3% similar); https://www.settleloans.in/loan-settlement-by-city/chirag-delhi (88.3% similar) (+7 more)
https://www.settleloans.in/loan-settlement-by-city/palwal,warning,Duplication,Duplicate Content Detected,683 similar pages: https://www.settleloans.in/loan-settlement-by-city/palwal-haryana (93.5% similar); https://www.settleloans.in/loan-settlement-by-city/abupur (86.1% similar); https://www.settleloans.in/loan-settlement-by-city/agartala (86.1% similar); https://www.settleloans.in/loan-settlement-by-city/agra (86.1% similar); https://www.settleloans.in/loan-settlement-by-city/ahmedabad (86.1% similar) (+678 more)
https://www.settleloans.in/loan-settlement-by-city/raichur,warning,Duplication,Duplicate Content Detected,682 similar pages: https://www.settleloans.in/loan-settlement-by-city/abupur (86.1% similar); https://www.settleloans.in/loan-settlement-by-city/agartala (86.1% similar); https://www.settleloans.in/loan-settlement-by-city/agra (86.1% similar); https://www.settleloans.in/loan-settlement-by-city/ahmedabad (86.1% similar); https://www.settleloans.in/loan-settlement-by-city/aiims (86.1% similar) (+677 more)
https://www.settleloans.in/loan-settlement-by-city/jashpur,warning,Duplication,Duplicate Content Detected,682 similar pages: https://www.settleloans.in/loan-settlement-by-city/abupur (86.1% similar); https://www.settleloans.in/loan-settlement-by-city/agartala (86.1% similar); https://www.settleloans.in/loan-settlement-by-city/agra (86.1% similar); https://www.settleloans.in/loan-settlement-by-city/ahmedabad (86.1% similar); https://www.settleloans.in/loan-settlement-by-city/aiims (86.1% similar) (+677 more)
https://www.settleloans.in/loan-settlement-by-city/shahdol,warning,Duplication,Duplicate Content Detected,682 similar pages: https://www.settleloans.in/loan-settlement-by-city/abupur (86.1% similar); https://www.settleloans.in/loan-settlement-by-city/agartala (86.1% similar); https://www.settleloans.in/loan-settlement-by-city/agra (86.1% similar); https://www.settleloans.in/loan-settlement-by-city/ahmedabad (86.1% similar); https://www.settleloans.in/loan-settlement-by-city/aiims (86.1% similar) (+677 more)
https://www.settleloans.in/loan-settlement-by-city/pauri-garhwal,warning,Duplication,Duplicate Content Detected,2 similar pages: https://www.settleloans.in/loan-settlement-by-city/garhwal-pauri-garhwal (99.9% similar); https://www.settleloans.in/loan-settlement-by-city/tehri-garhwal (88.3% similar)
https://www.settleloans.in/loan-settlement-by-city/noida-sector-70,warning,Duplication,Duplicate Content Detected,183 similar pages: https://www.settleloans.in/loan-settlement-by-city/noida-sector-1 (89.9% similar); https://www.settleloans.in/loan-settlement-by-city/noida-sector-10 (89.9% similar); https://www.settleloans.in/loan-settlement-by-city/noida-sector-100 (89.9% similar); https://www.settleloans.in/loan-settlement-by-city/noida-sector-101 (89.9% similar); https://www.settleloans.in/loan-settlement-by-city/noida-sector-102 (89.9% similar) (+178 more)
https://www.settleloans.in/loan-settlement-by-city/noida-sector-88,warning,Duplication,Duplicate Content Detected,183 similar pages: https://www.settleloans.in/loan-settlement-by-city/noida-sector-1 (89.9% similar); https://www.settleloans.in/loan-settlement-by-city/noida-sector-10 (89.9% similar); https://www.settleloans.in/loan-settlement-by-city/noida-sector-100 (89.9% similar); https://www.settleloans.in/loan-settlement-by-city/noida-sector-101 (89.9% similar); https://www.settleloans.in/loan-settlement-by-city/noida-sector-102 (89.9% similar) (+178 more)
https://www.settleloans.in/loan-settlement-by-city/siddharth-vihar-sector-3,warning,Duplication,Duplicate Content Detected,19 similar pages: https://www.settleloans.in/loan-settlement-by-city/pratap-vihar-sector-3 (91.1% similar); https://www.settleloans.in/loan-settlement-by-city/siddharth-vihar-sector-1 (91.1% similar); https://www.settleloans.in/loan-settlement-by-city/siddharth-vihar-sector-2 (91.1% similar); https://www.settleloans.in/loan-settlement-by-city/siddharth-vihar-sector-4 (91.1% similar); https://www.settleloans.in/loan-settlement-by-city/siddharth-vihar (89.7% similar) (+14 more)
https://www.settleloans.in/loan-settlement-by-city/paschim-vihar-west,warning,Duplication,Duplicate Content Detected,2 similar pages: https://www.settleloans.in/loan-settlement-by-city/paschim-vihar (94.5% similar); https://www.settleloans.in/loan-settlement-by-city/paschim-vihar-east (89.9% similar)
https://www.settleloans.in/loan-settlement-by-city/noida-sector-156,warning,Duplication,Duplicate Content Detected,183 similar pages: https://www.settleloans.in/loan-settlement-by-city/noida-sector-1 (89.9% similar); https://www.settleloans.in/loan-settlement-by-city/noida-sector-10 (89.9% similar); https://www.settleloans.in/loan-settlement-by-city/noida-sector-100 (89.9% similar); https://www.settleloans.in/loan-settlement-by-city/noida-sector-101 (89.9% similar); https://www.settleloans.in/loan-settlement-by-city/noida-sector-102 (89.9% similar) (+178 more)
https://www.settleloans.in/loan-settlement-by-city/noida-sector-98,warning,Duplication,Duplicate Content Detected,183 similar pages: https://www.settleloans.in/loan-settlement-by-city/noida-sector-1 (89.9% similar); https://www.settleloans.in/loan-settlement-by-city/noida-sector-10 (89.9% similar); https://www.settleloans.in/loan-settlement-by-city/noida-sector-100 (89.9% similar); https://www.settleloans.in/loan-settlement-by-city/noida-sector-101 (89.9% similar); https://www.settleloans.in/loan-settlement-by-city/noida-sector-102 (89.9% similar) (+178 more)
https://www.settleloans.in/loan-settlement-by-city/banda,warning,Duplication,Duplicate Content Detected,682 similar pages: https://www.settleloans.in/loan-settlement-by-city/abupur (86.1% similar); https://www.settleloans.in/loan-settlement-by-city/agartala (86.1% similar); https://www.settleloans.in/loan-settlement-by-city/agra (86.1% similar); https://www.settleloans.in/loan-settlement-by-city/ahmedabad (86.1% similar); https://www.settleloans.in/loan-settlement-by-city/aiims (86.1% similar) (+677 more)
https://www.settleloans.in/loan-settlement-by-city/ecotech-1,warning,Duplication,Duplicate Content Detected,8 similar pages: https://www.settleloans.in/loan-settlement-by-city/ecotech-2 (88.3% similar); https://www.settleloans.in/loan-settlement-by-city/ecotech-3 (88.3% similar); https://www.settleloans.in/loan-settlement-by-city/ecotech-4 (88.3% similar); https://www.settleloans.in/loan-settlement-by-city/ecotech-5 (88.3% similar); https://www.settleloans.in/loan-settlement-by-city/ecotech-6 (88.3% similar) (+3 more)
https://www.settleloans.in/loan-settlement-by-city/sector-mu-1,warning,Duplication,Duplicate Content Detected,21 similar pages: https://www.settleloans.in/loan-settlement-by-city/faridabad-sector-1 (89.9% similar); https://www.settleloans.in/loan-settlement-by-city/govindpuram-sector-1 (89.9% similar); https://www.settleloans.in/loan-settlement-by-city/gurugram-sector-1 (89.9% similar); https://www.settleloans.in/loan-settlement-by-city/nehrunagar-sector-1 (89.9% similar); https://www.settleloans.in/loan-settlement-by-city/noida-sector-1 (89.9% similar) (+16 more)
https://www.settleloans.in/loan-settlement-by-city/thane,warning,Duplication,Duplicate Content Detected,682 similar pages: https://www.settleloans.in/loan-settlement-by-city/abupur (86.1% similar); https://www.settleloans.in/loan-settlement-by-city/agartala (86.1% similar); https://www.settleloans.in/loan-settlement-by-city/agra (86.1% similar); https://www.settleloans.in/loan-settlement-by-city/ahmedabad (86.1% similar); https://www.settleloans.in/loan-settlement-by-city/aiims (86.1% similar) (+677 more)
https://www.settleloans.in/loan-settlement-by-city/mandya,warning,Duplication,Duplicate Content Detected,682 similar pages: https://www.settleloans.in/loan-settlement-by-city/abupur (86.1% similar); https://www.settleloans.in/loan-settlement-by-city/agartala (86.1% similar); https://www.settleloans.in/loan-settlement-by-city/agra (86.1% similar); https://www.settleloans.in/loan-settlement-by-city/ahmedabad (86.1% similar); https://www.settleloans.in/loan-settlement-by-city/aiims (86.1% similar) (+677 more)
https://www.settleloans.in/loan-settlement-by-city/noida-sector-150,warning,Duplication,Duplicate Content Detected,183 similar pages: https://www.settleloans.in/loan-settlement-by-city/noida-sector-1 (89.9% similar); https://www.settleloans.in/loan-settlement-by-city/noida-sector-10 (89.9% similar); https://www.settleloans.in/loan-settlement-by-city/noida-sector-100 (89.9% similar); https://www.settleloans.in/loan-settlement-by-city/noida-sector-101 (89.9% similar); https://www.settleloans.in/loan-settlement-by-city/noida-sector-102 (89.9% similar) (+178 more)
https://www.settleloans.in/loan-settlement-by-city/rajendra-nagar-extension,warning,Duplication,Duplicate Content Detected,2 similar pages: https://www.settleloans.in/loan-settlement-by-city/rajendra-nagar (94.5% similar); https://www.settleloans.in/loan-settlement-by-city/raj-nagar-extension (89.9% similar)
https://www.settleloans.in/loan-settlement-by-city/khunti,warning,Duplication,Duplicate Content Detected,682 similar pages: https://www.settleloans.in/loan-settlement-by-city/abupur (86.1% similar); https://www.settleloans.in/loan-settlement-by-city/agartala (86.1% similar); https://www.settleloans.in/loan-settlement-by-city/agra (86.1% similar); https://www.settleloans.in/loan-settlement-by-city/ahmedabad (86.1% similar); https://www.settleloans.in/loan-settlement-by-city/aiims (86.1% similar) (+677 more)
https://www.settleloans.in/loan-settlement-by-city/govindpuri,warning,Duplication,Duplicate Content Detected,682 similar pages: https://www.settleloans.in/loan-settlement-by-city/abupur (86.1% similar); https://www.settleloans.in/loan-settlement-by-city/agartala (86.1% similar); https://www.settleloans.in/loan-settlement-by-city/agra (86.1% similar); https://www.settleloans.in/loan-settlement-by-city/ahmedabad (86.1% similar); https://www.settleloans.in/loan-settlement-by-city/aiims (86.1% similar) (+677 more)
https://www.settleloans.in/loan-settlement-by-city/indraprastha,warning,Duplication,Duplicate Content Detected,683 similar pages: https://www.settleloans.in/loan-settlement-by-city/indraprastha-park (93.5% similar); https://www.settleloans.in/loan-settlement-by-city/abupur (86.1% similar); https://www.settleloans.in/loan-settlement-by-city/agartala (86.1% similar); https://www.settleloans.in/loan-settlement-by-city/agra (86.1% similar); https://www.settleloans.in/loan-settlement-by-city/ahmedabad (86.1% similar) (+678 more)
https://www.settleloans.in/loan-settlement-by-city/bidar,warning,Duplication,Duplicate Content Detected,682 similar pages: https://www.settleloans.in/loan-settlement-by-city/abupur (86.1% similar); https://www.settleloans.in/loan-settlement-by-city/agartala (86.1% similar); https://www.settleloans.in/loan-settlement-by-city/agra (86.1% similar); https://www.settleloans.in/loan-settlement-by-city/ahmedabad (86.1% similar); https://www.settleloans.in/loan-settlement-by-city/aiims (86.1% similar) (+677 more)
https://www.settleloans.in/loan-settlement-by-city/gurugram-sector-15,warning,Duplication,Duplicate Content Detected,51 similar pages: https://www.settleloans.in/loan-settlement-by-city/gurugram-sector-15-part-2 (90.9% similar); https://www.settleloans.in/loan-settlement-by-city/faridabad-sector-15 (89.9% similar); https://www.settleloans.in/loan-settlement-by-city/gurugram-sector-1 (89.9% similar); https://www.settleloans.in/loan-settlement-by-city/gurugram-sector-10 (89.9% similar); https://www.settleloans.in/loan-settlement-by-city/gurugram-sector-10a (89.9% similar) (+46 more)
https://www.settleloans.in/loan-settlement-by-city/west-khasi-hills,warning,Duplication,Duplicate Content Detected,3 similar pages: https://www.settleloans.in/loan-settlement-by-city/east-khasi-hills (89.9% similar); https://www.settleloans.in/loan-settlement-by-city/west-garo-hills (89.9% similar); https://www.settleloans.in/loan-settlement-by-city/west-jaintia-hills (89.9% similar)
https://www.settleloans.in/loan-settlement-by-city/hari-nagar,warning,Duplication,Duplicate Content Detected,29 similar pages: https://www.settleloans.in/loan-settlement-by-city/adarsh-nagar (88.3% similar); https://www.settleloans.in/loan-settlement-by-city/ashok-nagar (88.3% similar); https://www.settleloans.in/loan-settlement-by-city/bharat-nagar (88.3% similar); https://www.settleloans.in/loan-settlement-by-city/chander-nagar (88.3% similar); https://www.settleloans.in/loan-settlement-by-city/gtb-nagar (88.3% similar) (+24 more)
https://www.settleloans.in/loan-settlement-by-city/agra,warning,Duplication,Duplicate Content Detected,682 similar pages: https://www.settleloans.in/loan-settlement-by-city/abupur (86.1% similar); https://www.settleloans.in/loan-settlement-by-city/agartala (86.1% similar); https://www.settleloans.in/loan-settlement-by-city/ahmedabad (86.1% similar); https://www.settleloans.in/loan-settlement-by-city/aiims (86.1% similar); https://www.settleloans.in/loan-settlement-by-city/aizawl (86.1% similar) (+677 more)
https://www.settleloans.in/loan-settlement-by-city/moti-nagar-depot,warning,Duplication,Duplicate Content Detected,2 similar pages: https://www.settleloans.in/loan-settlement-by-city/moti-nagar (94.5% similar); https://www.settleloans.in/loan-settlement-by-city/laxmi-nagar-bus-depot (85.7% similar)
https://www.settleloans.in/loan-settlement-by-city/nizamabad,warning,Duplication,Duplicate Content Detected,682 similar pages: https://www.settleloans.in/loan-settlement-by-city/abupur (86.1% similar); https://www.settleloans.in/loan-settlement-by-city/agartala (86.1% similar); https://www.settleloans.in/loan-settlement-by-city/agra (86.1% similar); https://www.settleloans.in/loan-settlement-by-city/ahmedabad (86.1% similar); https://www.settleloans.in/loan-settlement-by-city/aiims (86.1% similar) (+677 more)
https://www.settleloans.in/loan-settlement-by-city/india-gate,warning,Duplication,Duplicate Content Detected,1 similar page: https://www.settleloans.in/loan-settlement-by-city/delhi-gate (88.3% similar)
https://www.settleloans.in/loan-settlement-by-city/kerala,warning,Duplication,Duplicate Content Detected,682 similar pages: https://www.settleloans.in/loan-settlement-by-city/abupur (86.1% similar); https://www.settleloans.in/loan-settlement-by-city/agartala (86.1% similar); https://www.settleloans.in/loan-settlement-by-city/agra (86.1% similar); https://www.settleloans.in/loan-settlement-by-city/ahmedabad (86.1% similar); https://www.settleloans.in/loan-settlement-by-city/aiims (86.1% similar) (+677 more)
https://www.settleloans.in/loan-settlement-by-city/noida-sector-109,warning,Duplication,Duplicate Content Detected,183 similar pages: https://www.settleloans.in/loan-settlement-by-city/noida-sector-1 (89.9% similar); https://www.settleloans.in/loan-settlement-by-city/noida-sector-10 (89.9% similar); https://www.settleloans.in/loan-settlement-by-city/noida-sector-100 (89.9% similar); https://www.settleloans.in/loan-settlement-by-city/noida-sector-101 (89.9% similar); https://www.settleloans.in/loan-settlement-by-city/noida-sector-102 (89.9% similar) (+178 more)
https://www.settleloans.in/loan-settlement-by-city/narmada,warning,Duplication,Duplicate Content Detected,682 similar pages: https://www.settleloans.in/loan-settlement-by-city/abupur (86.1% similar); https://www.settleloans.in/loan-settlement-by-city/agartala (86.1% similar); https://www.settleloans.in/loan-settlement-by-city/agra (86.1% similar); https://www.settleloans.in/loan-settlement-by-city/ahmedabad (86.1% similar); https://www.settleloans.in/loan-settlement-by-city/aiims (86.1% similar) (+677 more)
https://www.settleloans.in/loan-settlement-by-city/raj-nagar-extension-nh-58,warning,Duplication,Duplicate Content Detected,2 similar pages: https://www.settleloans.in/loan-settlement-by-city/raj-nagar-extension (90.9% similar); https://www.settleloans.in/loan-settlement-by-city/raj-nagar (85.5% similar)
https://www.settleloans.in/loan-settlement-by-city/joypurhat,warning,Duplication,Duplicate Content Detected,682 similar pages: https://www.settleloans.in/loan-settlement-by-city/abupur (86.1% similar); https://www.settleloans.in/loan-settlement-by-city/agartala (86.1% similar); https://www.settleloans.in/loan-settlement-by-city/agra (86.1% similar); https://www.settleloans.in/loan-settlement-by-city/ahmedabad (86.1% similar); https://www.settleloans.in/loan-settlement-by-city/aiims (86.1% similar) (+677 more)
https://www.settleloans.in/loan-settlement-by-city/crossings-republic-amrapali,warning,Duplication,Duplicate Content Detected,2 similar pages: https://www.settleloans.in/loan-settlement-by-city/crossings-republic-flora (89.9% similar); https://www.settleloans.in/loan-settlement-by-city/crossings-republic-supertech (86.8% similar)
https://www.settleloans.in/loan-settlement-by-city/azamgarh,warning,Duplication,Duplicate Content Detected,682 similar pages: https://www.settleloans.in/loan-settlement-by-city/abupur (86.1% similar); https://www.settleloans.in/loan-settlement-by-city/agartala (86.1% similar); https://www.settleloans.in/loan-settlement-by-city/agra (86.1% similar); https://www.settleloans.in/loan-settlement-by-city/ahmedabad (86.1% similar); https://www.settleloans.in/loan-settlement-by-city/aiims (86.1% similar) (+677 more)
https://www.settleloans.in/loan-settlement-by-city/pilibhit,warning,Duplication,Duplicate Content Detected,682 similar pages: https://www.settleloans.in/loan-settlement-by-city/abupur (86.1% similar); https://www.settleloans.in/loan-settlement-by-city/agartala (86.1% similar); https://www.settleloans.in/loan-settlement-by-city/agra (86.1% similar); https://www.settleloans.in/loan-settlement-by-city/ahmedabad (86.1% similar); https://www.settleloans.in/loan-settlement-by-city/aiims (86.1% similar) (+677 more)
https://www.settleloans.in/loan-settlement-by-city/pakur,warning,Duplication,Duplicate Content Detected,682 similar pages: https://www.settleloans.in/loan-settlement-by-city/abupur (86.1% similar); https://www.settleloans.in/loan-settlement-by-city/agartala (86.1% similar); https://www.settleloans.in/loan-settlement-by-city/agra (86.1% similar); https://www.settleloans.in/loan-settlement-by-city/ahmedabad (86.1% similar); https://www.settleloans.in/loan-settlement-by-city/aiims (86.1% similar) (+677 more)
https://www.settleloans.in/loan-settlement-by-city/bongaigaon,warning,Duplication,Duplicate Content Detected,682 similar pages: https://www.settleloans.in/loan-settlement-by-city/abupur (86.1% similar); https://www.settleloans.in/loan-settlement-by-city/agartala (86.1% similar); https://www.settleloans.in/loan-settlement-by-city/agra (86.1% similar); https://www.settleloans.in/loan-settlement-by-city/ahmedabad (86.1% similar); https://www.settleloans.in/loan-settlement-by-city/aiims (86.1% similar) (+677 more)
https://www.settleloans.in/loan-settlement-by-city/guna,warning,Duplication,Duplicate Content Detected,682 similar pages: https://www.settleloans.in/loan-settlement-by-city/abupur (86.1% similar); https://www.settleloans.in/loan-settlement-by-city/agartala (86.1% similar); https://www.settleloans.in/loan-settlement-by-city/agra (86.1% similar); https://www.settleloans.in/loan-settlement-by-city/ahmedabad (86.1% similar); https://www.settleloans.in/loan-settlement-by-city/aiims (86.1% similar) (+677 more)
https://www.settleloans.in/loan-settlement-by-city/ashok-nagar,warning,Duplication,Duplicate Content Detected,30 similar pages: https://www.settleloans.in/loan-settlement-by-city/adarsh-nagar (88.3% similar); https://www.settleloans.in/loan-settlement-by-city/ashok-vihar (88.3% similar); https://www.settleloans.in/loan-settlement-by-city/bharat-nagar (88.3% similar); https://www.settleloans.in/loan-settlement-by-city/chander-nagar (88.3% similar); https://www.settleloans.in/loan-settlement-by-city/gtb-nagar (88.3% similar) (+25 more)
https://www.settleloans.in/loan-settlement-by-city/vasundhara-enclave,warning,Duplication,Duplicate Content Detected,2 similar pages: https://www.settleloans.in/loan-settlement-by-city/vasundhara (93.5% similar); https://www.settleloans.in/loan-settlement-by-city/nehru-enclave (88.3% similar)
https://www.settleloans.in/loan-settlement-by-city/hassan,warning,Duplication,Duplicate Content Detected,682 similar pages: https://www.settleloans.in/loan-settlement-by-city/abupur (86.1% similar); https://www.settleloans.in/loan-settlement-by-city/agartala (86.1% similar); https://www.settleloans.in/loan-settlement-by-city/agra (86.1% similar); https://www.settleloans.in/loan-settlement-by-city/ahmedabad (86.1% similar); https://www.settleloans.in/loan-settlement-by-city/aiims (86.1% similar) (+677 more)
https://www.settleloans.in/loan-settlement-by-city/west-delhi,warning,Duplication,Duplicate Content Detected,18 similar pages: https://www.settleloans.in/loan-settlement-by-city/north-west-delhi (94.5% similar); https://www.settleloans.in/loan-settlement-by-city/south-west-delhi (94.5% similar); https://www.settleloans.in/loan-settlement-by-city/delhi (93.5% similar); https://www.settleloans.in/loan-settlement-by-city/central-delhi (88.3% similar); https://www.settleloans.in/loan-settlement-by-city/chirag-delhi (88.3% similar) (+13 more)
https://www.settleloans.in/loan-settlement-by-city/busselton,warning,Duplication,Duplicate Content Detected,682 similar pages: https://www.settleloans.in/loan-settlement-by-city/abupur (86.1% similar); https://www.settleloans.in/loan-settlement-by-city/agartala (86.1% similar); https://www.settleloans.in/loan-settlement-by-city/agra (86.1% similar); https://www.settleloans.in/loan-settlement-by-city/ahmedabad (86.1% similar); https://www.settleloans.in/loan-settlement-by-city/aiims (86.1% similar) (+677 more)
https://www.settleloans.in/loan-settlement-by-city/noida-sector-152,warning,Duplication,Duplicate Content Detected,183 similar pages: https://www.settleloans.in/loan-settlement-by-city/noida-sector-1 (89.9% similar); https://www.settleloans.in/loan-settlement-by-city/noida-sector-10 (89.9% similar); https://www.settleloans.in/loan-settlement-by-city/noida-sector-100 (89.9% similar); https://www.settleloans.in/loan-settlement-by-city/noida-sector-101 (89.9% similar); https://www.settleloans.in/loan-settlement-by-city/noida-sector-102 (89.9% similar) (+178 more)
https://www.settleloans.in/loan-settlement-by-city/gumla,warning,Duplication,Duplicate Content Detected,682 similar pages: https://www.settleloans.in/loan-settlement-by-city/abupur (86.1% similar); https://www.settleloans.in/loan-settlement-by-city/agartala (86.1% similar); https://www.settleloans.in/loan-settlement-by-city/agra (86.1% similar); https://www.settleloans.in/loan-settlement-by-city/ahmedabad (86.1% similar); https://www.settleloans.in/loan-settlement-by-city/aiims (86.1% similar) (+677 more)
https://www.settleloans.in/loan-settlement-by-city/sector-omicron-3a,warning,Duplication,Duplicate Content Detected,3 similar pages: https://www.settleloans.in/loan-settlement-by-city/sector-omicron-1a (89.9% similar); https://www.settleloans.in/loan-settlement-by-city/sector-omicron-2a (89.9% similar); https://www.settleloans.in/loan-settlement-by-city/sector-omicron-4 (89.9% similar)
https://www.settleloans.in/loan-settlement-by-city/barpeta,warning,Duplication,Duplicate Content Detected,682 similar pages: https://www.settleloans.in/loan-settlement-by-city/abupur (86.1% similar); https://www.settleloans.in/loan-settlement-by-city/agartala (86.1% similar); https://www.settleloans.in/loan-settlement-by-city/agra (86.1% similar); https://www.settleloans.in/loan-settlement-by-city/ahmedabad (86.1% similar); https://www.settleloans.in/loan-settlement-by-city/aiims (86.1% similar) (+677 more)
https://www.settleloans.in/loan-settlement-by-city/indirapuram-nyay-khand-2,warning,Duplication,Duplicate Content Detected,11 similar pages: https://www.settleloans.in/loan-settlement-by-city/nyay-khand-2 (95.2% similar); https://www.settleloans.in/loan-settlement-by-city/indirapuram-abhay-khand-2 (91.1% similar); https://www.settleloans.in/loan-settlement-by-city/indirapuram-nyay-khand-1 (91.1% similar); https://www.settleloans.in/loan-settlement-by-city/indirapuram-nyay-khand-3 (91.1% similar); https://www.settleloans.in/loan-settlement-by-city/indirapuram-shakti-khand-2 (91.1% similar) (+6 more)
https://www.settleloans.in/loan-settlement-by-city/mau,warning,Duplication,Duplicate Content Detected,682 similar pages: https://www.settleloans.in/loan-settlement-by-city/abupur (86.1% similar); https://www.settleloans.in/loan-settlement-by-city/agartala (86.1% similar); https://www.settleloans.in/loan-settlement-by-city/agra (86.1% similar); https://www.settleloans.in/loan-settlement-by-city/ahmedabad (86.1% similar); https://www.settleloans.in/loan-settlement-by-city/aiims (86.1% similar) (+677 more)
https://www.settleloans.in/loan-settlement-by-city/harda,warning,Duplication,Duplicate Content Detected,682 similar pages: https://www.settleloans.in/loan-settlement-by-city/abupur (86.1% similar); https://www.settleloans.in/loan-settlement-by-city/agartala (86.1% similar); https://www.settleloans.in/loan-settlement-by-city/agra (86.1% similar); https://www.settleloans.in/loan-settlement-by-city/ahmedabad (86.1% similar); https://www.settleloans.in/loan-settlement-by-city/aiims (86.1% similar) (+677 more)
https://www.settleloans.in/loan-settlement-by-city/sangli,warning,Duplication,Duplicate Content Detected,682 similar pages: https://www.settleloans.in/loan-settlement-by-city/abupur (86.1% similar); https://www.settleloans.in/loan-settlement-by-city/agartala (86.1% similar); https://www.settleloans.in/loan-settlement-by-city/agra (86.1% similar); https://www.settleloans.in/loan-settlement-by-city/ahmedabad (86.1% similar); https://www.settleloans.in/loan-settlement-by-city/aiims (86.1% similar) (+677 more)
https://www.settleloans.in/loan-settlement-by-city/noida-sector-43,warning,Duplication,Duplicate Content Detected,184 similar pages: https://www.settleloans.in/loan-settlement-by-city/gurugram-sector-43 (89.9% similar); https://www.settleloans.in/loan-settlement-by-city/noida-sector-1 (89.9% similar); https://www.settleloans.in/loan-settlement-by-city/noida-sector-10 (89.9% similar); https://www.settleloans.in/loan-settlement-by-city/noida-sector-100 (89.9% similar); https://www.settleloans.in/loan-settlement-by-city/noida-sector-101 (89.9% similar) (+179 more)
https://www.settleloans.in/loan-settlement-by-city/ecotech-3,warning,Duplication,Duplicate Content Detected,7 similar pages: https://www.settleloans.in/loan-settlement-by-city/ecotech-1 (88.3% similar); https://www.settleloans.in/loan-settlement-by-city/ecotech-2 (88.3% similar); https://www.settleloans.in/loan-settlement-by-city/ecotech-4 (88.3% similar); https://www.settleloans.in/loan-settlement-by-city/ecotech-5 (88.3% similar); https://www.settleloans.in/loan-settlement-by-city/ecotech-6 (88.3% similar) (+2 more)
https://www.settleloans.in/loan-settlement-by-city/greater-noida-sector-sigma-3,warning,Duplication,Duplicate Content Detected,6 similar pages: https://www.settleloans.in/loan-settlement-by-city/greater-noida-sector-delta-3 (91.5% similar); https://www.settleloans.in/loan-settlement-by-city/greater-noida-sector-omicron-3 (91.5% similar); https://www.settleloans.in/loan-settlement-by-city/greater-noida-sector-sigma-1 (91.5% similar); https://www.settleloans.in/loan-settlement-by-city/greater-noida-sector-sigma-2 (91.5% similar); https://www.settleloans.in/loan-settlement-by-city/greater-noida-sector-sigma-4 (91.5% similar) (+1 more)
https://www.settleloans.in/loan-settlement-by-city/faridabad-sector-4,warning,Duplication,Duplicate Content Detected,54 similar pages: https://www.settleloans.in/loan-settlement-by-city/faridabad-sector-1 (89.9% similar); https://www.settleloans.in/loan-settlement-by-city/faridabad-sector-10 (89.9% similar); https://www.settleloans.in/loan-settlement-by-city/faridabad-sector-11 (89.9% similar); https://www.settleloans.in/loan-settlement-by-city/faridabad-sector-12 (89.9% similar); https://www.settleloans.in/loan-settlement-by-city/faridabad-sector-13 (89.9% similar) (+49 more)
https://www.settleloans.in/loan-settlement-by-city/shivamogga,warning,Duplication,Duplicate Content Detected,682 similar pages: https://www.settleloans.in/loan-settlement-by-city/abupur (86.1% similar); https://www.settleloans.in/loan-settlement-by-city/agartala (86.1% similar); https://www.settleloans.in/loan-settlement-by-city/agra (86.1% similar); https://www.settleloans.in/loan-settlement-by-city/ahmedabad (86.1% similar); https://www.settleloans.in/loan-settlement-by-city/aiims (86.1% similar) (+677 more)
https://www.settleloans.in/loan-settlement-by-city/jamia-nagar,warning,Duplication,Duplicate Content Detected,29 similar pages: https://www.settleloans.in/loan-settlement-by-city/adarsh-nagar (88.3% similar); https://www.settleloans.in/loan-settlement-by-city/ashok-nagar (88.3% similar); https://www.settleloans.in/loan-settlement-by-city/bharat-nagar (88.3% similar); https://www.settleloans.in/loan-settlement-by-city/chander-nagar (88.3% similar); https://www.settleloans.in/loan-settlement-by-city/gtb-nagar (88.3% similar) (+24 more)
https://www.settleloans.in/loan-settlement-by-city/lakshmi-nagar-metro,warning,Duplication,Duplicate Content Detected,3 similar pages: https://www.settleloans.in/loan-settlement-by-city/lajpat-nagar-metro (89.9% similar); https://www.settleloans.in/loan-settlement-by-city/subhash-nagar-metro (89.9% similar); https://www.settleloans.in/loan-settlement-by-city/vinod-nagar-metro (89.9% similar)
https://www.settleloans.in/loan-settlement-by-city/faridabad-sector-6,warning,Duplication,Duplicate Content Detected,49 similar pages: https://www.settleloans.in/loan-settlement-by-city/faridabad-sector-1 (89.9% similar); https://www.settleloans.in/loan-settlement-by-city/faridabad-sector-10 (89.9% similar); https://www.settleloans.in/loan-settlement-by-city/faridabad-sector-11 (89.9% similar); https://www.settleloans.in/loan-settlement-by-city/faridabad-sector-12 (89.9% similar); https://www.settleloans.in/loan-settlement-by-city/faridabad-sector-13 (89.9% similar) (+44 more)
https://www.settleloans.in/loan-settlement-by-city/saharanpur,warning,Duplication,Duplicate Content Detected,682 similar pages: https://www.settleloans.in/loan-settlement-by-city/abupur (86.1% similar); https://www.settleloans.in/loan-settlement-by-city/agartala (86.1% similar); https://www.settleloans.in/loan-settlement-by-city/agra (86.1% similar); https://www.settleloans.in/loan-settlement-by-city/ahmedabad (86.1% similar); https://www.settleloans.in/loan-settlement-by-city/aiims (86.1% similar) (+677 more)
https://www.settleloans.in/loan-settlement-by-city/melbourne,warning,Duplication,Duplicate Content Detected,682 similar pages: https://www.settleloans.in/loan-settlement-by-city/abupur (86.1% similar); https://www.settleloans.in/loan-settlement-by-city/agartala (86.1% similar); https://www.settleloans.in/loan-settlement-by-city/agra (86.1% similar); https://www.settleloans.in/loan-settlement-by-city/ahmedabad (86.1% similar); https://www.settleloans.in/loan-settlement-by-city/aiims (86.1% similar) (+677 more)
https://www.settleloans.in/loan-settlement-by-city/crossing-republik,warning,Duplication,Duplicate Content Detected,5 similar pages: https://www.settleloans.in/loan-settlement-by-city/crossing-republic (88.3% similar); https://www.settleloans.in/loan-settlement-by-city/crossing-republik-galleria-market (86.6% similar); https://www.settleloans.in/loan-settlement-by-city/crossing-republik-mahagun-mascot (86.6% similar); https://www.settleloans.in/loan-settlement-by-city/crossing-republik-panchsheel-wellington (86.6% similar); https://www.settleloans.in/loan-settlement-by-city/crossing-republik-paramount-symphony (86.6% similar)
https://www.settleloans.in/loan-settlement-by-city/jind,warning,Duplication,Duplicate Content Detected,682 similar pages: https://www.settleloans.in/loan-settlement-by-city/abupur (86.1% similar); https://www.settleloans.in/loan-settlement-by-city/agartala (86.1% similar); https://www.settleloans.in/loan-settlement-by-city/agra (86.1% similar); https://www.settleloans.in/loan-settlement-by-city/ahmedabad (86.1% similar); https://www.settleloans.in/loan-settlement-by-city/aiims (86.1% similar) (+677 more)
https://www.settleloans.in/loan-settlement-by-city/kaushambi-metro,warning,Duplication,Duplicate Content Detected,16 similar pages: https://www.settleloans.in/loan-settlement-by-city/kaushambi (93.5% similar); https://www.settleloans.in/loan-settlement-by-city/aiims-metro (88.3% similar); https://www.settleloans.in/loan-settlement-by-city/badarpur-metro (88.3% similar); https://www.settleloans.in/loan-settlement-by-city/ghevra-metro (88.3% similar); https://www.settleloans.in/loan-settlement-by-city/ito-metro (88.3% similar) (+11 more)
https://www.settleloans.in/loan-settlement-by-city/shajapur,warning,Duplication,Duplicate Content Detected,682 similar pages: https://www.settleloans.in/loan-settlement-by-city/abupur (86.1% similar); https://www.settleloans.in/loan-settlement-by-city/agartala (86.1% similar); https://www.settleloans.in/loan-settlement-by-city/agra (86.1% similar); https://www.settleloans.in/loan-settlement-by-city/ahmedabad (86.1% similar); https://www.settleloans.in/loan-settlement-by-city/aiims (86.1% similar) (+677 more)
https://www.settleloans.in/loan-settlement-by-city/wanaparthy,warning,Duplication,Duplicate Content Detected,682 similar pages: https://www.settleloans.in/loan-settlement-by-city/abupur (86.1% similar); https://www.settleloans.in/loan-settlement-by-city/agartala (86.1% similar); https://www.settleloans.in/loan-settlement-by-city/agra (86.1% similar); https://www.settleloans.in/loan-settlement-by-city/ahmedabad (86.1% similar); https://www.settleloans.in/loan-settlement-by-city/aiims (86.1% similar) (+677 more)
https://www.settleloans.in/loan-settlement-by-city/abhay-khand-1,warning,Duplication,Duplicate Content Detected,10 similar pages: https://www.settleloans.in/loan-settlement-by-city/indirapuram-abhay-khand-1 (95.2% similar); https://www.settleloans.in/loan-settlement-by-city/abhay-khand-2 (89.9% similar); https://www.settleloans.in/loan-settlement-by-city/abhay-khand-3 (89.9% similar); https://www.settleloans.in/loan-settlement-by-city/gyan-khand-1 (89.9% similar); https://www.settleloans.in/loan-settlement-by-city/niti-khand-1 (89.9% similar) (+5 more)
https://www.settleloans.in/loan-settlement-by-city/south-garo-hills,warning,Duplication,Duplicate Content Detected,3 similar pages: https://www.settleloans.in/loan-settlement-by-city/east-garo-hills (89.9% similar); https://www.settleloans.in/loan-settlement-by-city/north-garo-hills (89.9% similar); https://www.settleloans.in/loan-settlement-by-city/west-garo-hills (89.9% similar)
https://www.settleloans.in/loan-settlement-by-city/loni-bhopura,warning,Duplication,Duplicate Content Detected,3 similar pages: https://www.settleloans.in/loan-settlement-by-city/loni (93.5% similar); https://www.settleloans.in/loan-settlement-by-city/bhopura-extension (88.3% similar); https://www.settleloans.in/loan-settlement-by-city/loni-border (88.3% similar)
https://www.settleloans.in/loan-settlement-by-city/crossing-republik-panchsheel-wellington,warning,Duplication,Duplicate Content Detected,1 similar page: https://www.settleloans.in/loan-settlement-by-city/crossing-republik (86.6% similar)
https://www.settleloans.in/loan-settlement-by-city/nagaon,warning,Duplication,Duplicate Content Detected,682 similar pages: https://www.settleloans.in/loan-settlement-by-city/abupur (86.1% similar); https://www.settleloans.in/loan-settlement-by-city/agartala (86.1% similar); https://www.settleloans.in/loan-settlement-by-city/agra (86.1% similar); https://www.settleloans.in/loan-settlement-by-city/ahmedabad (86.1% similar); https://www.settleloans.in/loan-settlement-by-city/aiims (86.1% similar) (+677 more)
https://www.settleloans.in/loan-settlement-by-city/jhilmil-colony,warning,Duplication,Duplicate Content Detected,6 similar pages: https://www.settleloans.in/loan-settlement-by-city/baba-colony (88.3% similar); https://www.settleloans.in/loan-settlement-by-city/defence-colony (88.3% similar); https://www.settleloans.in/loan-settlement-by-city/geeta-colony (88.3% similar); https://www.settleloans.in/loan-settlement-by-city/railway-colony (88.3% similar); https://www.settleloans.in/loan-settlement-by-city/ramprastha-colony (88.3% similar) (+1 more)
https://www.settleloans.in/loan-settlement-by-city/kabul,warning,Duplication,Duplicate Content Detected,682 similar pages: https://www.settleloans.in/loan-settlement-by-city/abupur (86.1% similar); https://www.settleloans.in/loan-settlement-by-city/agartala (86.1% similar); https://www.settleloans.in/loan-settlement-by-city/agra (86.1% similar); https://www.settleloans.in/loan-settlement-by-city/ahmedabad (86.1% similar); https://www.settleloans.in/loan-settlement-by-city/aiims (86.1% similar) (+677 more)
https://www.settleloans.in/loan-settlement-by-city/buldhana,warning,Duplication,Duplicate Content Detected,682 similar pages: https://www.settleloans.in/loan-settlement-by-city/abupur (86.1% similar); https://www.settleloans.in/loan-settlement-by-city/agartala (86.1% similar); https://www.settleloans.in/loan-settlement-by-city/agra (86.1% similar); https://www.settleloans.in/loan-settlement-by-city/ahmedabad (86.1% similar); https://www.settleloans.in/loan-settlement-by-city/aiims (86.1% similar) (+677 more)
https://www.settleloans.in/loan-settlement-by-city/kandahar,warning,Duplication,Duplicate Content Detected,682 similar pages: https://www.settleloans.in/loan-settlement-by-city/abupur (86.1% similar); https://www.settleloans.in/loan-settlement-by-city/agartala (86.1% similar); https://www.settleloans.in/loan-settlement-by-city/agra (86.1% similar); https://www.settleloans.in/loan-settlement-by-city/ahmedabad (86.1% similar); https://www.settleloans.in/loan-settlement-by-city/aiims (86.1% similar) (+677 more)
https://www.settleloans.in/loan-settlement-by-city/kaimur,warning,Duplication,Duplicate Content Detected,682 similar pages: https://www.settleloans.in/loan-settlement-by-city/abupur (86.1% similar); https://www.settleloans.in/loan-settlement-by-city/agartala (86.1% similar); https://www.settleloans.in/loan-settlement-by-city/agra (86.1% similar); https://www.settleloans.in/loan-settlement-by-city/ahmedabad (86.1% similar); https://www.settleloans.in/loan-settlement-by-city/aiims (86.1% similar) (+677 more)
https://www.settleloans.in/loan-settlement-by-city/noida-sector-7,warning,Duplication,Duplicate Content Detected,192 similar pages: https://www.settleloans.in/loan-settlement-by-city/faridabad-sector-7 (89.9% similar); https://www.settleloans.in/loan-settlement-by-city/govindpuram-sector-7 (89.9% similar); https://www.settleloans.in/loan-settlement-by-city/gurugram-sector-7 (89.9% similar); https://www.settleloans.in/loan-settlement-by-city/noida-sector-1 (89.9% similar); https://www.settleloans.in/loan-settlement-by-city/noida-sector-10 (89.9% similar) (+187 more)
https://www.settleloans.in/loan-settlement-by-city/shastri-park,warning,Duplication,Duplicate Content Detected,4 similar pages: https://www.settleloans.in/loan-settlement-by-city/green-park (88.3% similar); https://www.settleloans.in/loan-settlement-by-city/indraprastha-park (88.3% similar); https://www.settleloans.in/loan-settlement-by-city/rajdhani-park (88.3% similar); https://www.settleloans.in/loan-settlement-by-city/shastri-nagar (88.3% similar)
https://www.settleloans.in/loan-settlement-by-city/margao,warning,Duplication,Duplicate Content Detected,682 similar pages: https://www.settleloans.in/loan-settlement-by-city/abupur (86.1% similar); https://www.settleloans.in/loan-settlement-by-city/agartala (86.1% similar); https://www.settleloans.in/loan-settlement-by-city/agra (86.1% similar); https://www.settleloans.in/loan-settlement-by-city/ahmedabad (86.1% similar); https://www.settleloans.in/loan-settlement-by-city/aiims (86.1% similar) (+677 more)
https://www.settleloans.in/loan-settlement-by-city/peeragarhi,warning,Duplication,Duplicate Content Detected,682 similar pages: https://www.settleloans.in/loan-settlement-by-city/abupur (86.1% similar); https://www.settleloans.in/loan-settlement-by-city/agartala (86.1% similar); https://www.settleloans.in/loan-settlement-by-city/agra (86.1% similar); https://www.settleloans.in/loan-settlement-by-city/ahmedabad (86.1% similar); https://www.settleloans.in/loan-settlement-by-city/aiims (86.1% similar) (+677 more)
https://www.settleloans.in/loan-settlement-by-city/paschim-vihar,warning,Duplication,Duplicate Content Detected,19 similar pages: https://www.settleloans.in/loan-settlement-by-city/paschim-vihar-east (94.5% similar); https://www.settleloans.in/loan-settlement-by-city/paschim-vihar-west (94.5% similar); https://www.settleloans.in/loan-settlement-by-city/ashok-vihar (88.3% similar); https://www.settleloans.in/loan-settlement-by-city/brij-vihar (88.3% similar); https://www.settleloans.in/loan-settlement-by-city/jasola-vihar (88.3% similar) (+14 more)
https://www.settleloans.in/loan-settlement-by-city/yamuna-vihar-depot,warning,Duplication,Duplicate Content Detected,1 similar page: https://www.settleloans.in/loan-settlement-by-city/anand-vihar-depot (89.9% similar)
https://www.settleloans.in/loan-settlement-by-city/sirsa,warning,Duplication,Duplicate Content Detected,682 similar pages: https://www.settleloans.in/loan-settlement-by-city/abupur (86.1% similar); https://www.settleloans.in/loan-settlement-by-city/agartala (86.1% similar); https://www.settleloans.in/loan-settlement-by-city/agra (86.1% similar); https://www.settleloans.in/loan-settlement-by-city/ahmedabad (86.1% similar); https://www.settleloans.in/loan-settlement-by-city/aiims (86.1% similar) (+677 more)
https://www.settleloans.in/loan-settlement-by-city/vaishali-sector-8,warning,Duplication,Duplicate Content Detected,16 similar pages: https://www.settleloans.in/loan-settlement-by-city/faridabad-sector-8 (89.9% similar); https://www.settleloans.in/loan-settlement-by-city/govindpuram-sector-8 (89.9% similar); https://www.settleloans.in/loan-settlement-by-city/gurugram-sector-8 (89.9% similar); https://www.settleloans.in/loan-settlement-by-city/noida-sector-8 (89.9% similar); https://www.settleloans.in/loan-settlement-by-city/sector-8-vasundhara (89.9% similar) (+11 more)
https://www.settleloans.in/loan-settlement-by-city/noida-sector-69,warning,Duplication,Duplicate Content Detected,183 similar pages: https://www.settleloans.in/loan-settlement-by-city/noida-sector-1 (89.9% similar); https://www.settleloans.in/loan-settlement-by-city/noida-sector-10 (89.9% similar); https://www.settleloans.in/loan-settlement-by-city/noida-sector-100 (89.9% similar); https://www.settleloans.in/loan-settlement-by-city/noida-sector-101 (89.9% similar); https://www.settleloans.in/loan-settlement-by-city/noida-sector-102 (89.9% similar) (+178 more)
https://www.settleloans.in/loan-settlement-by-city/punjabi-bagh,warning,Duplication,Duplicate Content Detected,6 similar pages: https://www.settleloans.in/loan-settlement-by-city/punjabi-bagh-metro (94.5% similar); https://www.settleloans.in/loan-settlement-by-city/punjabi-bagh-west (94.5% similar); https://www.settleloans.in/loan-settlement-by-city/karol-bagh (88.3% similar); https://www.settleloans.in/loan-settlement-by-city/moti-bagh (88.3% similar); https://www.settleloans.in/loan-settlement-by-city/shaheen-bagh (88.3% similar) (+1 more)
https://www.settleloans.in/loan-settlement-by-city/noida-sector-129,warning,Duplication,Duplicate Content Detected,183 similar pages: https://www.settleloans.in/loan-settlement-by-city/noida-sector-1 (89.9% similar); https://www.settleloans.in/loan-settlement-by-city/noida-sector-10 (89.9% similar); https://www.settleloans.in/loan-settlement-by-city/noida-sector-100 (89.9% similar); https://www.settleloans.in/loan-settlement-by-city/noida-sector-101 (89.9% similar); https://www.settleloans.in/loan-settlement-by-city/noida-sector-102 (89.9% similar) (+178 more)
https://www.settleloans.in/loan-settlement-by-city/siddharth-vihar-sector-1,warning,Duplication,Duplicate Content Detected,20 similar pages: https://www.settleloans.in/loan-settlement-by-city/pratap-vihar-sector-1 (91.1% similar); https://www.settleloans.in/loan-settlement-by-city/siddharth-vihar-sector-2 (91.1% similar); https://www.settleloans.in/loan-settlement-by-city/siddharth-vihar-sector-3 (91.1% similar); https://www.settleloans.in/loan-settlement-by-city/siddharth-vihar-sector-4 (91.1% similar); https://www.settleloans.in/loan-settlement-by-city/siddharth-vihar (89.7% similar) (+15 more)
https://www.settleloans.in/loan-settlement-by-city/kannur,warning,Duplication,Duplicate Content Detected,682 similar pages: https://www.settleloans.in/loan-settlement-by-city/abupur (86.1% similar); https://www.settleloans.in/loan-settlement-by-city/agartala (86.1% similar); https://www.settleloans.in/loan-settlement-by-city/agra (86.1% similar); https://www.settleloans.in/loan-settlement-by-city/ahmedabad (86.1% similar); https://www.settleloans.in/loan-settlement-by-city/aiims (86.1% similar) (+677 more)
https://www.settleloans.in/loan-settlement-by-city/delhi,warning,Duplication,Duplicate Content Detected,693 similar pages: https://www.settleloans.in/loan-settlement-by-city/central-delhi (93.5% similar); https://www.settleloans.in/loan-settlement-by-city/chirag-delhi (93.5% similar); https://www.settleloans.in/loan-settlement-by-city/delhi-gate (93.5% similar); https://www.settleloans.in/loan-settlement-by-city/new-delhi (93.5% similar); https://www.settleloans.in/loan-settlement-by-city/north-delhi (93.5% similar) (+688 more)
https://www.settleloans.in/loan-settlement-by-city/faridabad-sector-37,warning,Duplication,Duplicate Content Detected,42 similar pages: https://www.settleloans.in/loan-settlement-by-city/faridabad-sector-1 (89.9% similar); https://www.settleloans.in/loan-settlement-by-city/faridabad-sector-10 (89.9% similar); https://www.settleloans.in/loan-settlement-by-city/faridabad-sector-11 (89.9% similar); https://www.settleloans.in/loan-settlement-by-city/faridabad-sector-12 (89.9% similar); https://www.settleloans.in/loan-settlement-by-city/faridabad-sector-13 (89.9% similar) (+37 more)
https://www.settleloans.in/loan-settlement-by-city/baba-colony,warning,Duplication,Duplicate Content Detected,6 similar pages: https://www.settleloans.in/loan-settlement-by-city/defence-colony (88.3% similar); https://www.settleloans.in/loan-settlement-by-city/geeta-colony (88.3% similar); https://www.settleloans.in/loan-settlement-by-city/jhilmil-colony (88.3% similar); https://www.settleloans.in/loan-settlement-by-city/railway-colony (88.3% similar); https://www.settleloans.in/loan-settlement-by-city/ramprastha-colony (88.3% similar) (+1 more)
https://www.settleloans.in/loan-settlement-by-city/pitampura,warning,Duplication,Duplicate Content Detected,682 similar pages: https://www.settleloans.in/loan-settlement-by-city/abupur (86.1% similar); https://www.settleloans.in/loan-settlement-by-city/agartala (86.1% similar); https://www.settleloans.in/loan-settlement-by-city/agra (86.1% similar); https://www.settleloans.in/loan-settlement-by-city/ahmedabad (86.1% similar); https://www.settleloans.in/loan-settlement-by-city/aiims (86.1% similar) (+677 more)
https://www.settleloans.in/loan-settlement-by-city/gyan-khand-4,warning,Duplication,Duplicate Content Detected,5 similar pages: https://www.settleloans.in/loan-settlement-by-city/gyan-khand-1 (89.9% similar); https://www.settleloans.in/loan-settlement-by-city/gyan-khand-2 (89.9% similar); https://www.settleloans.in/loan-settlement-by-city/gyan-khand-3 (89.9% similar); https://www.settleloans.in/loan-settlement-by-city/niti-khand-4 (89.9% similar); https://www.settleloans.in/loan-settlement-by-city/indirapuram-shakti-khand-4 (85.7% similar)
https://www.settleloans.in/loan-settlement-by-city/ghaziabad-bus-stand,warning,Duplication,Duplicate Content Detected,5 similar pages: https://www.settleloans.in/loan-settlement-by-city/ghaziabad-old-bus-stand (95.2% similar); https://www.settleloans.in/loan-settlement-by-city/faridabad-bus-stand (89.9% similar); https://www.settleloans.in/loan-settlement-by-city/najafgarh-bus-stand (89.9% similar); https://www.settleloans.in/loan-settlement-by-city/ghaziabad (88.1% similar); https://www.settleloans.in/loan-settlement-by-city/vasant-kunj-bus-stand (85.7% similar)
https://www.settleloans.in/loan-settlement-by-city/raipur,warning,Duplication,Duplicate Content Detected,682 similar pages: https://www.settleloans.in/loan-settlement-by-city/abupur (86.1% similar); https://www.settleloans.in/loan-settlement-by-city/agartala (86.1% similar); https://www.settleloans.in/loan-settlement-by-city/agra (86.1% similar); https://www.settleloans.in/loan-settlement-by-city/ahmedabad (86.1% similar); https://www.settleloans.in/loan-settlement-by-city/aiims (86.1% similar) (+677 more)
https://www.settleloans.in/loan-settlement-by-city/noida-sector-75,warning,Duplication,Duplicate Content Detected,183 similar pages: https://www.settleloans.in/loan-settlement-by-city/noida-sector-1 (89.9% similar); https://www.settleloans.in/loan-settlement-by-city/noida-sector-10 (89.9% similar); https://www.settleloans.in/loan-settlement-by-city/noida-sector-100 (89.9% similar); https://www.settleloans.in/loan-settlement-by-city/noida-sector-101 (89.9% similar); https://www.settleloans.in/loan-settlement-by-city/noida-sector-102 (89.9% similar) (+178 more)
https://www.settleloans.in/loan-settlement-by-city/dwarka-sector-10-metro,warning,Duplication,Duplicate Content Detected,9 similar pages: https://www.settleloans.in/loan-settlement-by-city/dwarka-mor-metro (85.7% similar); https://www.settleloans.in/loan-settlement-by-city/dwarka-sector-14 (85.7% similar); https://www.settleloans.in/loan-settlement-by-city/dwarka-sector-21 (85.7% similar); https://www.settleloans.in/loan-settlement-by-city/dwarka-sector-9 (85.7% similar); https://www.settleloans.in/loan-settlement-by-city/faridabad-sector-10 (85.7% similar) (+4 more)
https://www.settleloans.in/loan-settlement-by-city/samba,warning,Duplication,Duplicate Content Detected,682 similar pages: https://www.settleloans.in/loan-settlement-by-city/abupur (86.1% similar); https://www.settleloans.in/loan-settlement-by-city/agartala (86.1% similar); https://www.settleloans.in/loan-settlement-by-city/agra (86.1% similar); https://www.settleloans.in/loan-settlement-by-city/ahmedabad (86.1% similar); https://www.settleloans.in/loan-settlement-by-city/aiims (86.1% similar) (+677 more)
https://www.settleloans.in/loan-settlement-by-city/nanded,warning,Duplication,Duplicate Content Detected,682 similar pages: https://www.settleloans.in/loan-settlement-by-city/abupur (86.1% similar); https://www.settleloans.in/loan-settlement-by-city/agartala (86.1% similar); https://www.settleloans.in/loan-settlement-by-city/agra (86.1% similar); https://www.settleloans.in/loan-settlement-by-city/ahmedabad (86.1% similar); https://www.settleloans.in/loan-settlement-by-city/aiims (86.1% similar) (+677 more)
https://www.settleloans.in/loan-settlement-by-city/tonk,warning,Duplication,Duplicate Content Detected,682 similar pages: https://www.settleloans.in/loan-settlement-by-city/abupur (86.1% similar); https://www.settleloans.in/loan-settlement-by-city/agartala (86.1% similar); https://www.settleloans.in/loan-settlement-by-city/agra (86.1% similar); https://www.settleloans.in/loan-settlement-by-city/ahmedabad (86.1% similar); https://www.settleloans.in/loan-settlement-by-city/aiims (86.1% similar) (+677 more)
https://www.settleloans.in/loan-settlement-by-city/noida-sector-128,warning,Duplication,Duplicate Content Detected,183 similar pages: https://www.settleloans.in/loan-settlement-by-city/noida-sector-1 (89.9% similar); https://www.settleloans.in/loan-settlement-by-city/noida-sector-10 (89.9% similar); https://www.settleloans.in/loan-settlement-by-city/noida-sector-100 (89.9% similar); https://www.settleloans.in/loan-settlement-by-city/noida-sector-101 (89.9% similar); https://www.settleloans.in/loan-settlement-by-city/noida-sector-102 (89.9% similar) (+178 more)
https://www.settleloans.in/loan-settlement-by-city/govindpuram-sector-4,warning,Duplication,Duplicate Content Detected,22 similar pages: https://www.settleloans.in/loan-settlement-by-city/faridabad-sector-4 (89.9% similar); https://www.settleloans.in/loan-settlement-by-city/govindpuram-sector-1 (89.9% similar); https://www.settleloans.in/loan-settlement-by-city/govindpuram-sector-2 (89.9% similar); https://www.settleloans.in/loan-settlement-by-city/govindpuram-sector-3 (89.9% similar); https://www.settleloans.in/loan-settlement-by-city/govindpuram-sector-5 (89.9% similar) (+17 more)
https://www.settleloans.in/loan-settlement-by-city/noida-sector-27,warning,Duplication,Duplicate Content Detected,186 similar pages: https://www.settleloans.in/loan-settlement-by-city/faridabad-sector-27 (89.9% similar); https://www.settleloans.in/loan-settlement-by-city/gurugram-sector-27 (89.9% similar); https://www.settleloans.in/loan-settlement-by-city/noida-sector-1 (89.9% similar); https://www.settleloans.in/loan-settlement-by-city/noida-sector-10 (89.9% similar); https://www.settleloans.in/loan-settlement-by-city/noida-sector-100 (89.9% similar) (+181 more)
https://www.settleloans.in/loan-settlement-by-city/noida-sector-93a,warning,Duplication,Duplicate Content Detected,183 similar pages: https://www.settleloans.in/loan-settlement-by-city/noida-sector-1 (89.9% similar); https://www.settleloans.in/loan-settlement-by-city/noida-sector-10 (89.9% similar); https://www.settleloans.in/loan-settlement-by-city/noida-sector-100 (89.9% similar); https://www.settleloans.in/loan-settlement-by-city/noida-sector-101 (89.9% similar); https://www.settleloans.in/loan-settlement-by-city/noida-sector-102 (89.9% similar) (+178 more)
https://www.settleloans.in/loan-settlement-by-city/noida-sector-25,warning,Duplication,Duplicate Content Detected,186 similar pages: https://www.settleloans.in/loan-settlement-by-city/noida-extension-sector-25 (95.2% similar); https://www.settleloans.in/loan-settlement-by-city/faridabad-sector-25 (89.9% similar); https://www.settleloans.in/loan-settlement-by-city/gurugram-sector-25 (89.9% similar); https://www.settleloans.in/loan-settlement-by-city/noida-sector-1 (89.9% similar); https://www.settleloans.in/loan-settlement-by-city/noida-sector-10 (89.9% similar) (+181 more)
https://www.settleloans.in/loan-settlement-by-city/noida-sector-95,warning,Duplication,Duplicate Content Detected,183 similar pages: https://www.settleloans.in/loan-settlement-by-city/noida-sector-1 (89.9% similar); https://www.settleloans.in/loan-settlement-by-city/noida-sector-10 (89.9% similar); https://www.settleloans.in/loan-settlement-by-city/noida-sector-100 (89.9% similar); https://www.settleloans.in/loan-settlement-by-city/noida-sector-101 (89.9% similar); https://www.settleloans.in/loan-settlement-by-city/noida-sector-102 (89.9% similar) (+178 more)
https://www.settleloans.in/loan-settlement-by-city/lakhimpur-kheri,warning,Duplication,Duplicate Content Detected,2 similar pages: https://www.settleloans.in/loan-settlement-by-city/kheri (93.5% similar); https://www.settleloans.in/loan-settlement-by-city/lakhimpur (93.5% similar)
https://www.settleloans.in/loan-settlement-by-city/faridabad-sector-13,warning,Duplication,Duplicate Content Detected,45 similar pages: https://www.settleloans.in/loan-settlement-by-city/faridabad-sector-1 (89.9% similar); https://www.settleloans.in/loan-settlement-by-city/faridabad-sector-10 (89.9% similar); https://www.settleloans.in/loan-settlement-by-city/faridabad-sector-11 (89.9% similar); https://www.settleloans.in/loan-settlement-by-city/faridabad-sector-12 (89.9% similar); https://www.settleloans.in/loan-settlement-by-city/faridabad-sector-14 (89.9% similar) (+40 more)
https://www.settleloans.in/loan-settlement-by-city/preet-vihar,warning,Duplication,Duplicate Content Detected,17 similar pages: https://www.settleloans.in/loan-settlement-by-city/preet-vihar-metro (94.5% similar); https://www.settleloans.in/loan-settlement-by-city/ashok-vihar (88.3% similar); https://www.settleloans.in/loan-settlement-by-city/brij-vihar (88.3% similar); https://www.settleloans.in/loan-settlement-by-city/jasola-vihar (88.3% similar); https://www.settleloans.in/loan-settlement-by-city/naraina-vihar (88.3% similar) (+12 more)
https://www.settleloans.in/loan-settlement-by-city/jalna,warning,Duplication,Duplicate Content Detected,682 similar pages: https://www.settleloans.in/loan-settlement-by-city/abupur (86.1% similar); https://www.settleloans.in/loan-settlement-by-city/agartala (86.1% similar); https://www.settleloans.in/loan-settlement-by-city/agra (86.1% similar); https://www.settleloans.in/loan-settlement-by-city/ahmedabad (86.1% similar); https://www.settleloans.in/loan-settlement-by-city/aiims (86.1% similar) (+677 more)
https://www.settleloans.in/loan-settlement-by-city/khandwa,warning,Duplication,Duplicate Content Detected,682 similar pages: https://www.settleloans.in/loan-settlement-by-city/abupur (86.1% similar); https://www.settleloans.in/loan-settlement-by-city/agartala (86.1% similar); https://www.settleloans.in/loan-settlement-by-city/agra (86.1% similar); https://www.settleloans.in/loan-settlement-by-city/ahmedabad (86.1% similar); https://www.settleloans.in/loan-settlement-by-city/aiims (86.1% similar) (+677 more)
https://www.settleloans.in/loan-settlement-by-city/thoothukudi,warning,Duplication,Duplicate Content Detected,682 similar pages: https://www.settleloans.in/loan-settlement-by-city/abupur (86.1% similar); https://www.settleloans.in/loan-settlement-by-city/agartala (86.1% similar); https://www.settleloans.in/loan-settlement-by-city/agra (86.1% similar); https://www.settleloans.in/loan-settlement-by-city/ahmedabad (86.1% similar); https://www.settleloans.in/loan-settlement-by-city/aiims (86.1% similar) (+677 more)
https://www.settleloans.in/loan-settlement-by-city/bikaner,warning,Duplication,Duplicate Content Detected,682 similar pages: https://www.settleloans.in/loan-settlement-by-city/abupur (86.1% similar); https://www.settleloans.in/loan-settlement-by-city/agartala (86.1% similar); https://www.settleloans.in/loan-settlement-by-city/agra (86.1% similar); https://www.settleloans.in/loan-settlement-by-city/ahmedabad (86.1% similar); https://www.settleloans.in/loan-settlement-by-city/aiims (86.1% similar) (+677 more)
https://www.settleloans.in/loan-settlement-by-city/sanjay-nagar-sector-3,warning,Duplication,Duplicate Content Detected,20 similar pages: https://www.settleloans.in/loan-settlement-by-city/raj-nagar-sector-3 (91.1% similar); https://www.settleloans.in/loan-settlement-by-city/sanjay-nagar-sector-1 (91.1% similar); https://www.settleloans.in/loan-settlement-by-city/sanjay-nagar-sector-2 (91.1% similar); https://www.settleloans.in/loan-settlement-by-city/sanjay-nagar-sector-4 (91.1% similar); https://www.settleloans.in/loan-settlement-by-city/sanjay-nagar-sector-5 (91.1% similar) (+15 more)
https://www.settleloans.in/loan-settlement-by-city/silchar,warning,Duplication,Duplicate Content Detected,682 similar pages: https://www.settleloans.in/loan-settlement-by-city/abupur (86.1% similar); https://www.settleloans.in/loan-settlement-by-city/agartala (86.1% similar); https://www.settleloans.in/loan-settlement-by-city/agra (86.1% similar); https://www.settleloans.in/loan-settlement-by-city/ahmedabad (86.1% similar); https://www.settleloans.in/loan-settlement-by-city/aiims (86.1% similar) (+677 more)
https://www.settleloans.in/loan-settlement-by-city/kandhamal,warning,Duplication,Duplicate Content Detected,682 similar pages: https://www.settleloans.in/loan-settlement-by-city/abupur (86.1% similar); https://www.settleloans.in/loan-settlement-by-city/agartala (86.1% similar); https://www.settleloans.in/loan-settlement-by-city/agra (86.1% similar); https://www.settleloans.in/loan-settlement-by-city/ahmedabad (86.1% similar); https://www.settleloans.in/loan-settlement-by-city/aiims (86.1% similar) (+677 more)
https://www.settleloans.in/loan-settlement-by-city/kapurthala,warning,Duplication,Duplicate Content Detected,682 similar pages: https://www.settleloans.in/loan-settlement-by-city/abupur (86.1% similar); https://www.settleloans.in/loan-settlement-by-city/agartala (86.1% similar); https://www.settleloans.in/loan-settlement-by-city/agra (86.1% similar); https://www.settleloans.in/loan-settlement-by-city/ahmedabad (86.1% similar); https://www.settleloans.in/loan-settlement-by-city/aiims (86.1% similar) (+677 more)
https://www.settleloans.in/loan-settlement-by-city/trilokpuri-metro,warning,Duplication,Duplicate Content Detected,15 similar pages: https://www.settleloans.in/loan-settlement-by-city/aiims-metro (88.3% similar); https://www.settleloans.in/loan-settlement-by-city/badarpur-metro (88.3% similar); https://www.settleloans.in/loan-settlement-by-city/ghevra-metro (88.3% similar); https://www.settleloans.in/loan-settlement-by-city/ito-metro (88.3% similar); https://www.settleloans.in/loan-settlement-by-city/kalyanpuri-metro (88.3% similar) (+10 more)
https://www.settleloans.in/loan-settlement-by-city/gurugram-sector-41,warning,Duplication,Duplicate Content Detected,49 similar pages: https://www.settleloans.in/loan-settlement-by-city/gurugram-sector-1 (89.9% similar); https://www.settleloans.in/loan-settlement-by-city/gurugram-sector-10 (89.9% similar); https://www.settleloans.in/loan-settlement-by-city/gurugram-sector-10a (89.9% similar); https://www.settleloans.in/loan-settlement-by-city/gurugram-sector-11 (89.9% similar); https://www.settleloans.in/loan-settlement-by-city/gurugram-sector-12 (89.9% similar) (+44 more)
https://www.settleloans.in/loan-settlement-by-city/gurugram-sector-44,warning,Duplication,Duplicate Content Detected,49 similar pages: https://www.settleloans.in/loan-settlement-by-city/gurugram-sector-1 (89.9% similar); https://www.settleloans.in/loan-settlement-by-city/gurugram-sector-10 (89.9% similar); https://www.settleloans.in/loan-settlement-by-city/gurugram-sector-10a (89.9% similar); https://www.settleloans.in/loan-settlement-by-city/gurugram-sector-11 (89.9% similar); https://www.settleloans.in/loan-settlement-by-city/gurugram-sector-12 (89.9% similar) (+44 more)
https://www.settleloans.in/loan-settlement-by-city/sikar,warning,Duplication,Duplicate Content Detected,682 similar pages: https://www.settleloans.in/loan-settlement-by-city/abupur (86.1% similar); https://www.settleloans.in/loan-settlement-by-city/agartala (86.1% similar); https://www.settleloans.in/loan-settlement-by-city/agra (86.1% similar); https://www.settleloans.in/loan-settlement-by-city/ahmedabad (86.1% similar); https://www.settleloans.in/loan-settlement-by-city/aiims (86.1% similar) (+677 more)
https://www.settleloans.in/loan-settlement-by-city/bhiwani,warning,Duplication,Duplicate Content Detected,682 similar pages: https://www.settleloans.in/loan-settlement-by-city/abupur (86.1% similar); https://www.settleloans.in/loan-settlement-by-city/agartala (86.1% similar); https://www.settleloans.in/loan-settlement-by-city/agra (86.1% similar); https://www.settleloans.in/loan-settlement-by-city/ahmedabad (86.1% similar); https://www.settleloans.in/loan-settlement-by-city/aiims (86.1% similar) (+677 more)
https://www.settleloans.in/loan-settlement-by-city/gurugram-sector-8,warning,Duplication,Duplicate Content Detected,55 similar pages: https://www.settleloans.in/loan-settlement-by-city/faridabad-sector-8 (89.9% similar); https://www.settleloans.in/loan-settlement-by-city/govindpuram-sector-8 (89.9% similar); https://www.settleloans.in/loan-settlement-by-city/gurugram-sector-1 (89.9% similar); https://www.settleloans.in/loan-settlement-by-city/gurugram-sector-10 (89.9% similar); https://www.settleloans.in/loan-settlement-by-city/gurugram-sector-10a (89.9% similar) (+50 more)
https://www.settleloans.in/loan-settlement-by-city/punjab,warning,Duplication,Duplicate Content Detected,682 similar pages: https://www.settleloans.in/loan-settlement-by-city/abupur (86.1% similar); https://www.settleloans.in/loan-settlement-by-city/agartala (86.1% similar); https://www.settleloans.in/loan-settlement-by-city/agra (86.1% similar); https://www.settleloans.in/loan-settlement-by-city/ahmedabad (86.1% similar); https://www.settleloans.in/loan-settlement-by-city/aiims (86.1% similar) (+677 more)
https://www.settleloans.in/loan-settlement-by-city/gurugram-sector-43,warning,Duplication,Duplicate Content Detected,49 similar pages: https://www.settleloans.in/loan-settlement-by-city/gurugram-sector-1 (89.9% similar); https://www.settleloans.in/loan-settlement-by-city/gurugram-sector-10 (89.9% similar); https://www.settleloans.in/loan-settlement-by-city/gurugram-sector-10a (89.9% similar); https://www.settleloans.in/loan-settlement-by-city/gurugram-sector-11 (89.9% similar); https://www.settleloans.in/loan-settlement-by-city/gurugram-sector-12 (89.9% similar) (+44 more)
https://www.settleloans.in/loan-settlement-by-city/dundahera,warning,Duplication,Duplicate Content Detected,682 similar pages: https://www.settleloans.in/loan-settlement-by-city/abupur (86.1% similar); https://www.settleloans.in/loan-settlement-by-city/agartala (86.1% similar); https://www.settleloans.in/loan-settlement-by-city/agra (86.1% similar); https://www.settleloans.in/loan-settlement-by-city/ahmedabad (86.1% similar); https://www.settleloans.in/loan-settlement-by-city/aiims (86.1% similar) (+677 more)
https://www.settleloans.in/loan-settlement-by-city/balaghat,warning,Duplication,Duplicate Content Detected,682 similar pages: https://www.settleloans.in/loan-settlement-by-city/abupur (86.1% similar); https://www.settleloans.in/loan-settlement-by-city/agartala (86.1% similar); https://www.settleloans.in/loan-settlement-by-city/agra (86.1% similar); https://www.settleloans.in/loan-settlement-by-city/ahmedabad (86.1% similar); https://www.settleloans.in/loan-settlement-by-city/aiims (86.1% similar) (+677 more)
https://www.settleloans.in/loan-settlement-by-city/wayanad,warning,Duplication,Duplicate Content Detected,682 similar pages: https://www.settleloans.in/loan-settlement-by-city/abupur (86.1% similar); https://www.settleloans.in/loan-settlement-by-city/agartala (86.1% similar); https://www.settleloans.in/loan-settlement-by-city/agra (86.1% similar); https://www.settleloans.in/loan-settlement-by-city/ahmedabad (86.1% similar); https://www.settleloans.in/loan-settlement-by-city/aiims (86.1% similar) (+677 more)
https://www.settleloans.in/loan-settlement-by-city/noida-sector-106,warning,Duplication,Duplicate Content Detected,183 similar pages: https://www.settleloans.in/loan-settlement-by-city/noida-sector-1 (89.9% similar); https://www.settleloans.in/loan-settlement-by-city/noida-sector-10 (89.9% similar); https://www.settleloans.in/loan-settlement-by-city/noida-sector-100 (89.9% similar); https://www.settleloans.in/loan-settlement-by-city/noida-sector-101 (89.9% similar); https://www.settleloans.in/loan-settlement-by-city/noida-sector-102 (89.9% similar) (+178 more)
https://www.settleloans.in/loan-settlement-by-city/knowledge-park-5,warning,Duplication,Duplicate Content Detected,4 similar pages: https://www.settleloans.in/loan-settlement-by-city/knowledge-park-1 (89.9% similar); https://www.settleloans.in/loan-settlement-by-city/knowledge-park-2 (89.9% similar); https://www.settleloans.in/loan-settlement-by-city/knowledge-park-3 (89.9% similar); https://www.settleloans.in/loan-settlement-by-city/knowledge-park-4 (89.9% similar)
https://www.settleloans.in/loan-settlement-by-city/imphal-east,warning,Duplication,Duplicate Content Detected,8 similar pages: https://www.settleloans.in/loan-settlement-by-city/imphal (93.5% similar); https://www.settleloans.in/loan-settlement-by-city/east-champaran (88.3% similar); https://www.settleloans.in/loan-settlement-by-city/east-godavari (88.3% similar); https://www.settleloans.in/loan-settlement-by-city/east-kameng (88.3% similar); https://www.settleloans.in/loan-settlement-by-city/east-siang (88.3% similar) (+3 more)
https://www.settleloans.in/loan-settlement-by-city/gurugram-sector-12,warning,Duplication,Duplicate Content Detected,53 similar pages: https://www.settleloans.in/loan-settlement-by-city/faridabad-sector-12 (89.9% similar); https://www.settleloans.in/loan-settlement-by-city/gurugram-sector-1 (89.9% similar); https://www.settleloans.in/loan-settlement-by-city/gurugram-sector-10 (89.9% similar); https://www.settleloans.in/loan-settlement-by-city/gurugram-sector-10a (89.9% similar); https://www.settleloans.in/loan-settlement-by-city/gurugram-sector-11 (89.9% similar) (+48 more)
https://www.settleloans.in/loan-settlement-by-city/okhla-bird-sanctuary,warning,Duplication,Duplicate Content Detected,1 similar page: https://www.settleloans.in/loan-settlement-by-city/okhla (88.1% similar)
https://www.settleloans.in/loan-settlement-by-city/lalitpur,warning,Duplication,Duplicate Content Detected,682 similar pages: https://www.settleloans.in/loan-settlement-by-city/abupur (86.1% similar); https://www.settleloans.in/loan-settlement-by-city/agartala (86.1% similar); https://www.settleloans.in/loan-settlement-by-city/agra (86.1% similar); https://www.settleloans.in/loan-settlement-by-city/ahmedabad (86.1% similar); https://www.settleloans.in/loan-settlement-by-city/aiims (86.1% similar) (+677 more)
https://www.settleloans.in/loan-settlement-by-city/garhwal-pauri-garhwal,warning,Duplication,Duplicate Content Detected,2 similar pages: https://www.settleloans.in/loan-settlement-by-city/pauri-garhwal (99.9% similar); https://www.settleloans.in/loan-settlement-by-city/tehri-garhwal (88.2% similar)
https://www.settleloans.in/loan-settlement-by-city/vaishali,warning,Duplication,Duplicate Content Detected,694 similar pages: https://www.settleloans.in/loan-settlement-by-city/vaishali-extension (93.5% similar); https://www.settleloans.in/loan-settlement-by-city/vaishali-metro (93.5% similar); https://www.settleloans.in/loan-settlement-by-city/vaishali-bus-depot (88.1% similar); https://www.settleloans.in/loan-settlement-by-city/vaishali-sector-1 (88.1% similar); https://www.settleloans.in/loan-settlement-by-city/vaishali-sector-2 (88.1% similar) (+689 more)
https://www.settleloans.in/loan-settlement-by-city/chittagong,warning,Duplication,Duplicate Content Detected,682 similar pages: https://www.settleloans.in/loan-settlement-by-city/abupur (86.1% similar); https://www.settleloans.in/loan-settlement-by-city/agartala (86.1% similar); https://www.settleloans.in/loan-settlement-by-city/agra (86.1% similar); https://www.settleloans.in/loan-settlement-by-city/ahmedabad (86.1% similar); https://www.settleloans.in/loan-settlement-by-city/aiims (86.1% similar) (+677 more)
https://www.settleloans.in/loan-settlement-by-city/rajnandgaon,warning,Duplication,Duplicate Content Detected,682 similar pages: https://www.settleloans.in/loan-settlement-by-city/abupur (86.1% similar); https://www.settleloans.in/loan-settlement-by-city/agartala (86.1% similar); https://www.settleloans.in/loan-settlement-by-city/agra (86.1% similar); https://www.settleloans.in/loan-settlement-by-city/ahmedabad (86.1% similar); https://www.settleloans.in/loan-settlement-by-city/aiims (86.1% similar) (+677 more)
https://www.settleloans.in/loan-settlement-by-city/noida-extension-sector-25,warning,Duplication,Duplicate Content Detected,184 similar pages: https://www.settleloans.in/loan-settlement-by-city/noida-sector-25 (95.2% similar); https://www.settleloans.in/loan-settlement-by-city/noida-extension-sector-1 (91.1% similar); https://www.settleloans.in/loan-settlement-by-city/noida-extension-sector-10 (91.1% similar); https://www.settleloans.in/loan-settlement-by-city/noida-extension-sector-12 (91.1% similar); https://www.settleloans.in/loan-settlement-by-city/noida-extension-sector-16 (91.1% similar) (+179 more)
https://www.settleloans.in/loan-settlement-by-city/noida-sector-56,warning,Duplication,Duplicate Content Detected,183 similar pages: https://www.settleloans.in/loan-settlement-by-city/noida-sector-1 (89.9% similar); https://www.settleloans.in/loan-settlement-by-city/noida-sector-10 (89.9% similar); https://www.settleloans.in/loan-settlement-by-city/noida-sector-100 (89.9% similar); https://www.settleloans.in/loan-settlement-by-city/noida-sector-101 (89.9% similar); https://www.settleloans.in/loan-settlement-by-city/noida-sector-102 (89.9% similar) (+178 more)
https://www.settleloans.in/loan-settlement-by-city/greater-noida-sector-delta-1,warning,Duplication,Duplicate Content Detected,12 similar pages: https://www.settleloans.in/loan-settlement-by-city/greater-noida-sector-alpha-1 (91.5% similar); https://www.settleloans.in/loan-settlement-by-city/greater-noida-sector-delta-2 (91.5% similar); https://www.settleloans.in/loan-settlement-by-city/greater-noida-sector-delta-3 (91.5% similar); https://www.settleloans.in/loan-settlement-by-city/greater-noida-sector-delta-4 (91.5% similar); https://www.settleloans.in/loan-settlement-by-city/greater-noida-sector-gamma-1 (91.5% similar) (+7 more)
https://www.settleloans.in/loan-settlement-by-city/noida-extension-sector-4,warning,Duplication,Duplicate Content Detected,191 similar pages: https://www.settleloans.in/loan-settlement-by-city/noida-sector-4 (95.2% similar); https://www.settleloans.in/loan-settlement-by-city/noida-extension-sector-1 (91.1% similar); https://www.settleloans.in/loan-settlement-by-city/noida-extension-sector-10 (91.1% similar); https://www.settleloans.in/loan-settlement-by-city/noida-extension-sector-12 (91.1% similar); https://www.settleloans.in/loan-settlement-by-city/noida-extension-sector-16 (91.1% similar) (+186 more)
https://www.settleloans.in/loan-settlement-by-city/salem,warning,Duplication,Duplicate Content Detected,682 similar pages: https://www.settleloans.in/loan-settlement-by-city/abupur (86.1% similar); https://www.settleloans.in/loan-settlement-by-city/agartala (86.1% similar); https://www.settleloans.in/loan-settlement-by-city/agra (86.1% similar); https://www.settleloans.in/loan-settlement-by-city/ahmedabad (86.1% similar); https://www.settleloans.in/loan-settlement-by-city/aiims (86.1% similar) (+677 more)
https://www.settleloans.in/loan-settlement-by-city/paschim-vihar-east,warning,Duplication,Duplicate Content Detected,2 similar pages: https://www.settleloans.in/loan-settlement-by-city/paschim-vihar (94.5% similar); https://www.settleloans.in/loan-settlement-by-city/paschim-vihar-west (89.9% similar)
https://www.settleloans.in/loan-settlement-by-city/dwarka-sector-9,warning,Duplication,Duplicate Content Detected,10 similar pages: https://www.settleloans.in/loan-settlement-by-city/dwarka-sector-14 (89.9% similar); https://www.settleloans.in/loan-settlement-by-city/dwarka-sector-21 (89.9% similar); https://www.settleloans.in/loan-settlement-by-city/faridabad-sector-9 (89.9% similar); https://www.settleloans.in/loan-settlement-by-city/govindpuram-sector-9 (89.9% similar); https://www.settleloans.in/loan-settlement-by-city/gurugram-sector-9 (89.9% similar) (+5 more)
https://www.settleloans.in/loan-settlement-by-city/rampur,warning,Duplication,Duplicate Content Detected,682 similar pages: https://www.settleloans.in/loan-settlement-by-city/abupur (86.1% similar); https://www.settleloans.in/loan-settlement-by-city/agartala (86.1% similar); https://www.settleloans.in/loan-settlement-by-city/agra (86.1% similar); https://www.settleloans.in/loan-settlement-by-city/ahmedabad (86.1% similar); https://www.settleloans.in/loan-settlement-by-city/aiims (86.1% similar) (+677 more)
https://www.settleloans.in/loan-settlement-by-city/bijapur,warning,Duplication,Duplicate Content Detected,682 similar pages: https://www.settleloans.in/loan-settlement-by-city/abupur (86.1% similar); https://www.settleloans.in/loan-settlement-by-city/agartala (86.1% similar); https://www.settleloans.in/loan-settlement-by-city/agra (86.1% similar); https://www.settleloans.in/loan-settlement-by-city/ahmedabad (86.1% similar); https://www.settleloans.in/loan-settlement-by-city/aiims (86.1% similar) (+677 more)
https://www.settleloans.in/loan-settlement-by-city/sector-12-vasundhara,warning,Duplication,Duplicate Content Detected,30 similar pages: https://www.settleloans.in/loan-settlement-by-city/faridabad-sector-12 (89.9% similar); https://www.settleloans.in/loan-settlement-by-city/gurugram-sector-12 (89.9% similar); https://www.settleloans.in/loan-settlement-by-city/noida-sector-12 (89.9% similar); https://www.settleloans.in/loan-settlement-by-city/sector-1-vasundhara (89.9% similar); https://www.settleloans.in/loan-settlement-by-city/sector-10-vasundhara (89.9% similar) (+25 more)
https://www.settleloans.in/loan-settlement-by-city/gazipur,warning,Duplication,Duplicate Content Detected,682 similar pages: https://www.settleloans.in/loan-settlement-by-city/abupur (86.1% similar); https://www.settleloans.in/loan-settlement-by-city/agartala (86.1% similar); https://www.settleloans.in/loan-settlement-by-city/agra (86.1% similar); https://www.settleloans.in/loan-settlement-by-city/ahmedabad (86.1% similar); https://www.settleloans.in/loan-settlement-by-city/aiims (86.1% similar) (+677 more)
https://www.settleloans.in/loan-settlement-by-city/malviya-nagar,warning,Duplication,Duplicate Content Detected,29 similar pages: https://www.settleloans.in/loan-settlement-by-city/adarsh-nagar (88.3% similar); https://www.settleloans.in/loan-settlement-by-city/ashok-nagar (88.3% similar); https://www.settleloans.in/loan-settlement-by-city/bharat-nagar (88.3% similar); https://www.settleloans.in/loan-settlement-by-city/chander-nagar (88.3% similar); https://www.settleloans.in/loan-settlement-by-city/gtb-nagar (88.3% similar) (+24 more)
https://www.settleloans.in/loan-settlement-by-city/noida-sector-86,warning,Duplication,Duplicate Content Detected,183 similar pages: https://www.settleloans.in/loan-settlement-by-city/noida-sector-1 (89.9% similar); https://www.settleloans.in/loan-settlement-by-city/noida-sector-10 (89.9% similar); https://www.settleloans.in/loan-settlement-by-city/noida-sector-100 (89.9% similar); https://www.settleloans.in/loan-settlement-by-city/noida-sector-101 (89.9% similar); https://www.settleloans.in/loan-settlement-by-city/noida-sector-102 (89.9% similar) (+178 more)
https://www.settleloans.in/loan-settlement-by-city/rohini-sector-13,warning,Duplication,Duplicate Content Detected,10 similar pages: https://www.settleloans.in/loan-settlement-by-city/faridabad-sector-13 (89.9% similar); https://www.settleloans.in/loan-settlement-by-city/gurugram-sector-13 (89.9% similar); https://www.settleloans.in/loan-settlement-by-city/noida-sector-13 (89.9% similar); https://www.settleloans.in/loan-settlement-by-city/rohini-sector-11 (89.9% similar); https://www.settleloans.in/loan-settlement-by-city/rohini-sector-18 (89.9% similar) (+5 more)
https://www.settleloans.in/loan-settlement-by-city/wave-city-harmony-floors,warning,Duplication,Duplicate Content Detected,1 similar page: https://www.settleloans.in/loan-settlement-by-city/wave-executive-floors (85.7% similar)
https://www.settleloans.in/loan-settlement-by-city/rohini-sector-3,warning,Duplication,Duplicate Content Detected,24 similar pages: https://www.settleloans.in/loan-settlement-by-city/faridabad-sector-3 (89.9% similar); https://www.settleloans.in/loan-settlement-by-city/govindpuram-sector-3 (89.9% similar); https://www.settleloans.in/loan-settlement-by-city/gurugram-sector-3 (89.9% similar); https://www.settleloans.in/loan-settlement-by-city/nehrunagar-sector-3 (89.9% similar); https://www.settleloans.in/loan-settlement-by-city/noida-sector-3 (89.9% similar) (+19 more)
https://www.settleloans.in/loan-settlement-by-city/rockhampton,warning,Duplication,Duplicate Content Detected,682 similar pages: https://www.settleloans.in/loan-settlement-by-city/abupur (86.1% similar); https://www.settleloans.in/loan-settlement-by-city/agartala (86.1% similar); https://www.settleloans.in/loan-settlement-by-city/agra (86.1% similar); https://www.settleloans.in/loan-settlement-by-city/ahmedabad (86.1% similar); https://www.settleloans.in/loan-settlement-by-city/aiims (86.1% similar) (+677 more)
https://www.settleloans.in/loan-settlement-by-city/sector-10-vasundhara,warning,Duplication,Duplicate Content Detected,31 similar pages: https://www.settleloans.in/loan-settlement-by-city/vasundhara-sector-10 (100.0% similar); https://www.settleloans.in/loan-settlement-by-city/faridabad-sector-10 (89.9% similar); https://www.settleloans.in/loan-settlement-by-city/gurugram-sector-10 (89.9% similar); https://www.settleloans.in/loan-settlement-by-city/noida-sector-10 (89.9% similar); https://www.settleloans.in/loan-settlement-by-city/sector-1-vasundhara (89.9% similar) (+26 more)
https://www.settleloans.in/loan-settlement-by-city/vikarabad,warning,Duplication,Duplicate Content Detected,682 similar pages: https://www.settleloans.in/loan-settlement-by-city/abupur (86.1% similar); https://www.settleloans.in/loan-settlement-by-city/agartala (86.1% similar); https://www.settleloans.in/loan-settlement-by-city/agra (86.1% similar); https://www.settleloans.in/loan-settlement-by-city/ahmedabad (86.1% similar); https://www.settleloans.in/loan-settlement-by-city/aiims (86.1% similar) (+677 more)
https://www.settleloans.in/loan-settlement-by-city/greater-noida-sector-beta-1,warning,Duplication,Duplicate Content Detected,11 similar pages: https://www.settleloans.in/loan-settlement-by-city/greater-noida-sector-beta-2 (92.0% similar); https://www.settleloans.in/loan-settlement-by-city/greater-noida-sector-pi-1 (92.0% similar); https://www.settleloans.in/loan-settlement-by-city/greater-noida-sector-tau-1 (92.0% similar); https://www.settleloans.in/loan-settlement-by-city/greater-noida-sector-zeta-1 (92.0% similar); https://www.settleloans.in/loan-settlement-by-city/noida-sector-1 (90.9% similar) (+6 more)
https://www.settleloans.in/loan-settlement-by-city/burhanpur,warning,Duplication,Duplicate Content Detected,682 similar pages: https://www.settleloans.in/loan-settlement-by-city/abupur (86.1% similar); https://www.settleloans.in/loan-settlement-by-city/agartala (86.1% similar); https://www.settleloans.in/loan-settlement-by-city/agra (86.1% similar); https://www.settleloans.in/loan-settlement-by-city/ahmedabad (86.1% similar); https://www.settleloans.in/loan-settlement-by-city/aiims (86.1% similar) (+677 more)
https://www.settleloans.in/loan-settlement-by-city/muzaffarnagar,warning,Duplication,Duplicate Content Detected,682 similar pages: https://www.settleloans.in/loan-settlement-by-city/abupur (86.1% similar); https://www.settleloans.in/loan-settlement-by-city/agartala (86.1% similar); https://www.settleloans.in/loan-settlement-by-city/agra (86.1% similar); https://www.settleloans.in/loan-settlement-by-city/ahmedabad (86.1% similar); https://www.settleloans.in/loan-settlement-by-city/aiims (86.1% similar) (+677 more)
https://www.settleloans.in/loan-settlement-by-city/uttara-kannada,warning,Duplication,Duplicate Content Detected,1 similar page: https://www.settleloans.in/loan-settlement-by-city/dakshina-kannada (88.3% similar)
https://www.settleloans.in/loan-settlement-by-city/janakpuri,warning,Duplication,Duplicate Content Detected,683 similar pages: https://www.settleloans.in/loan-settlement-by-city/janakpuri-west-metro (88.1% similar); https://www.settleloans.in/loan-settlement-by-city/abupur (86.1% similar); https://www.settleloans.in/loan-settlement-by-city/agartala (86.1% similar); https://www.settleloans.in/loan-settlement-by-city/agra (86.1% similar); https://www.settleloans.in/loan-settlement-by-city/ahmedabad (86.1% similar) (+678 more)
https://www.settleloans.in/loan-settlement-by-city/noida-sector-80,warning,Duplication,Duplicate Content Detected,183 similar pages: https://www.settleloans.in/loan-settlement-by-city/noida-sector-1 (89.9% similar); https://www.settleloans.in/loan-settlement-by-city/noida-sector-10 (89.9% similar); https://www.settleloans.in/loan-settlement-by-city/noida-sector-100 (89.9% similar); https://www.settleloans.in/loan-settlement-by-city/noida-sector-101 (89.9% similar); https://www.settleloans.in/loan-settlement-by-city/noida-sector-102 (89.9% similar) (+178 more)
https://www.settleloans.in/loan-settlement-by-city/dilshad-garden-depot,warning,Duplication,Duplicate Content Detected,2 similar pages: https://www.settleloans.in/loan-settlement-by-city/dilshad-garden (94.5% similar); https://www.settleloans.in/loan-settlement-by-city/dilshad-garden-metro (89.9% similar)
https://www.settleloans.in/loan-settlement-by-city/yamuna-expressway-sector-25,warning,Duplication,Duplicate Content Detected,9 similar pages: https://www.settleloans.in/loan-settlement-by-city/yamuna-expressway-sector-18 (91.1% similar); https://www.settleloans.in/loan-settlement-by-city/yamuna-expressway-sector-20 (91.1% similar); https://www.settleloans.in/loan-settlement-by-city/yamuna-expressway-sector-22 (91.1% similar); https://www.settleloans.in/loan-settlement-by-city/yamuna-expressway-sector-24 (91.1% similar); https://www.settleloans.in/loan-settlement-by-city/yamuna-expressway-sector-26 (91.1% similar) (+4 more)
https://www.settleloans.in/loan-settlement-by-city/panna,warning,Duplication,Duplicate Content Detected,682 similar pages: https://www.settleloans.in/loan-settlement-by-city/abupur (86.1% similar); https://www.settleloans.in/loan-settlement-by-city/agartala (86.1% similar); https://www.settleloans.in/loan-settlement-by-city/agra (86.1% similar); https://www.settleloans.in/loan-settlement-by-city/ahmedabad (86.1% similar); https://www.settleloans.in/loan-settlement-by-city/aiims (86.1% similar) (+677 more)
https://www.settleloans.in/loan-settlement-by-city/indira-gandhi-international-airport-t1,warning,Duplication,Duplicate Content Detected,1 similar page: https://www.settleloans.in/loan-settlement-by-city/indira-gandhi-international-airport-t3 (91.5% similar)
https://www.settleloans.in/loan-settlement-by-city/sector-9-vasundhara,warning,Duplication,Duplicate Content Detected,31 similar pages: https://www.settleloans.in/loan-settlement-by-city/vasundhara-sector-9 (100.0% similar); https://www.settleloans.in/loan-settlement-by-city/dwarka-sector-9 (89.9% similar); https://www.settleloans.in/loan-settlement-by-city/faridabad-sector-9 (89.9% similar); https://www.settleloans.in/loan-settlement-by-city/govindpuram-sector-9 (89.9% similar); https://www.settleloans.in/loan-settlement-by-city/gurugram-sector-9 (89.9% similar) (+26 more)
https://www.settleloans.in/loan-settlement-by-city/ballari,warning,Duplication,Duplicate Content Detected,682 similar pages: https://www.settleloans.in/loan-settlement-by-city/abupur (86.1% similar); https://www.settleloans.in/loan-settlement-by-city/agartala (86.1% similar); https://www.settleloans.in/loan-settlement-by-city/agra (86.1% similar); https://www.settleloans.in/loan-settlement-by-city/ahmedabad (86.1% similar); https://www.settleloans.in/loan-settlement-by-city/aiims (86.1% similar) (+677 more)
https://www.settleloans.in/loan-settlement-by-city/dwarka-mor-metro,warning,Duplication,Duplicate Content Detected,2 similar pages: https://www.settleloans.in/loan-settlement-by-city/dwarka-mor (94.5% similar); https://www.settleloans.in/loan-settlement-by-city/dwarka-sector-10-metro (85.7% similar)
https://www.settleloans.in/loan-settlement-by-city/noida-sector-146,warning,Duplication,Duplicate Content Detected,183 similar pages: https://www.settleloans.in/loan-settlement-by-city/noida-sector-1 (89.9% similar); https://www.settleloans.in/loan-settlement-by-city/noida-sector-10 (89.9% similar); https://www.settleloans.in/loan-settlement-by-city/noida-sector-100 (89.9% similar); https://www.settleloans.in/loan-settlement-by-city/noida-sector-101 (89.9% similar); https://www.settleloans.in/loan-settlement-by-city/noida-sector-102 (89.9% similar) (+178 more)
https://www.settleloans.in/loan-settlement-by-city/moradabad,warning,Duplication,Duplicate Content Detected,682 similar pages: https://www.settleloans.in/loan-settlement-by-city/abupur (86.1% similar); https://www.settleloans.in/loan-settlement-by-city/agartala (86.1% similar); https://www.settleloans.in/loan-settlement-by-city/agra (86.1% similar); https://www.settleloans.in/loan-settlement-by-city/ahmedabad (86.1% similar); https://www.settleloans.in/loan-settlement-by-city/aiims (86.1% similar) (+677 more)
https://www.settleloans.in/loan-settlement-by-city/shastri-nagar,warning,Duplication,Duplicate Content Detected,34 similar pages: https://www.settleloans.in/loan-settlement-by-city/shastri-nagar-block-a (89.7% similar); https://www.settleloans.in/loan-settlement-by-city/shastri-nagar-block-b (89.7% similar); https://www.settleloans.in/loan-settlement-by-city/shastri-nagar-block-c (89.7% similar); https://www.settleloans.in/loan-settlement-by-city/shastri-nagar-block-d (89.7% similar); https://www.settleloans.in/loan-settlement-by-city/adarsh-nagar (88.3% similar) (+29 more)
https://www.settleloans.in/loan-settlement-by-city/uttam-nagar,warning,Duplication,Duplicate Content Detected,29 similar pages: https://www.settleloans.in/loan-settlement-by-city/adarsh-nagar (88.3% similar); https://www.settleloans.in/loan-settlement-by-city/ashok-nagar (88.3% similar); https://www.settleloans.in/loan-settlement-by-city/bharat-nagar (88.3% similar); https://www.settleloans.in/loan-settlement-by-city/chander-nagar (88.3% similar); https://www.settleloans.in/loan-settlement-by-city/gtb-nagar (88.3% similar) (+24 more)
https://www.settleloans.in/loan-settlement-by-city/rewa,warning,Duplication,Duplicate Content Detected,682 similar pages: https://www.settleloans.in/loan-settlement-by-city/abupur (86.1% similar); https://www.settleloans.in/loan-settlement-by-city/agartala (86.1% similar); https://www.settleloans.in/loan-settlement-by-city/agra (86.1% similar); https://www.settleloans.in/loan-settlement-by-city/ahmedabad (86.1% similar); https://www.settleloans.in/loan-settlement-by-city/aiims (86.1% similar) (+677 more)
https://www.settleloans.in/loan-settlement-by-city/jhunjhunu,warning,Duplication,Duplicate Content Detected,682 similar pages: https://www.settleloans.in/loan-settlement-by-city/abupur (86.1% similar); https://www.settleloans.in/loan-settlement-by-city/agartala (86.1% similar); https://www.settleloans.in/loan-settlement-by-city/agra (86.1% similar); https://www.settleloans.in/loan-settlement-by-city/ahmedabad (86.1% similar); https://www.settleloans.in/loan-settlement-by-city/aiims (86.1% similar) (+677 more)
https://www.settleloans.in/loan-settlement-by-city/tuensang,warning,Duplication,Duplicate Content Detected,682 similar pages: https://www.settleloans.in/loan-settlement-by-city/abupur (86.1% similar); https://www.settleloans.in/loan-settlement-by-city/agartala (86.1% similar); https://www.settleloans.in/loan-settlement-by-city/agra (86.1% similar); https://www.settleloans.in/loan-settlement-by-city/ahmedabad (86.1% similar); https://www.settleloans.in/loan-settlement-by-city/aiims (86.1% similar) (+677 more)
https://www.settleloans.in/loan-settlement-by-city/crossing-republik-paramount-symphony,warning,Duplication,Duplicate Content Detected,1 similar page: https://www.settleloans.in/loan-settlement-by-city/crossing-republik (86.6% similar)
https://www.settleloans.in/loan-settlement-by-city/saiha,warning,Duplication,Duplicate Content Detected,682 similar pages: https://www.settleloans.in/loan-settlement-by-city/abupur (86.1% similar); https://www.settleloans.in/loan-settlement-by-city/agartala (86.1% similar); https://www.settleloans.in/loan-settlement-by-city/agra (86.1% similar); https://www.settleloans.in/loan-settlement-by-city/ahmedabad (86.1% similar); https://www.settleloans.in/loan-settlement-by-city/aiims (86.1% similar) (+677 more)
https://www.settleloans.in/loan-settlement-by-city/kozhikode,warning,Duplication,Duplicate Content Detected,682 similar pages: https://www.settleloans.in/loan-settlement-by-city/abupur (86.1% similar); https://www.settleloans.in/loan-settlement-by-city/agartala (86.1% similar); https://www.settleloans.in/loan-settlement-by-city/agra (86.1% similar); https://www.settleloans.in/loan-settlement-by-city/ahmedabad (86.1% similar); https://www.settleloans.in/loan-settlement-by-city/aiims (86.1% similar) (+677 more)
https://www.settleloans.in/loan-settlement-by-city/aiims,warning,Duplication,Duplicate Content Detected,683 similar pages: https://www.settleloans.in/loan-settlement-by-city/aiims-metro (93.5% similar); https://www.settleloans.in/loan-settlement-by-city/abupur (86.1% similar); https://www.settleloans.in/loan-settlement-by-city/agartala (86.1% similar); https://www.settleloans.in/loan-settlement-by-city/agra (86.1% similar); https://www.settleloans.in/loan-settlement-by-city/ahmedabad (86.1% similar) (+678 more)
https://www.settleloans.in/loan-settlement-by-city/sector-zeta-3,warning,Duplication,Duplicate Content Detected,21 similar pages: https://www.settleloans.in/loan-settlement-by-city/faridabad-sector-3 (89.9% similar); https://www.settleloans.in/loan-settlement-by-city/govindpuram-sector-3 (89.9% similar); https://www.settleloans.in/loan-settlement-by-city/gurugram-sector-3 (89.9% similar); https://www.settleloans.in/loan-settlement-by-city/nehrunagar-sector-3 (89.9% similar); https://www.settleloans.in/loan-settlement-by-city/noida-sector-3 (89.9% similar) (+16 more)
https://www.settleloans.in/loan-settlement-by-city/noida-sector-16a,warning,Duplication,Duplicate Content Detected,183 similar pages: https://www.settleloans.in/loan-settlement-by-city/noida-sector-1 (89.9% similar); https://www.settleloans.in/loan-settlement-by-city/noida-sector-10 (89.9% similar); https://www.settleloans.in/loan-settlement-by-city/noida-sector-100 (89.9% similar); https://www.settleloans.in/loan-settlement-by-city/noida-sector-101 (89.9% similar); https://www.settleloans.in/loan-settlement-by-city/noida-sector-102 (89.9% similar) (+178 more)
https://www.settleloans.in/loan-settlement-by-city/okhla-nsic,warning,Duplication,Duplicate Content Detected,2 similar pages: https://www.settleloans.in/loan-settlement-by-city/okhla (93.5% similar); https://www.settleloans.in/loan-settlement-by-city/okhla-vihar (88.3% similar)
https://www.settleloans.in/loan-settlement-by-city/hathras,warning,Duplication,Duplicate Content Detected,682 similar pages: https://www.settleloans.in/loan-settlement-by-city/abupur (86.1% similar); https://www.settleloans.in/loan-settlement-by-city/agartala (86.1% similar); https://www.settleloans.in/loan-settlement-by-city/agra (86.1% similar); https://www.settleloans.in/loan-settlement-by-city/ahmedabad (86.1% similar); https://www.settleloans.in/loan-settlement-by-city/aiims (86.1% similar) (+677 more)
https://www.settleloans.in/loan-settlement-by-city/abhay-khand-2,warning,Duplication,Duplicate Content Detected,10 similar pages: https://www.settleloans.in/loan-settlement-by-city/indirapuram-abhay-khand-2 (95.2% similar); https://www.settleloans.in/loan-settlement-by-city/abhay-khand-1 (89.9% similar); https://www.settleloans.in/loan-settlement-by-city/abhay-khand-3 (89.9% similar); https://www.settleloans.in/loan-settlement-by-city/gyan-khand-2 (89.9% similar); https://www.settleloans.in/loan-settlement-by-city/niti-khand-2 (89.9% similar) (+5 more)
https://www.settleloans.in/loan-settlement-by-city/tughlaqabad,warning,Duplication,Duplicate Content Detected,682 similar pages: https://www.settleloans.in/loan-settlement-by-city/abupur (86.1% similar); https://www.settleloans.in/loan-settlement-by-city/agartala (86.1% similar); https://www.settleloans.in/loan-settlement-by-city/agra (86.1% similar); https://www.settleloans.in/loan-settlement-by-city/ahmedabad (86.1% similar); https://www.settleloans.in/loan-settlement-by-city/aiims (86.1% similar) (+677 more)
https://www.settleloans.in/loan-settlement-by-city/bastar,warning,Duplication,Duplicate Content Detected,682 similar pages: https://www.settleloans.in/loan-settlement-by-city/abupur (86.1% similar); https://www.settleloans.in/loan-settlement-by-city/agartala (86.1% similar); https://www.settleloans.in/loan-settlement-by-city/agra (86.1% similar); https://www.settleloans.in/loan-settlement-by-city/ahmedabad (86.1% similar); https://www.settleloans.in/loan-settlement-by-city/aiims (86.1% similar) (+677 more)
https://www.settleloans.in/loan-settlement-by-city/uttar-dinajpur,warning,Duplication,Duplicate Content Detected,2 similar pages: https://www.settleloans.in/loan-settlement-by-city/dakshin-dinajpur (88.3% similar); https://www.settleloans.in/loan-settlement-by-city/uttar-pradesh (88.3% similar)
https://www.settleloans.in/loan-settlement-by-city/bagerhat,warning,Duplication,Duplicate Content Detected,682 similar pages: https://www.settleloans.in/loan-settlement-by-city/abupur (86.1% similar); https://www.settleloans.in/loan-settlement-by-city/agartala (86.1% similar); https://www.settleloans.in/loan-settlement-by-city/agra (86.1% similar); https://www.settleloans.in/loan-settlement-by-city/ahmedabad (86.1% similar); https://www.settleloans.in/loan-settlement-by-city/aiims (86.1% similar) (+677 more)
https://www.settleloans.in/loan-settlement-by-city/east-siang,warning,Duplication,Duplicate Content Detected,8 similar pages: https://www.settleloans.in/loan-settlement-by-city/east-champaran (88.3% similar); https://www.settleloans.in/loan-settlement-by-city/east-godavari (88.3% similar); https://www.settleloans.in/loan-settlement-by-city/east-kameng (88.3% similar); https://www.settleloans.in/loan-settlement-by-city/east-singhbhum (88.3% similar); https://www.settleloans.in/loan-settlement-by-city/imphal-east (88.3% similar) (+3 more)
https://www.settleloans.in/loan-settlement-by-city/bageshwar,warning,Duplication,Duplicate Content Detected,682 similar pages: https://www.settleloans.in/loan-settlement-by-city/abupur (86.1% similar); https://www.settleloans.in/loan-settlement-by-city/agartala (86.1% similar); https://www.settleloans.in/loan-settlement-by-city/agra (86.1% similar); https://www.settleloans.in/loan-settlement-by-city/ahmedabad (86.1% similar); https://www.settleloans.in/loan-settlement-by-city/aiims (86.1% similar) (+677 more)
https://www.settleloans.in/loan-settlement-by-city/warangal-rural,warning,Duplication,Duplicate Content Detected,4 similar pages: https://www.settleloans.in/loan-settlement-by-city/warangal (93.5% similar); https://www.settleloans.in/loan-settlement-by-city/warangal-urban (88.3% similar); https://www.settleloans.in/loan-settlement-by-city/bangalore-rural (88.3% similar); https://www.settleloans.in/loan-settlement-by-city/bengaluru-rural (88.3% similar)
https://www.settleloans.in/loan-settlement-by-city/dhule,warning,Duplication,Duplicate Content Detected,682 similar pages: https://www.settleloans.in/loan-settlement-by-city/abupur (86.1% similar); https://www.settleloans.in/loan-settlement-by-city/agartala (86.1% similar); https://www.settleloans.in/loan-settlement-by-city/agra (86.1% similar); https://www.settleloans.in/loan-settlement-by-city/ahmedabad (86.1% similar); https://www.settleloans.in/loan-settlement-by-city/aiims (86.1% similar) (+677 more)
https://www.settleloans.in/loan-settlement-by-city/warangal-urban,warning,Duplication,Duplicate Content Detected,4 similar pages: https://www.settleloans.in/loan-settlement-by-city/warangal (93.5% similar); https://www.settleloans.in/loan-settlement-by-city/warangal-rural (88.3% similar); https://www.settleloans.in/loan-settlement-by-city/bangalore-urban (88.3% similar); https://www.settleloans.in/loan-settlement-by-city/bengaluru-urban (88.3% similar)
https://www.settleloans.in/loan-settlement-by-city/narayanganj,warning,Duplication,Duplicate Content Detected,682 similar pages: https://www.settleloans.in/loan-settlement-by-city/abupur (86.1% similar); https://www.settleloans.in/loan-settlement-by-city/agartala (86.1% similar); https://www.settleloans.in/loan-settlement-by-city/agra (86.1% similar); https://www.settleloans.in/loan-settlement-by-city/ahmedabad (86.1% similar); https://www.settleloans.in/loan-settlement-by-city/aiims (86.1% similar) (+677 more)
https://www.settleloans.in/loan-settlement-by-city/mahe,warning,Duplication,Duplicate Content Detected,682 similar pages: https://www.settleloans.in/loan-settlement-by-city/abupur (86.1% similar); https://www.settleloans.in/loan-settlement-by-city/agartala (86.1% similar); https://www.settleloans.in/loan-settlement-by-city/agra (86.1% similar); https://www.settleloans.in/loan-settlement-by-city/ahmedabad (86.1% similar); https://www.settleloans.in/loan-settlement-by-city/aiims (86.1% similar) (+677 more)
https://www.settleloans.in/loan-settlement-by-city/raebareli,warning,Duplication,Duplicate Content Detected,682 similar pages: https://www.settleloans.in/loan-settlement-by-city/abupur (86.1% similar); https://www.settleloans.in/loan-settlement-by-city/agartala (86.1% similar); https://www.settleloans.in/loan-settlement-by-city/agra (86.1% similar); https://www.settleloans.in/loan-settlement-by-city/ahmedabad (86.1% similar); https://www.settleloans.in/loan-settlement-by-city/aiims (86.1% similar) (+677 more)
https://www.settleloans.in/loan-settlement-by-city/bangalore,warning,Duplication,Duplicate Content Detected,684 similar pages: https://www.settleloans.in/loan-settlement-by-city/bangalore-rural (93.5% similar); https://www.settleloans.in/loan-settlement-by-city/bangalore-urban (93.5% similar); https://www.settleloans.in/loan-settlement-by-city/abupur (86.1% similar); https://www.settleloans.in/loan-settlement-by-city/agartala (86.1% similar); https://www.settleloans.in/loan-settlement-by-city/agra (86.1% similar) (+679 more)
https://www.settleloans.in/loan-settlement-by-city/faridabad-sector-10,warning,Duplication,Duplicate Content Detected,47 similar pages: https://www.settleloans.in/loan-settlement-by-city/faridabad-sector-1 (89.9% similar); https://www.settleloans.in/loan-settlement-by-city/faridabad-sector-11 (89.9% similar); https://www.settleloans.in/loan-settlement-by-city/faridabad-sector-12 (89.9% similar); https://www.settleloans.in/loan-settlement-by-city/faridabad-sector-13 (89.9% similar); https://www.settleloans.in/loan-settlement-by-city/faridabad-sector-14 (89.9% similar) (+42 more)
https://www.settleloans.in/loan-settlement-by-city/nyay-khand-3,warning,Duplication,Duplicate Content Detected,10 similar pages: https://www.settleloans.in/loan-settlement-by-city/indirapuram-nyay-khand-3 (95.2% similar); https://www.settleloans.in/loan-settlement-by-city/abhay-khand-3 (89.9% similar); https://www.settleloans.in/loan-settlement-by-city/gyan-khand-3 (89.9% similar); https://www.settleloans.in/loan-settlement-by-city/niti-khand-3 (89.9% similar); https://www.settleloans.in/loan-settlement-by-city/nyay-khand-1 (89.9% similar) (+5 more)
https://www.settleloans.in/loan-settlement-by-city/masuri,warning,Duplication,Duplicate Content Detected,682 similar pages: https://www.settleloans.in/loan-settlement-by-city/abupur (86.1% similar); https://www.settleloans.in/loan-settlement-by-city/agartala (86.1% similar); https://www.settleloans.in/loan-settlement-by-city/agra (86.1% similar); https://www.settleloans.in/loan-settlement-by-city/ahmedabad (86.1% similar); https://www.settleloans.in/loan-settlement-by-city/aiims (86.1% similar) (+677 more)
https://www.settleloans.in/loan-settlement-by-city/faridabad-sector-23,warning,Duplication,Duplicate Content Detected,42 similar pages: https://www.settleloans.in/loan-settlement-by-city/faridabad-sector-1 (89.9% similar); https://www.settleloans.in/loan-settlement-by-city/faridabad-sector-10 (89.9% similar); https://www.settleloans.in/loan-settlement-by-city/faridabad-sector-11 (89.9% similar); https://www.settleloans.in/loan-settlement-by-city/faridabad-sector-12 (89.9% similar); https://www.settleloans.in/loan-settlement-by-city/faridabad-sector-13 (89.9% similar) (+37 more)
https://www.settleloans.in/loan-settlement-by-city/kavi-nagar,warning,Duplication,Duplicate Content Detected,34 similar pages: https://www.settleloans.in/loan-settlement-by-city/kavi-nagar-sector-10 (89.7% similar); https://www.settleloans.in/loan-settlement-by-city/kavi-nagar-sector-11 (89.7% similar); https://www.settleloans.in/loan-settlement-by-city/kavi-nagar-sector-12 (89.7% similar); https://www.settleloans.in/loan-settlement-by-city/kavi-nagar-sector-13 (89.7% similar); https://www.settleloans.in/loan-settlement-by-city/kavi-nagar-sector-14 (89.7% similar) (+29 more)
https://www.settleloans.in/loan-settlement-by-city/noida-extension-sector-20,warning,Duplication,Duplicate Content Detected,183 similar pages: https://www.settleloans.in/loan-settlement-by-city/noida-sector-20 (95.2% similar); https://www.settleloans.in/loan-settlement-by-city/noida-extension-sector-1 (91.1% similar); https://www.settleloans.in/loan-settlement-by-city/noida-extension-sector-10 (91.1% similar); https://www.settleloans.in/loan-settlement-by-city/noida-extension-sector-12 (91.1% similar); https://www.settleloans.in/loan-settlement-by-city/noida-extension-sector-16 (91.1% similar) (+178 more)
https://www.settleloans.in/loan-settlement-by-city/kakinada,warning,Duplication,Duplicate Content Detected,682 similar pages: https://www.settleloans.in/loan-settlement-by-city/abupur (86.1% similar); https://www.settleloans.in/loan-settlement-by-city/agartala (86.1% similar); https://www.settleloans.in/loan-settlement-by-city/agra (86.1% similar); https://www.settleloans.in/loan-settlement-by-city/ahmedabad (86.1% similar); https://www.settleloans.in/loan-settlement-by-city/aiims (86.1% similar) (+677 more)
https://www.settleloans.in/loan-settlement-by-city/nabadwip,warning,Duplication,Duplicate Content Detected,682 similar pages: https://www.settleloans.in/loan-settlement-by-city/abupur (86.1% similar); https://www.settleloans.in/loan-settlement-by-city/agartala (86.1% similar); https://www.settleloans.in/loan-settlement-by-city/agra (86.1% similar); https://www.settleloans.in/loan-settlement-by-city/ahmedabad (86.1% similar); https://www.settleloans.in/loan-settlement-by-city/aiims (86.1% similar) (+677 more)
https://www.settleloans.in/loan-settlement-by-city/knowledge-park-4,warning,Duplication,Duplicate Content Detected,4 similar pages: https://www.settleloans.in/loan-settlement-by-city/knowledge-park-1 (89.9% similar); https://www.settleloans.in/loan-settlement-by-city/knowledge-park-2 (89.9% similar); https://www.settleloans.in/loan-settlement-by-city/knowledge-park-3 (89.9% similar); https://www.settleloans.in/loan-settlement-by-city/knowledge-park-5 (89.9% similar)
https://www.settleloans.in/loan-settlement-by-city/arunachal-pradesh,warning,Duplication,Duplicate Content Detected,4 similar pages: https://www.settleloans.in/loan-settlement-by-city/andhra-pradesh (88.3% similar); https://www.settleloans.in/loan-settlement-by-city/himachal-pradesh (88.3% similar); https://www.settleloans.in/loan-settlement-by-city/madhya-pradesh (88.3% similar); https://www.settleloans.in/loan-settlement-by-city/uttar-pradesh (88.3% similar)
https://www.settleloans.in/loan-settlement-by-city/rangareddy,warning,Duplication,Duplicate Content Detected,682 similar pages: https://www.settleloans.in/loan-settlement-by-city/abupur (86.1% similar); https://www.settleloans.in/loan-settlement-by-city/agartala (86.1% similar); https://www.settleloans.in/loan-settlement-by-city/agra (86.1% similar); https://www.settleloans.in/loan-settlement-by-city/ahmedabad (86.1% similar); https://www.settleloans.in/loan-settlement-by-city/aiims (86.1% similar) (+677 more)
https://www.settleloans.in/loan-settlement-by-city/palamu,warning,Duplication,Duplicate Content Detected,682 similar pages: https://www.settleloans.in/loan-settlement-by-city/abupur (86.1% similar); https://www.settleloans.in/loan-settlement-by-city/agartala (86.1% similar); https://www.settleloans.in/loan-settlement-by-city/agra (86.1% similar); https://www.settleloans.in/loan-settlement-by-city/ahmedabad (86.1% similar); https://www.settleloans.in/loan-settlement-by-city/aiims (86.1% similar) (+677 more)
https://www.settleloans.in/loan-settlement-by-city/shalimar-garden-ext-2,warning,Duplication,Duplicate Content Detected,1 similar page: https://www.settleloans.in/loan-settlement-by-city/shalimar-garden-ext-1 (91.1% similar)
https://www.settleloans.in/loan-settlement-by-city/naraina-vihar,warning,Duplication,Duplicate Content Detected,16 similar pages: https://www.settleloans.in/loan-settlement-by-city/ashok-vihar (88.3% similar); https://www.settleloans.in/loan-settlement-by-city/brij-vihar (88.3% similar); https://www.settleloans.in/loan-settlement-by-city/jasola-vihar (88.3% similar); https://www.settleloans.in/loan-settlement-by-city/narayana-vihar (88.3% similar); https://www.settleloans.in/loan-settlement-by-city/okhla-vihar (88.3% similar) (+11 more)
https://www.settleloans.in/loan-settlement-by-city/nagpur,warning,Duplication,Duplicate Content Detected,682 similar pages: https://www.settleloans.in/loan-settlement-by-city/abupur (86.1% similar); https://www.settleloans.in/loan-settlement-by-city/agartala (86.1% similar); https://www.settleloans.in/loan-settlement-by-city/agra (86.1% similar); https://www.settleloans.in/loan-settlement-by-city/ahmedabad (86.1% similar); https://www.settleloans.in/loan-settlement-by-city/aiims (86.1% similar) (+677 more)
https://www.settleloans.in/loan-settlement-by-city/kushinagar,warning,Duplication,Duplicate Content Detected,682 similar pages: https://www.settleloans.in/loan-settlement-by-city/abupur (86.1% similar); https://www.settleloans.in/loan-settlement-by-city/agartala (86.1% similar); https://www.settleloans.in/loan-settlement-by-city/agra (86.1% similar); https://www.settleloans.in/loan-settlement-by-city/ahmedabad (86.1% similar); https://www.settleloans.in/loan-settlement-by-city/aiims (86.1% similar) (+677 more)
https://www.settleloans.in/loan-settlement-by-city/rajouri,warning,Duplication,Duplicate Content Detected,683 similar pages: https://www.settleloans.in/loan-settlement-by-city/rajouri-garden (93.5% similar); https://www.settleloans.in/loan-settlement-by-city/abupur (86.1% similar); https://www.settleloans.in/loan-settlement-by-city/agartala (86.1% similar); https://www.settleloans.in/loan-settlement-by-city/agra (86.1% similar); https://www.settleloans.in/loan-settlement-by-city/ahmedabad (86.1% similar) (+678 more)
https://www.settleloans.in/loan-settlement-by-city/panaji,warning,Duplication,Duplicate Content Detected,682 similar pages: https://www.settleloans.in/loan-settlement-by-city/abupur (86.1% similar); https://www.settleloans.in/loan-settlement-by-city/agartala (86.1% similar); https://www.settleloans.in/loan-settlement-by-city/agra (86.1% similar); https://www.settleloans.in/loan-settlement-by-city/ahmedabad (86.1% similar); https://www.settleloans.in/loan-settlement-by-city/aiims (86.1% similar) (+677 more)
https://www.settleloans.in/loan-settlement-by-city/noida-sector-48,warning,Duplication,Duplicate Content Detected,183 similar pages: https://www.settleloans.in/loan-settlement-by-city/noida-sector-1 (89.9% similar); https://www.settleloans.in/loan-settlement-by-city/noida-sector-10 (89.9% similar); https://www.settleloans.in/loan-settlement-by-city/noida-sector-100 (89.9% similar); https://www.settleloans.in/loan-settlement-by-city/noida-sector-101 (89.9% similar); https://www.settleloans.in/loan-settlement-by-city/noida-sector-102 (89.9% similar) (+178 more)
https://www.settleloans.in/loan-settlement-by-city/malappuram,warning,Duplication,Duplicate Content Detected,682 similar pages: https://www.settleloans.in/loan-settlement-by-city/abupur (86.1% similar); https://www.settleloans.in/loan-settlement-by-city/agartala (86.1% similar); https://www.settleloans.in/loan-settlement-by-city/agra (86.1% similar); https://www.settleloans.in/loan-settlement-by-city/ahmedabad (86.1% similar); https://www.settleloans.in/loan-settlement-by-city/aiims (86.1% similar) (+677 more)
https://www.settleloans.in/loan-settlement-by-city/kanpur-nagar,warning,Duplication,Duplicate Content Detected,31 similar pages: https://www.settleloans.in/loan-settlement-by-city/kanpur (93.5% similar); https://www.settleloans.in/loan-settlement-by-city/adarsh-nagar (88.3% similar); https://www.settleloans.in/loan-settlement-by-city/ashok-nagar (88.3% similar); https://www.settleloans.in/loan-settlement-by-city/bharat-nagar (88.3% similar); https://www.settleloans.in/loan-settlement-by-city/chander-nagar (88.3% similar) (+26 more)
https://www.settleloans.in/loan-settlement-by-city/connaught-place,warning,Duplication,Duplicate Content Detected,3 similar pages: https://www.settleloans.in/loan-settlement-by-city/kirbi-place (88.3% similar); https://www.settleloans.in/loan-settlement-by-city/nehru-place (88.3% similar); https://www.settleloans.in/loan-settlement-by-city/rajendra-place (88.3% similar)
https://www.settleloans.in/loan-settlement-by-city/tikamgarh,warning,Duplication,Duplicate Content Detected,682 similar pages: https://www.settleloans.in/loan-settlement-by-city/abupur (86.1% similar); https://www.settleloans.in/loan-settlement-by-city/agartala (86.1% similar); https://www.settleloans.in/loan-settlement-by-city/agra (86.1% similar); https://www.settleloans.in/loan-settlement-by-city/ahmedabad (86.1% similar); https://www.settleloans.in/loan-settlement-by-city/aiims (86.1% similar) (+677 more)
https://www.settleloans.in/loan-settlement-by-city/dhemaji,warning,Duplication,Duplicate Content Detected,682 similar pages: https://www.settleloans.in/loan-settlement-by-city/abupur (86.1% similar); https://www.settleloans.in/loan-settlement-by-city/agartala (86.1% similar); https://www.settleloans.in/loan-settlement-by-city/agra (86.1% similar); https://www.settleloans.in/loan-settlement-by-city/ahmedabad (86.1% similar); https://www.settleloans.in/loan-settlement-by-city/aiims (86.1% similar) (+677 more)
https://www.settleloans.in/loan-settlement-by-city/wardha,warning,Duplication,Duplicate Content Detected,682 similar pages: https://www.settleloans.in/loan-settlement-by-city/abupur (86.1% similar); https://www.settleloans.in/loan-settlement-by-city/agartala (86.1% similar); https://www.settleloans.in/loan-settlement-by-city/agra (86.1% similar); https://www.settleloans.in/loan-settlement-by-city/ahmedabad (86.1% similar); https://www.settleloans.in/loan-settlement-by-city/aiims (86.1% similar) (+677 more)
https://www.settleloans.in/loan-settlement-by-city/noida-sector-46,warning,Duplication,Duplicate Content Detected,183 similar pages: https://www.settleloans.in/loan-settlement-by-city/noida-sector-1 (89.9% similar); https://www.settleloans.in/loan-settlement-by-city/noida-sector-10 (89.9% similar); https://www.settleloans.in/loan-settlement-by-city/noida-sector-100 (89.9% similar); https://www.settleloans.in/loan-settlement-by-city/noida-sector-101 (89.9% similar); https://www.settleloans.in/loan-settlement-by-city/noida-sector-102 (89.9% similar) (+178 more)
https://www.settleloans.in/loan-settlement-by-city/vaishali-sector-1,warning,Duplication,Duplicate Content Detected,29 similar pages: https://www.settleloans.in/loan-settlement-by-city/faridabad-sector-1 (89.9% similar); https://www.settleloans.in/loan-settlement-by-city/govindpuram-sector-1 (89.9% similar); https://www.settleloans.in/loan-settlement-by-city/gurugram-sector-1 (89.9% similar); https://www.settleloans.in/loan-settlement-by-city/nehrunagar-sector-1 (89.9% similar); https://www.settleloans.in/loan-settlement-by-city/noida-sector-1 (89.9% similar) (+24 more)
https://www.settleloans.in/loan-settlement-by-city/jamtara,warning,Duplication,Duplicate Content Detected,682 similar pages: https://www.settleloans.in/loan-settlement-by-city/abupur (86.1% similar); https://www.settleloans.in/loan-settlement-by-city/agartala (86.1% similar); https://www.settleloans.in/loan-settlement-by-city/agra (86.1% similar); https://www.settleloans.in/loan-settlement-by-city/ahmedabad (86.1% similar); https://www.settleloans.in/loan-settlement-by-city/aiims (86.1% similar) (+677 more)
https://www.settleloans.in/loan-settlement-by-city/nabarangpur,warning,Duplication,Duplicate Content Detected,682 similar pages: https://www.settleloans.in/loan-settlement-by-city/abupur (86.1% similar); https://www.settleloans.in/loan-settlement-by-city/agartala (86.1% similar); https://www.settleloans.in/loan-settlement-by-city/agra (86.1% similar); https://www.settleloans.in/loan-settlement-by-city/ahmedabad (86.1% similar); https://www.settleloans.in/loan-settlement-by-city/aiims (86.1% similar) (+677 more)
https://www.settleloans.in/loan-settlement-by-city/najafgarh-bus-stand,warning,Duplication,Duplicate Content Detected,5 similar pages: https://www.settleloans.in/loan-settlement-by-city/faridabad-bus-stand (89.9% similar); https://www.settleloans.in/loan-settlement-by-city/ghaziabad-bus-stand (89.9% similar); https://www.settleloans.in/loan-settlement-by-city/najafgarh (88.1% similar); https://www.settleloans.in/loan-settlement-by-city/ghaziabad-old-bus-stand (85.7% similar); https://www.settleloans.in/loan-settlement-by-city/vasant-kunj-bus-stand (85.7% similar)
https://www.settleloans.in/loan-settlement-by-city/kannauj,warning,Duplication,Duplicate Content Detected,682 similar pages: https://www.settleloans.in/loan-settlement-by-city/abupur (86.1% similar); https://www.settleloans.in/loan-settlement-by-city/agartala (86.1% similar); https://www.settleloans.in/loan-settlement-by-city/agra (86.1% similar); https://www.settleloans.in/loan-settlement-by-city/ahmedabad (86.1% similar); https://www.settleloans.in/loan-settlement-by-city/aiims (86.1% similar) (+677 more)
https://www.settleloans.in/loan-settlement-by-city/yamunanagar,warning,Duplication,Duplicate Content Detected,682 similar pages: https://www.settleloans.in/loan-settlement-by-city/abupur (86.1% similar); https://www.settleloans.in/loan-settlement-by-city/agartala (86.1% similar); https://www.settleloans.in/loan-settlement-by-city/agra (86.1% similar); https://www.settleloans.in/loan-settlement-by-city/ahmedabad (86.1% similar); https://www.settleloans.in/loan-settlement-by-city/aiims (86.1% similar) (+677 more)
https://www.settleloans.in/loan-settlement-by-city/azadpur,warning,Duplication,Duplicate Content Detected,682 similar pages: https://www.settleloans.in/loan-settlement-by-city/abupur (86.1% similar); https://www.settleloans.in/loan-settlement-by-city/agartala (86.1% similar); https://www.settleloans.in/loan-settlement-by-city/agra (86.1% similar); https://www.settleloans.in/loan-settlement-by-city/ahmedabad (86.1% similar); https://www.settleloans.in/loan-settlement-by-city/aiims (86.1% similar) (+677 more)
https://www.settleloans.in/loan-settlement-by-city/cuddalore,warning,Duplication,Duplicate Content Detected,682 similar pages: https://www.settleloans.in/loan-settlement-by-city/abupur (86.1% similar); https://www.settleloans.in/loan-settlement-by-city/agartala (86.1% similar); https://www.settleloans.in/loan-settlement-by-city/agra (86.1% similar); https://www.settleloans.in/loan-settlement-by-city/ahmedabad (86.1% similar); https://www.settleloans.in/loan-settlement-by-city/aiims (86.1% similar) (+677 more)
https://www.settleloans.in/loan-settlement-by-city/theni,warning,Duplication,Duplicate Content Detected,682 similar pages: https://www.settleloans.in/loan-settlement-by-city/abupur (86.1% similar); https://www.settleloans.in/loan-settlement-by-city/agartala (86.1% similar); https://www.settleloans.in/loan-settlement-by-city/agra (86.1% similar); https://www.settleloans.in/loan-settlement-by-city/ahmedabad (86.1% similar); https://www.settleloans.in/loan-settlement-by-city/aiims (86.1% similar) (+677 more)
https://www.settleloans.in/loan-settlement-by-city/sector-eta-1,warning,Duplication,Duplicate Content Detected,22 similar pages: https://www.settleloans.in/loan-settlement-by-city/faridabad-sector-1 (89.9% similar); https://www.settleloans.in/loan-settlement-by-city/govindpuram-sector-1 (89.9% similar); https://www.settleloans.in/loan-settlement-by-city/gurugram-sector-1 (89.9% similar); https://www.settleloans.in/loan-settlement-by-city/nehrunagar-sector-1 (89.9% similar); https://www.settleloans.in/loan-settlement-by-city/noida-sector-1 (89.9% similar) (+17 more)
https://www.settleloans.in/loan-settlement-by-city/greater-noida-sector-sigma-2,warning,Duplication,Duplicate Content Detected,12 similar pages: https://www.settleloans.in/loan-settlement-by-city/greater-noida-sector-alpha-2 (91.5% similar); https://www.settleloans.in/loan-settlement-by-city/greater-noida-sector-delta-2 (91.5% similar); https://www.settleloans.in/loan-settlement-by-city/greater-noida-sector-gamma-2 (91.5% similar); https://www.settleloans.in/loan-settlement-by-city/greater-noida-sector-omicron-2 (91.5% similar); https://www.settleloans.in/loan-settlement-by-city/greater-noida-sector-sigma-1 (91.5% similar) (+7 more)
https://www.settleloans.in/loan-settlement-by-city/morbi,warning,Duplication,Duplicate Content Detected,682 similar pages: https://www.settleloans.in/loan-settlement-by-city/abupur (86.1% similar); https://www.settleloans.in/loan-settlement-by-city/agartala (86.1% similar); https://www.settleloans.in/loan-settlement-by-city/agra (86.1% similar); https://www.settleloans.in/loan-settlement-by-city/ahmedabad (86.1% similar); https://www.settleloans.in/loan-settlement-by-city/aiims (86.1% similar) (+677 more)
https://www.settleloans.in/loan-settlement-by-city/neemuch,warning,Duplication,Duplicate Content Detected,682 similar pages: https://www.settleloans.in/loan-settlement-by-city/abupur (86.1% similar); https://www.settleloans.in/loan-settlement-by-city/agartala (86.1% similar); https://www.settleloans.in/loan-settlement-by-city/agra (86.1% similar); https://www.settleloans.in/loan-settlement-by-city/ahmedabad (86.1% similar); https://www.settleloans.in/loan-settlement-by-city/aiims (86.1% similar) (+677 more)
https://www.settleloans.in/loan-settlement-by-city/noida-sector-142,warning,Duplication,Duplicate Content Detected,183 similar pages: https://www.settleloans.in/loan-settlement-by-city/noida-sector-1 (89.9% similar); https://www.settleloans.in/loan-settlement-by-city/noida-sector-10 (89.9% similar); https://www.settleloans.in/loan-settlement-by-city/noida-sector-100 (89.9% similar); https://www.settleloans.in/loan-settlement-by-city/noida-sector-101 (89.9% similar); https://www.settleloans.in/loan-settlement-by-city/noida-sector-102 (89.9% similar) (+178 more)
https://www.settleloans.in/loan-settlement-by-city/firozpur,warning,Duplication,Duplicate Content Detected,682 similar pages: https://www.settleloans.in/loan-settlement-by-city/abupur (86.1% similar); https://www.settleloans.in/loan-settlement-by-city/agartala (86.1% similar); https://www.settleloans.in/loan-settlement-by-city/agra (86.1% similar); https://www.settleloans.in/loan-settlement-by-city/ahmedabad (86.1% similar); https://www.settleloans.in/loan-settlement-by-city/aiims (86.1% similar) (+677 more)
https://www.settleloans.in/loan-settlement-by-city/dharmapuri,warning,Duplication,Duplicate Content Detected,682 similar pages: https://www.settleloans.in/loan-settlement-by-city/abupur (86.1% similar); https://www.settleloans.in/loan-settlement-by-city/agartala (86.1% similar); https://www.settleloans.in/loan-settlement-by-city/agra (86.1% similar); https://www.settleloans.in/loan-settlement-by-city/ahmedabad (86.1% similar); https://www.settleloans.in/loan-settlement-by-city/aiims (86.1% similar) (+677 more)
https://www.settleloans.in/loan-settlement-by-city/lakshadweep,warning,Duplication,Duplicate Content Detected,682 similar pages: https://www.settleloans.in/loan-settlement-by-city/abupur (86.1% similar); https://www.settleloans.in/loan-settlement-by-city/agartala (86.1% similar); https://www.settleloans.in/loan-settlement-by-city/agra (86.1% similar); https://www.settleloans.in/loan-settlement-by-city/ahmedabad (86.1% similar); https://www.settleloans.in/loan-settlement-by-city/aiims (86.1% similar) (+677 more)
https://www.settleloans.in/loan-settlement-by-city/katihar,warning,Duplication,Duplicate Content Detected,682 similar pages: https://www.settleloans.in/loan-settlement-by-city/abupur (86.1% similar); https://www.settleloans.in/loan-settlement-by-city/agartala (86.1% similar); https://www.settleloans.in/loan-settlement-by-city/agra (86.1% similar); https://www.settleloans.in/loan-settlement-by-city/ahmedabad (86.1% similar); https://www.settleloans.in/loan-settlement-by-city/aiims (86.1% similar) (+677 more)
https://www.settleloans.in/loan-settlement-by-city/bhajanpura,warning,Duplication,Duplicate Content Detected,682 similar pages: https://www.settleloans.in/loan-settlement-by-city/abupur (86.1% similar); https://www.settleloans.in/loan-settlement-by-city/agartala (86.1% similar); https://www.settleloans.in/loan-settlement-by-city/agra (86.1% similar); https://www.settleloans.in/loan-settlement-by-city/ahmedabad (86.1% similar); https://www.settleloans.in/loan-settlement-by-city/aiims (86.1% similar) (+677 more)
https://www.settleloans.in/loan-settlement-by-city/noida-extension-sector-12,warning,Duplication,Duplicate Content Detected,185 similar pages: https://www.settleloans.in/loan-settlement-by-city/noida-sector-12 (95.2% similar); https://www.settleloans.in/loan-settlement-by-city/noida-extension-sector-1 (91.1% similar); https://www.settleloans.in/loan-settlement-by-city/noida-extension-sector-10 (91.1% similar); https://www.settleloans.in/loan-settlement-by-city/noida-extension-sector-16 (91.1% similar); https://www.settleloans.in/loan-settlement-by-city/noida-extension-sector-16b (91.1% similar) (+180 more)
https://www.settleloans.in/loan-settlement-by-city/rajouri-garden,warning,Duplication,Duplicate Content Detected,4 similar pages: https://www.settleloans.in/loan-settlement-by-city/rajouri (93.5% similar); https://www.settleloans.in/loan-settlement-by-city/dilshad-garden (88.3% similar); https://www.settleloans.in/loan-settlement-by-city/raja-garden (88.3% similar); https://www.settleloans.in/loan-settlement-by-city/tagore-garden (88.3% similar)
https://www.settleloans.in/loan-settlement-by-city/sector-4-vasundhara,warning,Duplication,Duplicate Content Detected,38 similar pages: https://www.settleloans.in/loan-settlement-by-city/vasundhara-sector-4 (100.0% similar); https://www.settleloans.in/loan-settlement-by-city/faridabad-sector-4 (89.9% similar); https://www.settleloans.in/loan-settlement-by-city/govindpuram-sector-4 (89.9% similar); https://www.settleloans.in/loan-settlement-by-city/gurugram-sector-4 (89.9% similar); https://www.settleloans.in/loan-settlement-by-city/noida-sector-4 (89.9% similar) (+33 more)
https://www.settleloans.in/loan-settlement-by-city/karnataka,warning,Duplication,Duplicate Content Detected,682 similar pages: https://www.settleloans.in/loan-settlement-by-city/abupur (86.1% similar); https://www.settleloans.in/loan-settlement-by-city/agartala (86.1% similar); https://www.settleloans.in/loan-settlement-by-city/agra (86.1% similar); https://www.settleloans.in/loan-settlement-by-city/ahmedabad (86.1% similar); https://www.settleloans.in/loan-settlement-by-city/aiims (86.1% similar) (+677 more)
https://www.settleloans.in/loan-settlement-by-city/mandawali-fazalpur,warning,Duplication,Duplicate Content Detected,1 similar page: https://www.settleloans.in/loan-settlement-by-city/mandawali-metro (88.3% similar)
https://www.settleloans.in/loan-settlement-by-city/muradnagar-main-market,warning,Duplication,Duplicate Content Detected,1 similar page: https://www.settleloans.in/loan-settlement-by-city/muradnagar (88.1% similar)
https://www.settleloans.in/loan-settlement-by-city/loni-tronica-city,warning,Duplication,Duplicate Content Detected,6 similar pages: https://www.settleloans.in/loan-settlement-by-city/loni (88.1% similar); https://www.settleloans.in/loan-settlement-by-city/tronica-city-sector-a (85.7% similar); https://www.settleloans.in/loan-settlement-by-city/tronica-city-sector-b (85.7% similar); https://www.settleloans.in/loan-settlement-by-city/tronica-city-sector-c (85.7% similar); https://www.settleloans.in/loan-settlement-by-city/tronica-city-sector-d (85.7% similar) (+1 more)
https://www.settleloans.in/loan-settlement-by-city/shankar-vihar,warning,Duplication,Duplicate Content Detected,16 similar pages: https://www.settleloans.in/loan-settlement-by-city/ashok-vihar (88.3% similar); https://www.settleloans.in/loan-settlement-by-city/brij-vihar (88.3% similar); https://www.settleloans.in/loan-settlement-by-city/jasola-vihar (88.3% similar); https://www.settleloans.in/loan-settlement-by-city/naraina-vihar (88.3% similar); https://www.settleloans.in/loan-settlement-by-city/narayana-vihar (88.3% similar) (+11 more)
https://www.settleloans.in/loan-settlement-by-city/rayagada,warning,Duplication,Duplicate Content Detected,682 similar pages: https://www.settleloans.in/loan-settlement-by-city/abupur (86.1% similar); https://www.settleloans.in/loan-settlement-by-city/agartala (86.1% similar); https://www.settleloans.in/loan-settlement-by-city/agra (86.1% similar); https://www.settleloans.in/loan-settlement-by-city/ahmedabad (86.1% similar); https://www.settleloans.in/loan-settlement-by-city/aiims (86.1% similar) (+677 more)
https://www.settleloans.in/loan-settlement-by-city/wave-city-sector-1,warning,Duplication,Duplicate Content Detected,23 similar pages: https://www.settleloans.in/loan-settlement-by-city/wave-city-sector-2 (91.1% similar); https://www.settleloans.in/loan-settlement-by-city/wave-city-sector-3 (91.1% similar); https://www.settleloans.in/loan-settlement-by-city/wave-city-sector-4 (91.1% similar); https://www.settleloans.in/loan-settlement-by-city/wave-city-sector-5 (91.1% similar); https://www.settleloans.in/loan-settlement-by-city/wave-city-sector-6 (91.1% similar) (+18 more)
https://www.settleloans.in/loan-settlement-by-city/greater-noida-sector-delta-2,warning,Duplication,Duplicate Content Detected,12 similar pages: https://www.settleloans.in/loan-settlement-by-city/greater-noida-sector-alpha-2 (91.5% similar); https://www.settleloans.in/loan-settlement-by-city/greater-noida-sector-delta-1 (91.5% similar); https://www.settleloans.in/loan-settlement-by-city/greater-noida-sector-delta-3 (91.5% similar); https://www.settleloans.in/loan-settlement-by-city/greater-noida-sector-delta-4 (91.5% similar); https://www.settleloans.in/loan-settlement-by-city/greater-noida-sector-gamma-2 (91.5% similar) (+7 more)
https://www.settleloans.in/loan-settlement-by-city/niti-khand-3,warning,Duplication,Duplicate Content Detected,9 similar pages: https://www.settleloans.in/loan-settlement-by-city/abhay-khand-3 (89.9% similar); https://www.settleloans.in/loan-settlement-by-city/gyan-khand-3 (89.9% similar); https://www.settleloans.in/loan-settlement-by-city/niti-khand-1 (89.9% similar); https://www.settleloans.in/loan-settlement-by-city/niti-khand-2 (89.9% similar); https://www.settleloans.in/loan-settlement-by-city/niti-khand-4 (89.9% similar) (+4 more)
https://www.settleloans.in/loan-settlement-by-city/mahoba,warning,Duplication,Duplicate Content Detected,682 similar pages: https://www.settleloans.in/loan-settlement-by-city/abupur (86.1% similar); https://www.settleloans.in/loan-settlement-by-city/agartala (86.1% similar); https://www.settleloans.in/loan-settlement-by-city/agra (86.1% similar); https://www.settleloans.in/loan-settlement-by-city/ahmedabad (86.1% similar); https://www.settleloans.in/loan-settlement-by-city/aiims (86.1% similar) (+677 more)
https://www.settleloans.in/loan-settlement-by-city/gajapati,warning,Duplication,Duplicate Content Detected,682 similar pages: https://www.settleloans.in/loan-settlement-by-city/abupur (86.1% similar); https://www.settleloans.in/loan-settlement-by-city/agartala (86.1% similar); https://www.settleloans.in/loan-settlement-by-city/agra (86.1% similar); https://www.settleloans.in/loan-settlement-by-city/ahmedabad (86.1% similar); https://www.settleloans.in/loan-settlement-by-city/aiims (86.1% similar) (+677 more)
https://www.settleloans.in/loan-settlement-by-city/faridabad-sector-14,warning,Duplication,Duplicate Content Detected,45 similar pages: https://www.settleloans.in/loan-settlement-by-city/dwarka-sector-14 (89.9% similar); https://www.settleloans.in/loan-settlement-by-city/faridabad-sector-1 (89.9% similar); https://www.settleloans.in/loan-settlement-by-city/faridabad-sector-10 (89.9% similar); https://www.settleloans.in/loan-settlement-by-city/faridabad-sector-11 (89.9% similar); https://www.settleloans.in/loan-settlement-by-city/faridabad-sector-12 (89.9% similar) (+40 more)
https://www.settleloans.in/loan-settlement-by-city/chhatarpur,warning,Duplication,Duplicate Content Detected,682 similar pages: https://www.settleloans.in/loan-settlement-by-city/abupur (86.1% similar); https://www.settleloans.in/loan-settlement-by-city/agartala (86.1% similar); https://www.settleloans.in/loan-settlement-by-city/agra (86.1% similar); https://www.settleloans.in/loan-settlement-by-city/ahmedabad (86.1% similar); https://www.settleloans.in/loan-settlement-by-city/aiims (86.1% similar) (+677 more)
https://www.settleloans.in/loan-settlement-by-city/gurugram-sector-5,warning,Duplication,Duplicate Content Detected,58 similar pages: https://www.settleloans.in/loan-settlement-by-city/faridabad-sector-5 (89.9% similar); https://www.settleloans.in/loan-settlement-by-city/govindpuram-sector-5 (89.9% similar); https://www.settleloans.in/loan-settlement-by-city/gurugram-sector-1 (89.9% similar); https://www.settleloans.in/loan-settlement-by-city/gurugram-sector-10 (89.9% similar); https://www.settleloans.in/loan-settlement-by-city/gurugram-sector-10a (89.9% similar) (+53 more)
https://www.settleloans.in/loan-settlement-by-city/vaishali-sector-7,warning,Duplication,Duplicate Content Detected,18 similar pages: https://www.settleloans.in/loan-settlement-by-city/faridabad-sector-7 (89.9% similar); https://www.settleloans.in/loan-settlement-by-city/govindpuram-sector-7 (89.9% similar); https://www.settleloans.in/loan-settlement-by-city/gurugram-sector-7 (89.9% similar); https://www.settleloans.in/loan-settlement-by-city/noida-sector-7 (89.9% similar); https://www.settleloans.in/loan-settlement-by-city/rohini-sector-7 (89.9% similar) (+13 more)
https://www.settleloans.in/loan-settlement-by-city/chitrakoot,warning,Duplication,Duplicate Content Detected,682 similar pages: https://www.settleloans.in/loan-settlement-by-city/abupur (86.1% similar); https://www.settleloans.in/loan-settlement-by-city/agartala (86.1% similar); https://www.settleloans.in/loan-settlement-by-city/agra (86.1% similar); https://www.settleloans.in/loan-settlement-by-city/ahmedabad (86.1% similar); https://www.settleloans.in/loan-settlement-by-city/aiims (86.1% similar) (+677 more)
https://www.settleloans.in/loan-settlement-by-city/kalindi-kunj,warning,Duplication,Duplicate Content Detected,1 similar page: https://www.settleloans.in/loan-settlement-by-city/vasant-kunj (88.3% similar)
https://www.settleloans.in/loan-settlement-by-city/raj-nagar-sector-7,warning,Duplication,Duplicate Content Detected,16 similar pages: https://www.settleloans.in/loan-settlement-by-city/raj-nagar-sector-1 (91.1% similar); https://www.settleloans.in/loan-settlement-by-city/raj-nagar-sector-2 (91.1% similar); https://www.settleloans.in/loan-settlement-by-city/raj-nagar-sector-3 (91.1% similar); https://www.settleloans.in/loan-settlement-by-city/raj-nagar-sector-4 (91.1% similar); https://www.settleloans.in/loan-settlement-by-city/raj-nagar-sector-5 (91.1% similar) (+11 more)
https://www.settleloans.in/loan-settlement-by-city/thiruvallur,warning,Duplication,Duplicate Content Detected,682 similar pages: https://www.settleloans.in/loan-settlement-by-city/abupur (86.1% similar); https://www.settleloans.in/loan-settlement-by-city/agartala (86.1% similar); https://www.settleloans.in/loan-settlement-by-city/agra (86.1% similar); https://www.settleloans.in/loan-settlement-by-city/ahmedabad (86.1% similar); https://www.settleloans.in/loan-settlement-by-city/aiims (86.1% similar) (+677 more)
https://www.settleloans.in/loan-settlement-by-city/greater-noida-sector-zeta-2,warning,Duplication,Duplicate Content Detected,11 similar pages: https://www.settleloans.in/loan-settlement-by-city/greater-noida-sector-beta-2 (92.0% similar); https://www.settleloans.in/loan-settlement-by-city/greater-noida-sector-pi-2 (92.0% similar); https://www.settleloans.in/loan-settlement-by-city/greater-noida-sector-tau-2 (92.0% similar); https://www.settleloans.in/loan-settlement-by-city/greater-noida-sector-zeta-1 (92.0% similar); https://www.settleloans.in/loan-settlement-by-city/noida-sector-2 (90.9% similar) (+6 more)
https://www.settleloans.in/loan-settlement-by-city/greater-noida-sector-delta-3,warning,Duplication,Duplicate Content Detected,6 similar pages: https://www.settleloans.in/loan-settlement-by-city/greater-noida-sector-delta-1 (91.5% similar); https://www.settleloans.in/loan-settlement-by-city/greater-noida-sector-delta-2 (91.5% similar); https://www.settleloans.in/loan-settlement-by-city/greater-noida-sector-delta-4 (91.5% similar); https://www.settleloans.in/loan-settlement-by-city/greater-noida-sector-omicron-3 (91.5% similar); https://www.settleloans.in/loan-settlement-by-city/greater-noida-sector-sigma-3 (91.5% similar) (+1 more)
https://www.settleloans.in/loan-settlement-by-city/haveri,warning,Duplication,Duplicate Content Detected,682 similar pages: https://www.settleloans.in/loan-settlement-by-city/abupur (86.1% similar); https://www.settleloans.in/loan-settlement-by-city/agartala (86.1% similar); https://www.settleloans.in/loan-settlement-by-city/agra (86.1% similar); https://www.settleloans.in/loan-settlement-by-city/ahmedabad (86.1% similar); https://www.settleloans.in/loan-settlement-by-city/aiims (86.1% similar) (+677 more)
https://www.settleloans.in/loan-settlement-by-city/sanjay-nagar-sector-1,warning,Duplication,Duplicate Content Detected,21 similar pages: https://www.settleloans.in/loan-settlement-by-city/raj-nagar-sector-1 (91.1% similar); https://www.settleloans.in/loan-settlement-by-city/sanjay-nagar-sector-2 (91.1% similar); https://www.settleloans.in/loan-settlement-by-city/sanjay-nagar-sector-3 (91.1% similar); https://www.settleloans.in/loan-settlement-by-city/sanjay-nagar-sector-4 (91.1% similar); https://www.settleloans.in/loan-settlement-by-city/sanjay-nagar-sector-5 (91.1% similar) (+16 more)
https://www.settleloans.in/loan-settlement-by-city/raisen,warning,Duplication,Duplicate Content Detected,682 similar pages: https://www.settleloans.in/loan-settlement-by-city/abupur (86.1% similar); https://www.settleloans.in/loan-settlement-by-city/agartala (86.1% similar); https://www.settleloans.in/loan-settlement-by-city/agra (86.1% similar); https://www.settleloans.in/loan-settlement-by-city/ahmedabad (86.1% similar); https://www.settleloans.in/loan-settlement-by-city/aiims (86.1% similar) (+677 more)
https://www.settleloans.in/loan-settlement-by-city/dadra-and-nagar-haveli,warning,Duplication,Duplicate Content Detected,1 similar page: https://www.settleloans.in/loan-settlement-by-city/dadra-and-nagar-haveli-and-daman-and-diu (85.0% similar)
https://www.settleloans.in/loan-settlement-by-city/akshardham-temple,warning,Duplication,Duplicate Content Detected,1 similar page: https://www.settleloans.in/loan-settlement-by-city/chhattarpur-temple (88.3% similar)
https://www.settleloans.in/loan-settlement-by-city/kendrapara,warning,Duplication,Duplicate Content Detected,682 similar pages: https://www.settleloans.in/loan-settlement-by-city/abupur (86.1% similar); https://www.settleloans.in/loan-settlement-by-city/agartala (86.1% similar); https://www.settleloans.in/loan-settlement-by-city/agra (86.1% similar); https://www.settleloans.in/loan-settlement-by-city/ahmedabad (86.1% similar); https://www.settleloans.in/loan-settlement-by-city/aiims (86.1% similar) (+677 more)
https://www.settleloans.in/loan-settlement-by-city/karol-bagh,warning,Duplication,Duplicate Content Detected,4 similar pages: https://www.settleloans.in/loan-settlement-by-city/moti-bagh (88.3% similar); https://www.settleloans.in/loan-settlement-by-city/punjabi-bagh (88.3% similar); https://www.settleloans.in/loan-settlement-by-city/shaheen-bagh (88.3% similar); https://www.settleloans.in/loan-settlement-by-city/shalimar-bagh (88.3% similar)
https://www.settleloans.in/loan-settlement-by-city/bhojpur,warning,Duplication,Duplicate Content Detected,682 similar pages: https://www.settleloans.in/loan-settlement-by-city/abupur (86.1% similar); https://www.settleloans.in/loan-settlement-by-city/agartala (86.1% similar); https://www.settleloans.in/loan-settlement-by-city/agra (86.1% similar); https://www.settleloans.in/loan-settlement-by-city/ahmedabad (86.1% similar); https://www.settleloans.in/loan-settlement-by-city/aiims (86.1% similar) (+677 more)
https://www.settleloans.in/loan-settlement-by-city/pratapgarh,warning,Duplication,Duplicate Content Detected,682 similar pages: https://www.settleloans.in/loan-settlement-by-city/abupur (86.1% similar); https://www.settleloans.in/loan-settlement-by-city/agartala (86.1% similar); https://www.settleloans.in/loan-settlement-by-city/agra (86.1% similar); https://www.settleloans.in/loan-settlement-by-city/ahmedabad (86.1% similar); https://www.settleloans.in/loan-settlement-by-city/aiims (86.1% similar) (+677 more)
https://www.settleloans.in/loan-settlement-by-city/noida-sector-74,warning,Duplication,Duplicate Content Detected,183 similar pages: https://www.settleloans.in/loan-settlement-by-city/noida-sector-1 (89.9% similar); https://www.settleloans.in/loan-settlement-by-city/noida-sector-10 (89.9% similar); https://www.settleloans.in/loan-settlement-by-city/noida-sector-100 (89.9% similar); https://www.settleloans.in/loan-settlement-by-city/noida-sector-101 (89.9% similar); https://www.settleloans.in/loan-settlement-by-city/noida-sector-102 (89.9% similar) (+178 more)
https://www.settleloans.in/loan-settlement-by-city/sector-omicron-1a,warning,Duplication,Duplicate Content Detected,3 similar pages: https://www.settleloans.in/loan-settlement-by-city/sector-omicron-2a (89.9% similar); https://www.settleloans.in/loan-settlement-by-city/sector-omicron-3a (89.9% similar); https://www.settleloans.in/loan-settlement-by-city/sector-omicron-4 (89.9% similar)
https://www.settleloans.in/loan-settlement-by-city/gurugram-sector-6,warning,Duplication,Duplicate Content Detected,57 similar pages: https://www.settleloans.in/loan-settlement-by-city/faridabad-sector-6 (89.9% similar); https://www.settleloans.in/loan-settlement-by-city/govindpuram-sector-6 (89.9% similar); https://www.settleloans.in/loan-settlement-by-city/gurugram-sector-1 (89.9% similar); https://www.settleloans.in/loan-settlement-by-city/gurugram-sector-10 (89.9% similar); https://www.settleloans.in/loan-settlement-by-city/gurugram-sector-10a (89.9% similar) (+52 more)
https://www.settleloans.in/loan-settlement-by-city/faridabad-sector-21a,warning,Duplication,Duplicate Content Detected,40 similar pages: https://www.settleloans.in/loan-settlement-by-city/faridabad-sector-1 (89.9% similar); https://www.settleloans.in/loan-settlement-by-city/faridabad-sector-10 (89.9% similar); https://www.settleloans.in/loan-settlement-by-city/faridabad-sector-11 (89.9% similar); https://www.settleloans.in/loan-settlement-by-city/faridabad-sector-12 (89.9% similar); https://www.settleloans.in/loan-settlement-by-city/faridabad-sector-13 (89.9% similar) (+35 more)
https://www.settleloans.in/loan-settlement-by-city/andhra-pradesh,warning,Duplication,Duplicate Content Detected,4 similar pages: https://www.settleloans.in/loan-settlement-by-city/arunachal-pradesh (88.3% similar); https://www.settleloans.in/loan-settlement-by-city/himachal-pradesh (88.3% similar); https://www.settleloans.in/loan-settlement-by-city/madhya-pradesh (88.3% similar); https://www.settleloans.in/loan-settlement-by-city/uttar-pradesh (88.3% similar)
https://www.settleloans.in/loan-settlement-by-city/west-godavari,warning,Duplication,Duplicate Content Detected,10 similar pages: https://www.settleloans.in/loan-settlement-by-city/east-godavari (88.3% similar); https://www.settleloans.in/loan-settlement-by-city/imphal-west (88.3% similar); https://www.settleloans.in/loan-settlement-by-city/rohini-west (88.3% similar); https://www.settleloans.in/loan-settlement-by-city/west-bengal (88.3% similar); https://www.settleloans.in/loan-settlement-by-city/west-champaran (88.3% similar) (+5 more)
https://www.settleloans.in/loan-settlement-by-city/banaras,warning,Duplication,Duplicate Content Detected,682 similar pages: https://www.settleloans.in/loan-settlement-by-city/abupur (86.1% similar); https://www.settleloans.in/loan-settlement-by-city/agartala (86.1% similar); https://www.settleloans.in/loan-settlement-by-city/agra (86.1% similar); https://www.settleloans.in/loan-settlement-by-city/ahmedabad (86.1% similar); https://www.settleloans.in/loan-settlement-by-city/aiims (86.1% similar) (+677 more)
https://www.settleloans.in/loan-settlement-by-city/rohini-sector-18,warning,Duplication,Duplicate Content Detected,10 similar pages: https://www.settleloans.in/loan-settlement-by-city/faridabad-sector-18 (89.9% similar); https://www.settleloans.in/loan-settlement-by-city/gurugram-sector-18 (89.9% similar); https://www.settleloans.in/loan-settlement-by-city/noida-sector-18 (89.9% similar); https://www.settleloans.in/loan-settlement-by-city/rohini-sector-11 (89.9% similar); https://www.settleloans.in/loan-settlement-by-city/rohini-sector-13 (89.9% similar) (+5 more)
https://www.settleloans.in/loan-settlement-by-city/rahanpur,warning,Duplication,Duplicate Content Detected,682 similar pages: https://www.settleloans.in/loan-settlement-by-city/abupur (86.1% similar); https://www.settleloans.in/loan-settlement-by-city/agartala (86.1% similar); https://www.settleloans.in/loan-settlement-by-city/agra (86.1% similar); https://www.settleloans.in/loan-settlement-by-city/ahmedabad (86.1% similar); https://www.settleloans.in/loan-settlement-by-city/aiims (86.1% similar) (+677 more)
https://www.settleloans.in/loan-settlement-by-city/noida-sector-81,warning,Duplication,Duplicate Content Detected,183 similar pages: https://www.settleloans.in/loan-settlement-by-city/noida-sector-1 (89.9% similar); https://www.settleloans.in/loan-settlement-by-city/noida-sector-10 (89.9% similar); https://www.settleloans.in/loan-settlement-by-city/noida-sector-100 (89.9% similar); https://www.settleloans.in/loan-settlement-by-city/noida-sector-101 (89.9% similar); https://www.settleloans.in/loan-settlement-by-city/noida-sector-102 (89.9% similar) (+178 more)
https://www.settleloans.in/loan-settlement-by-city/noida-sector-143a,warning,Duplication,Duplicate Content Detected,183 similar pages: https://www.settleloans.in/loan-settlement-by-city/noida-sector-1 (89.9% similar); https://www.settleloans.in/loan-settlement-by-city/noida-sector-10 (89.9% similar); https://www.settleloans.in/loan-settlement-by-city/noida-sector-100 (89.9% similar); https://www.settleloans.in/loan-settlement-by-city/noida-sector-101 (89.9% similar); https://www.settleloans.in/loan-settlement-by-city/noida-sector-102 (89.9% similar) (+178 more)
https://www.settleloans.in/loan-settlement-by-city/preet-vihar-metro,warning,Duplication,Duplicate Content Detected,2 similar pages: https://www.settleloans.in/loan-settlement-by-city/preet-vihar (94.5% similar); https://www.settleloans.in/loan-settlement-by-city/nirman-vihar-metro (89.9% similar)
https://www.settleloans.in/loan-settlement-by-city/sector-8-vasundhara,warning,Duplication,Duplicate Content Detected,31 similar pages: https://www.settleloans.in/loan-settlement-by-city/vasundhara-sector-8 (100.0% similar); https://www.settleloans.in/loan-settlement-by-city/faridabad-sector-8 (89.9% similar); https://www.settleloans.in/loan-settlement-by-city/govindpuram-sector-8 (89.9% similar); https://www.settleloans.in/loan-settlement-by-city/gurugram-sector-8 (89.9% similar); https://www.settleloans.in/loan-settlement-by-city/noida-sector-8 (89.9% similar) (+26 more)
https://www.settleloans.in/npa-classification,warning,Duplication,Duplicate Content Detected,"4 similar pages: https://www.settleloans.in/guides/what-is-npa (identical title, description and H1); https://www.settleloans.in/loan-npa-status (identical title, description and H1); https://www.settleloans.in/npa-account-regularisation (identical title, description and H1); https://www.settleloans.in/npa-account-rules (identical title, description and H1)"
https://www.settleloans.in/npa-account-regularisation,warning,Duplication,Duplicate Content Detected,"4 similar pages: https://www.settleloans.in/guides/what-is-npa (identical title, description and H1); https://www.settleloans.in/loan-npa-status (identical title, description and H1); https://www.settleloans.in/npa-account-rules (identical title, description and H1); https://www.settleloans.in/npa-classification (identical title, description and H1)"
https://www.settleloans.in/npa-account-rules,warning,Duplication,Duplicate Content Detected,"4 similar pages: https://www.settleloans.in/guides/what-is-npa (identical title, description and H1); https://www.settleloans.in/loan-npa-status (identical title, description and H1); https://www.settleloans.in/npa-account-regularisation (identical title, description and H1); https://www.settleloans.in/npa-classification (identical title, description and H1)"
https://www.settleloans.in/guides/what-is-npa,warning,Duplication,Duplicate Content Detected,"4 similar pages: https://www.settleloans.in/loan-npa-status (identical title, description and H1); https://www.settleloans.in/npa-account-regularisation (identical title, description and H1); https://www.settleloans.in/npa-account-rules (identical title, description and H1); https://www.settleloans.in/npa-classification (identical title, description and H1)"
https://www.settleloans.in/loan-npa-status,warning,Duplication,Duplicate Content Detected,"4 similar pages: https://www.settleloans.in/guides/what-is-npa (identical title, description and H1); https://www.settleloans.in/npa-account-regularisation (identical title, description and H1); https://www.settleloans.in/npa-account-rules (identical title, description and H1); https://www.settleloans.in/npa-classification (identical title, description and H1)"
